Production_zone,Consumption_zone,poe
1,271,3634
2,271,3634
3,271,3634
4,271,3634
5,271,3634
6,271,3634
7,271,3634
8,271,3634
9,271,3634
10,271,3634
11,271,3634
12,271,3634
13,271,3634
14,271,3634
15,271,3634
16,271,3634
17,271,3634
18,271,3634
19,271,3634
20,271,3634
21,271,3634
22,271,3634
23,271,3634
24,271,3634
25,271,3634
26,271,3634
27,271,3634
28,271,3634
29,271,3634
30,271,3634
31,271,3634
32,271,3634
33,271,3634
34,271,3634
35,271,3634
36,271,3634
37,271,3634
38,271,3634
39,271,3634
40,271,3634
41,271,3634
42,271,3634
43,271,3634
44,271,3634
45,271,3634
46,271,3634
47,271,3634
48,271,3634
49,271,3634
50,271,3634
51,271,3634
52,271,3634
53,271,3634
54,271,3634
55,271,3634
56,271,3634
57,271,3634
58,271,3634
59,271,3634
60,271,3634
61,271,3634
62,271,3634
63,271,3634
64,271,3634
65,271,3634
66,271,3634
67,271,3634
68,271,3634
69,271,3634
70,271,3634
71,271,3634
72,271,3634
73,271,3634
74,271,3634
75,271,3634
76,271,3634
77,271,3634
78,271,3634
79,271,3634
80,271,3634
81,271,3634
82,271,3634
83,271,3634
84,271,3634
85,271,3634
86,271,3634
87,271,3634
88,271,3634
89,271,3634
90,271,3634
91,271,3634
92,271,3634
93,271,3634
94,271,3634
95,271,3634
96,271,3634
97,271,3634
98,271,3634
99,271,3634
100,271,3634
101,271,3634
102,271,3634
103,271,3634
104,271,3634
105,271,3634
106,271,3634
107,271,3634
108,271,3634
109,271,3634
110,271,3634
111,271,3634
112,271,3634
113,271,3634
114,271,3634
115,271,3634
116,271,3634
117,271,3634
118,271,3634
119,271,3634
120,271,3634
121,271,3634
122,271,3634
123,271,3634
124,271,3634
125,271,3634
126,271,3634
127,271,3634
128,271,3634
129,271,3634
130,271,3634
131,271,3634
132,271,3634
133,271,3634
134,271,3634
135,271,3634
136,271,3634
137,271,3634
138,271,3634
139,271,3634
141,271,3634
142,271,3634
144,271,3634
145,271,3634
146,271,3634
147,271,3634
148,271,3634
149,271,3634
150,271,3634
271,1,3634
271,2,3634
271,3,3634
271,4,3634
271,5,3634
271,6,3634
271,7,3634
271,8,3634
271,9,3634
271,10,3634
271,11,3634
271,12,3634
271,13,3634
271,14,3634
271,15,3634
271,16,3634
271,17,3634
271,18,3634
271,19,3634
271,20,3634
271,21,3634
271,22,3634
271,23,3634
271,24,3634
271,25,3634
271,26,3634
271,27,3634
271,28,3634
271,29,3634
271,30,3634
271,31,3634
271,32,3634
271,33,3634
271,34,3634
271,35,3634
271,36,3634
271,37,3634
271,38,3634
271,39,3634
271,40,3634
271,41,3634
271,42,3634
271,43,3634
271,44,3634
271,45,3634
271,46,3634
271,47,3634
271,48,3634
271,49,3634
271,50,3634
271,51,3634
271,52,3634
271,53,3634
271,54,3634
271,55,3634
271,56,3634
271,57,3634
271,58,3634
271,59,3634
271,60,3634
271,61,3634
271,62,3634
271,63,3634
271,64,3634
271,65,3634
271,66,3634
271,67,3634
271,68,3634
271,69,3634
271,70,3634
271,71,3634
271,72,3634
271,73,3634
271,74,3634
271,75,3634
271,76,3634
271,77,3634
271,78,3634
271,79,3634
271,80,3634
271,81,3634
271,82,3634
271,83,3634
271,84,3634
271,85,3634
271,86,3634
271,87,3634
271,88,3634
271,89,3634
271,90,3634
271,91,3634
271,92,3634
271,93,3634
271,94,3634
271,95,3634
271,96,3634
271,97,3634
271,98,3634
271,99,3634
271,100,3634
271,101,3634
271,102,3634
271,103,3634
271,104,3634
271,105,3634
271,106,3634
271,107,3634
271,108,3634
271,109,3634
271,110,3634
271,111,3634
271,112,3634
271,113,3634
271,114,3634
271,115,3634
271,116,3634
271,117,3634
271,118,3634
271,119,3634
271,120,3634
271,121,3634
271,122,3634
271,123,3634
271,124,3634
271,125,3634
271,126,3634
271,127,3634
271,128,3634
271,129,3634
271,130,3634
271,131,3634
271,132,3634
271,133,3634
271,134,3634
271,135,3634
271,136,3634
271,137,3634
271,138,3634
271,139,3634
271,141,3634
271,142,3634
271,144,3634
271,145,3634
271,146,3634
271,147,3634
271,148,3634
271,149,3634
271,150,3634
1,154,3636
1,206,3636
1,207,3636
1,212,3636
1,230,3636
1,239,3636
1,248,3636
1,268,3636
1,269,3636
1,272,3636
1,310,3636
2,154,3636
2,206,3636
2,207,3636
2,212,3636
2,230,3636
2,239,3636
2,248,3636
2,268,3636
2,269,3636
2,272,3636
2,310,3636
3,154,3636
3,206,3636
3,207,3636
3,212,3636
3,230,3636
3,239,3636
3,248,3636
3,268,3636
3,269,3636
3,272,3636
3,310,3636
4,154,3636
4,206,3636
4,207,3636
4,212,3636
4,230,3636
4,239,3636
4,248,3636
4,268,3636
4,269,3636
4,272,3636
4,310,3636
5,154,3636
5,206,3636
5,207,3636
5,212,3636
5,230,3636
5,239,3636
5,248,3636
5,268,3636
5,269,3636
5,272,3636
5,310,3636
6,154,3636
6,206,3636
6,207,3636
6,212,3636
6,230,3636
6,239,3636
6,248,3636
6,268,3636
6,269,3636
6,272,3636
6,310,3636
7,154,3636
7,206,3636
7,207,3636
7,212,3636
7,230,3636
7,239,3636
7,248,3636
7,268,3636
7,269,3636
7,272,3636
7,310,3636
8,154,3636
8,206,3636
8,207,3636
8,212,3636
8,230,3636
8,239,3636
8,248,3636
8,268,3636
8,269,3636
8,272,3636
8,310,3636
9,154,3636
9,206,3636
9,207,3636
9,212,3636
9,230,3636
9,239,3636
9,248,3636
9,268,3636
9,269,3636
9,272,3636
9,310,3636
10,154,3636
10,206,3636
10,207,3636
10,212,3636
10,230,3636
10,239,3636
10,248,3636
10,268,3636
10,269,3636
10,272,3636
10,310,3636
11,154,3636
11,206,3636
11,207,3636
11,212,3636
11,230,3636
11,239,3636
11,248,3636
11,268,3636
11,269,3636
11,272,3636
11,310,3636
12,154,3636
12,206,3636
12,207,3636
12,212,3636
12,230,3636
12,239,3636
12,248,3636
12,268,3636
12,269,3636
12,272,3636
12,310,3636
13,154,3636
13,206,3636
13,207,3636
13,212,3636
13,230,3636
13,239,3636
13,248,3636
13,268,3636
13,269,3636
13,272,3636
13,310,3636
14,154,3636
14,206,3636
14,207,3636
14,212,3636
14,230,3636
14,239,3636
14,248,3636
14,268,3636
14,269,3636
14,272,3636
14,310,3636
15,154,3636
15,206,3636
15,207,3636
15,212,3636
15,230,3636
15,239,3636
15,248,3636
15,268,3636
15,269,3636
15,272,3636
15,310,3636
16,154,3636
16,206,3636
16,207,3636
16,212,3636
16,230,3636
16,239,3636
16,248,3636
16,268,3636
16,269,3636
16,272,3636
16,310,3636
17,154,3636
17,206,3636
17,207,3636
17,212,3636
17,230,3636
17,239,3636
17,248,3636
17,268,3636
17,269,3636
17,272,3636
17,310,3636
18,154,3636
18,206,3636
18,207,3636
18,212,3636
18,230,3636
18,239,3636
18,248,3636
18,268,3636
18,269,3636
18,272,3636
18,310,3636
19,154,3636
19,206,3636
19,207,3636
19,212,3636
19,230,3636
19,239,3636
19,248,3636
19,268,3636
19,269,3636
19,272,3636
19,310,3636
20,154,3636
20,206,3636
20,207,3636
20,212,3636
20,230,3636
20,239,3636
20,248,3636
20,268,3636
20,269,3636
20,272,3636
20,310,3636
21,154,3636
21,206,3636
21,207,3636
21,212,3636
21,230,3636
21,248,3636
21,268,3636
21,269,3636
21,272,3636
21,310,3636
22,154,3636
22,206,3636
22,207,3636
22,212,3636
22,230,3636
22,248,3636
22,268,3636
22,269,3636
22,272,3636
22,310,3636
23,154,3636
23,206,3636
23,207,3636
23,212,3636
23,230,3636
23,248,3636
23,268,3636
23,269,3636
23,272,3636
23,310,3636
24,154,3636
24,206,3636
24,207,3636
24,212,3636
24,230,3636
24,239,3636
24,248,3636
24,268,3636
24,269,3636
24,272,3636
24,310,3636
25,154,3636
25,206,3636
25,207,3636
25,212,3636
25,230,3636
25,248,3636
25,268,3636
25,269,3636
25,272,3636
25,310,3636
26,154,3636
26,206,3636
26,207,3636
26,212,3636
26,230,3636
26,248,3636
26,268,3636
26,269,3636
26,272,3636
26,310,3636
27,154,3636
27,206,3636
27,207,3636
27,212,3636
27,230,3636
27,248,3636
27,268,3636
27,269,3636
27,272,3636
27,310,3636
28,154,3636
28,206,3636
28,207,3636
28,212,3636
28,230,3636
28,248,3636
28,268,3636
28,269,3636
28,272,3636
28,310,3636
29,154,3636
29,206,3636
29,207,3636
29,212,3636
29,230,3636
29,248,3636
29,268,3636
29,269,3636
29,272,3636
29,310,3636
30,154,3636
30,206,3636
30,207,3636
30,212,3636
30,230,3636
30,239,3636
30,240,3636
30,248,3636
30,268,3636
30,269,3636
30,272,3636
30,310,3636
31,154,3636
31,206,3636
31,207,3636
31,212,3636
31,230,3636
31,239,3636
31,240,3636
31,248,3636
31,268,3636
31,269,3636
31,272,3636
31,310,3636
32,154,3636
32,206,3636
32,207,3636
32,212,3636
32,230,3636
32,239,3636
32,240,3636
32,248,3636
32,268,3636
32,269,3636
32,272,3636
32,310,3636
33,154,3636
33,206,3636
33,207,3636
33,212,3636
33,230,3636
33,239,3636
33,240,3636
33,248,3636
33,268,3636
33,269,3636
33,272,3636
33,310,3636
34,154,3636
34,206,3636
34,207,3636
34,212,3636
34,230,3636
34,239,3636
34,240,3636
34,248,3636
34,268,3636
34,269,3636
34,272,3636
34,310,3636
35,154,3636
35,206,3636
35,207,3636
35,212,3636
35,230,3636
35,239,3636
35,240,3636
35,248,3636
35,268,3636
35,269,3636
35,272,3636
35,310,3636
36,154,3636
36,206,3636
36,207,3636
36,212,3636
36,230,3636
36,239,3636
36,240,3636
36,248,3636
36,268,3636
36,269,3636
36,272,3636
36,310,3636
37,154,3636
37,206,3636
37,207,3636
37,212,3636
37,230,3636
37,239,3636
37,240,3636
37,248,3636
37,268,3636
37,269,3636
37,272,3636
37,310,3636
38,154,3636
38,206,3636
38,207,3636
38,212,3636
38,230,3636
38,239,3636
38,240,3636
38,248,3636
38,268,3636
38,269,3636
38,272,3636
38,310,3636
39,154,3636
39,206,3636
39,207,3636
39,212,3636
39,230,3636
39,239,3636
39,248,3636
39,268,3636
39,269,3636
39,272,3636
39,310,3636
40,154,3636
40,206,3636
40,207,3636
40,212,3636
40,230,3636
40,239,3636
40,240,3636
40,248,3636
40,268,3636
40,269,3636
40,272,3636
40,310,3636
41,154,3636
41,206,3636
41,207,3636
41,212,3636
41,230,3636
41,239,3636
41,240,3636
41,248,3636
41,268,3636
41,269,3636
41,272,3636
41,310,3636
42,154,3636
42,206,3636
42,207,3636
42,212,3636
42,230,3636
42,239,3636
42,248,3636
42,268,3636
42,269,3636
42,272,3636
42,310,3636
43,154,3636
43,206,3636
43,207,3636
43,212,3636
43,230,3636
43,239,3636
43,248,3636
43,268,3636
43,269,3636
43,272,3636
43,310,3636
44,154,3636
44,206,3636
44,207,3636
44,212,3636
44,230,3636
44,239,3636
44,248,3636
44,268,3636
44,269,3636
44,272,3636
44,310,3636
45,154,3636
45,206,3636
45,207,3636
45,212,3636
45,230,3636
45,239,3636
45,248,3636
45,268,3636
45,269,3636
45,272,3636
45,310,3636
46,154,3636
46,206,3636
46,207,3636
46,212,3636
46,230,3636
46,239,3636
46,240,3636
46,248,3636
46,268,3636
46,269,3636
46,272,3636
46,310,3636
47,154,3636
47,206,3636
47,207,3636
47,212,3636
47,230,3636
47,239,3636
47,240,3636
47,248,3636
47,268,3636
47,269,3636
47,272,3636
47,310,3636
48,154,3636
48,206,3636
48,207,3636
48,212,3636
48,230,3636
48,239,3636
48,240,3636
48,248,3636
48,268,3636
48,269,3636
48,272,3636
48,310,3636
49,154,3636
49,206,3636
49,207,3636
49,212,3636
49,230,3636
49,239,3636
49,240,3636
49,248,3636
49,268,3636
49,269,3636
49,272,3636
49,310,3636
50,154,3636
50,206,3636
50,207,3636
50,212,3636
50,230,3636
50,239,3636
50,240,3636
50,248,3636
50,268,3636
50,269,3636
50,272,3636
50,310,3636
51,154,3636
51,206,3636
51,207,3636
51,212,3636
51,230,3636
51,239,3636
51,240,3636
51,248,3636
51,268,3636
51,269,3636
51,272,3636
51,310,3636
52,154,3636
52,206,3636
52,207,3636
52,212,3636
52,230,3636
52,239,3636
52,240,3636
52,248,3636
52,268,3636
52,269,3636
52,272,3636
52,310,3636
53,154,3636
53,206,3636
53,207,3636
53,212,3636
53,230,3636
53,239,3636
53,240,3636
53,248,3636
53,268,3636
53,269,3636
53,272,3636
53,310,3636
54,154,3636
54,206,3636
54,207,3636
54,212,3636
54,230,3636
54,239,3636
54,240,3636
54,248,3636
54,268,3636
54,269,3636
54,272,3636
54,310,3636
55,154,3636
55,206,3636
55,207,3636
55,212,3636
55,230,3636
55,239,3636
55,240,3636
55,248,3636
55,268,3636
55,269,3636
55,272,3636
55,310,3636
56,154,3636
56,206,3636
56,207,3636
56,212,3636
56,230,3636
56,239,3636
56,240,3636
56,248,3636
56,268,3636
56,269,3636
56,272,3636
56,310,3636
57,154,3636
57,206,3636
57,207,3636
57,212,3636
57,230,3636
57,239,3636
57,240,3636
57,248,3636
57,268,3636
57,269,3636
57,272,3636
57,310,3636
58,154,3636
58,206,3636
58,207,3636
58,212,3636
58,230,3636
58,239,3636
58,240,3636
58,248,3636
58,268,3636
58,269,3636
58,272,3636
58,310,3636
59,154,3636
59,206,3636
59,207,3636
59,212,3636
59,230,3636
59,239,3636
59,248,3636
59,268,3636
59,269,3636
59,272,3636
59,310,3636
60,154,3636
60,206,3636
60,207,3636
60,212,3636
60,230,3636
60,239,3636
60,248,3636
60,268,3636
60,269,3636
60,272,3636
60,310,3636
61,154,3636
61,206,3636
61,207,3636
61,212,3636
61,230,3636
61,239,3636
61,240,3636
61,248,3636
61,268,3636
61,269,3636
61,272,3636
61,310,3636
62,154,3636
62,206,3636
62,207,3636
62,212,3636
62,230,3636
62,239,3636
62,248,3636
62,268,3636
62,269,3636
62,272,3636
62,310,3636
63,154,3636
63,206,3636
63,207,3636
63,212,3636
63,230,3636
63,239,3636
63,248,3636
63,268,3636
63,269,3636
63,272,3636
63,310,3636
64,154,3636
64,206,3636
64,207,3636
64,212,3636
64,230,3636
64,239,3636
64,248,3636
64,268,3636
64,269,3636
64,272,3636
64,310,3636
65,154,3636
65,206,3636
65,207,3636
65,212,3636
65,230,3636
65,239,3636
65,248,3636
65,268,3636
65,269,3636
65,272,3636
65,310,3636
66,154,3636
66,206,3636
66,207,3636
66,212,3636
66,230,3636
66,239,3636
66,248,3636
66,268,3636
66,269,3636
66,272,3636
66,310,3636
67,154,3636
67,206,3636
67,207,3636
67,212,3636
67,230,3636
67,239,3636
67,248,3636
67,268,3636
67,269,3636
67,272,3636
67,310,3636
68,154,3636
68,206,3636
68,207,3636
68,212,3636
68,230,3636
68,239,3636
68,248,3636
68,268,3636
68,269,3636
68,272,3636
68,310,3636
69,154,3636
69,206,3636
69,207,3636
69,212,3636
69,230,3636
69,239,3636
69,248,3636
69,268,3636
69,269,3636
69,272,3636
69,310,3636
70,154,3636
70,206,3636
70,207,3636
70,212,3636
70,230,3636
70,239,3636
70,248,3636
70,268,3636
70,269,3636
70,272,3636
70,310,3636
71,154,3636
71,206,3636
71,207,3636
71,212,3636
71,230,3636
71,248,3636
71,268,3636
71,269,3636
71,272,3636
71,310,3636
72,154,3636
72,206,3636
72,207,3636
72,212,3636
72,230,3636
72,248,3636
72,268,3636
72,269,3636
72,272,3636
72,310,3636
73,154,3636
73,206,3636
73,207,3636
73,212,3636
73,230,3636
73,239,3636
73,248,3636
73,268,3636
73,269,3636
73,272,3636
73,310,3636
74,154,3636
74,206,3636
74,207,3636
74,212,3636
74,230,3636
74,248,3636
74,268,3636
74,269,3636
74,272,3636
74,310,3636
75,154,3636
75,206,3636
75,207,3636
75,212,3636
75,230,3636
75,248,3636
75,268,3636
75,269,3636
75,272,3636
75,310,3636
76,154,3636
76,206,3636
76,207,3636
76,212,3636
76,230,3636
76,248,3636
76,268,3636
76,269,3636
76,272,3636
76,310,3636
77,154,3636
77,206,3636
77,207,3636
77,212,3636
77,230,3636
77,239,3636
77,248,3636
77,268,3636
77,269,3636
77,272,3636
77,310,3636
78,154,3636
78,206,3636
78,207,3636
78,212,3636
78,230,3636
78,239,3636
78,248,3636
78,268,3636
78,269,3636
78,272,3636
78,310,3636
79,154,3636
79,206,3636
79,207,3636
79,212,3636
79,230,3636
79,239,3636
79,248,3636
79,268,3636
79,269,3636
79,272,3636
79,310,3636
80,154,3636
80,206,3636
80,207,3636
80,212,3636
80,230,3636
80,239,3636
80,248,3636
80,268,3636
80,269,3636
80,272,3636
80,310,3636
81,154,3636
81,206,3636
81,207,3636
81,212,3636
81,230,3636
81,239,3636
81,248,3636
81,268,3636
81,269,3636
81,272,3636
81,310,3636
82,154,3636
82,206,3636
82,207,3636
82,212,3636
82,230,3636
82,239,3636
82,248,3636
82,268,3636
82,269,3636
82,272,3636
82,310,3636
83,154,3636
83,206,3636
83,207,3636
83,212,3636
83,230,3636
83,248,3636
83,268,3636
83,269,3636
83,272,3636
83,310,3636
84,154,3636
84,206,3636
84,207,3636
84,212,3636
84,230,3636
84,248,3636
84,268,3636
84,269,3636
84,272,3636
84,310,3636
85,154,3636
85,206,3636
85,207,3636
85,212,3636
85,230,3636
85,248,3636
85,268,3636
85,269,3636
85,272,3636
85,310,3636
86,154,3636
86,206,3636
86,207,3636
86,212,3636
86,230,3636
86,248,3636
86,268,3636
86,269,3636
86,272,3636
86,310,3636
87,154,3636
87,206,3636
87,207,3636
87,212,3636
87,230,3636
87,248,3636
87,268,3636
87,269,3636
87,272,3636
87,310,3636
88,154,3636
88,206,3636
88,207,3636
88,212,3636
88,230,3636
88,248,3636
88,268,3636
88,269,3636
88,272,3636
88,310,3636
89,154,3636
89,206,3636
89,207,3636
89,212,3636
89,230,3636
89,248,3636
89,268,3636
89,269,3636
89,272,3636
89,310,3636
90,154,3636
90,206,3636
90,207,3636
90,212,3636
90,230,3636
90,248,3636
90,268,3636
90,269,3636
90,272,3636
90,310,3636
91,154,3636
91,206,3636
91,207,3636
91,212,3636
91,230,3636
91,248,3636
91,268,3636
91,269,3636
91,272,3636
91,310,3636
92,154,3636
92,206,3636
92,207,3636
92,212,3636
92,230,3636
92,248,3636
92,268,3636
92,269,3636
92,272,3636
92,310,3636
93,154,3636
93,206,3636
93,207,3636
93,212,3636
93,230,3636
93,248,3636
93,268,3636
93,269,3636
93,272,3636
93,310,3636
94,154,3636
94,206,3636
94,207,3636
94,212,3636
94,230,3636
94,248,3636
94,268,3636
94,269,3636
94,272,3636
94,310,3636
95,154,3636
95,206,3636
95,207,3636
95,212,3636
95,230,3636
95,248,3636
95,268,3636
95,269,3636
95,272,3636
95,310,3636
96,154,3636
96,206,3636
96,207,3636
96,212,3636
96,230,3636
96,248,3636
96,268,3636
96,269,3636
96,272,3636
96,310,3636
97,154,3636
97,206,3636
97,207,3636
97,212,3636
97,230,3636
97,248,3636
97,268,3636
97,269,3636
97,272,3636
97,310,3636
98,154,3636
98,206,3636
98,207,3636
98,212,3636
98,230,3636
98,248,3636
98,268,3636
98,269,3636
98,272,3636
98,310,3636
99,154,3636
99,206,3636
99,207,3636
99,212,3636
99,230,3636
99,248,3636
99,268,3636
99,269,3636
99,272,3636
99,310,3636
100,154,3636
100,206,3636
100,207,3636
100,212,3636
100,230,3636
100,248,3636
100,268,3636
100,269,3636
100,272,3636
100,310,3636
101,154,3636
101,206,3636
101,207,3636
101,212,3636
101,230,3636
101,248,3636
101,268,3636
101,269,3636
101,272,3636
101,310,3636
102,154,3636
102,206,3636
102,207,3636
102,212,3636
102,230,3636
102,248,3636
102,268,3636
102,269,3636
102,272,3636
102,310,3636
103,154,3636
103,206,3636
103,207,3636
103,212,3636
103,230,3636
103,248,3636
103,268,3636
103,269,3636
103,272,3636
103,310,3636
104,154,3636
104,206,3636
104,207,3636
104,212,3636
104,230,3636
104,248,3636
104,268,3636
104,269,3636
104,272,3636
104,310,3636
105,154,3636
105,206,3636
105,207,3636
105,212,3636
105,230,3636
105,248,3636
105,268,3636
105,269,3636
105,272,3636
105,310,3636
106,154,3636
106,206,3636
106,207,3636
106,212,3636
106,230,3636
106,248,3636
106,268,3636
106,269,3636
106,272,3636
106,310,3636
107,154,3636
107,206,3636
107,207,3636
107,212,3636
107,230,3636
107,248,3636
107,268,3636
107,269,3636
107,272,3636
107,310,3636
108,154,3636
108,206,3636
108,207,3636
108,212,3636
108,230,3636
108,248,3636
108,268,3636
108,269,3636
108,272,3636
108,310,3636
109,154,3636
109,206,3636
109,207,3636
109,212,3636
109,230,3636
109,248,3636
109,268,3636
109,269,3636
109,272,3636
109,310,3636
110,154,3636
110,206,3636
110,207,3636
110,212,3636
110,230,3636
110,248,3636
110,268,3636
110,269,3636
110,272,3636
110,310,3636
111,154,3636
111,206,3636
111,207,3636
111,212,3636
111,230,3636
111,248,3636
111,268,3636
111,269,3636
111,272,3636
111,310,3636
112,154,3636
112,206,3636
112,207,3636
112,212,3636
112,230,3636
112,248,3636
112,268,3636
112,269,3636
112,272,3636
112,310,3636
113,154,3636
113,206,3636
113,207,3636
113,212,3636
113,230,3636
113,248,3636
113,268,3636
113,269,3636
113,272,3636
113,310,3636
114,154,3636
114,206,3636
114,207,3636
114,212,3636
114,230,3636
114,248,3636
114,268,3636
114,269,3636
114,272,3636
114,310,3636
115,154,3636
115,206,3636
115,207,3636
115,212,3636
115,230,3636
115,248,3636
115,268,3636
115,269,3636
115,272,3636
115,310,3636
116,154,3636
116,206,3636
116,207,3636
116,212,3636
116,230,3636
116,268,3636
116,269,3636
116,272,3636
116,310,3636
117,154,3636
117,206,3636
117,207,3636
117,212,3636
117,230,3636
117,248,3636
117,268,3636
117,269,3636
117,272,3636
117,310,3636
118,154,3636
118,206,3636
118,207,3636
118,212,3636
118,230,3636
118,248,3636
118,268,3636
118,269,3636
118,272,3636
118,310,3636
119,154,3636
119,206,3636
119,207,3636
119,212,3636
119,230,3636
119,268,3636
119,269,3636
119,272,3636
119,310,3636
120,154,3636
120,206,3636
120,207,3636
120,212,3636
120,230,3636
120,239,3636
120,240,3636
120,248,3636
120,268,3636
120,269,3636
120,272,3636
120,310,3636
121,154,3636
121,206,3636
121,207,3636
121,212,3636
121,230,3636
121,248,3636
121,268,3636
121,269,3636
121,272,3636
121,310,3636
122,154,3636
122,206,3636
122,207,3636
122,212,3636
122,230,3636
122,248,3636
122,268,3636
122,269,3636
122,272,3636
122,310,3636
123,154,3636
123,206,3636
123,207,3636
123,212,3636
123,230,3636
123,239,3636
123,248,3636
123,268,3636
123,269,3636
123,272,3636
123,310,3636
124,154,3636
124,206,3636
124,207,3636
124,212,3636
124,230,3636
124,248,3636
124,268,3636
124,269,3636
124,272,3636
124,310,3636
125,154,3636
125,206,3636
125,207,3636
125,212,3636
125,230,3636
125,248,3636
125,268,3636
125,269,3636
125,272,3636
125,310,3636
126,154,3636
126,206,3636
126,207,3636
126,212,3636
126,230,3636
126,268,3636
126,269,3636
126,272,3636
126,310,3636
127,154,3636
127,206,3636
127,207,3636
127,212,3636
127,230,3636
127,248,3636
127,268,3636
127,269,3636
127,272,3636
127,310,3636
128,154,3636
128,206,3636
128,207,3636
128,212,3636
128,230,3636
128,248,3636
128,268,3636
128,269,3636
128,272,3636
128,310,3636
129,154,3636
129,206,3636
129,207,3636
129,212,3636
129,230,3636
129,248,3636
129,268,3636
129,269,3636
129,272,3636
129,310,3636
130,154,3636
130,206,3636
130,207,3636
130,212,3636
130,230,3636
130,239,3636
130,240,3636
130,248,3636
130,268,3636
130,269,3636
130,272,3636
130,273,3636
130,310,3636
131,154,3636
131,206,3636
131,207,3636
131,212,3636
131,230,3636
131,239,3636
131,240,3636
131,248,3636
131,268,3636
131,269,3636
131,272,3636
131,273,3636
131,310,3636
132,154,3636
132,206,3636
132,207,3636
132,212,3636
132,230,3636
132,239,3636
132,240,3636
132,248,3636
132,268,3636
132,269,3636
132,272,3636
132,273,3636
132,310,3636
133,154,3636
133,206,3636
133,207,3636
133,212,3636
133,230,3636
133,239,3636
133,240,3636
133,248,3636
133,268,3636
133,269,3636
133,272,3636
133,310,3636
134,154,3636
134,206,3636
134,207,3636
134,212,3636
134,230,3636
134,248,3636
134,268,3636
134,269,3636
134,272,3636
134,310,3636
135,154,3636
135,206,3636
135,207,3636
135,212,3636
135,230,3636
135,239,3636
135,248,3636
135,268,3636
135,269,3636
135,272,3636
135,310,3636
136,154,3636
136,206,3636
136,207,3636
136,212,3636
136,230,3636
136,248,3636
136,268,3636
136,269,3636
136,272,3636
136,310,3636
137,154,3636
137,206,3636
137,207,3636
137,212,3636
137,230,3636
137,248,3636
137,268,3636
137,269,3636
137,272,3636
137,310,3636
138,154,3636
138,206,3636
138,207,3636
138,212,3636
138,230,3636
138,239,3636
138,248,3636
138,268,3636
138,269,3636
138,272,3636
138,310,3636
139,154,3636
139,206,3636
139,207,3636
139,212,3636
139,230,3636
139,239,3636
139,248,3636
139,268,3636
139,269,3636
139,272,3636
139,310,3636
141,154,3636
141,206,3636
141,207,3636
141,212,3636
141,230,3636
141,239,3636
141,248,3636
141,268,3636
141,269,3636
141,272,3636
141,310,3636
142,154,3636
142,206,3636
142,207,3636
142,212,3636
142,230,3636
142,239,3636
142,248,3636
142,268,3636
142,269,3636
142,272,3636
142,310,3636
144,154,3636
144,206,3636
144,207,3636
144,212,3636
144,230,3636
144,239,3636
144,240,3636
144,248,3636
144,268,3636
144,269,3636
144,272,3636
144,273,3636
144,310,3636
145,154,3636
145,206,3636
145,207,3636
145,212,3636
145,230,3636
145,239,3636
145,248,3636
145,268,3636
145,269,3636
145,272,3636
145,310,3636
146,154,3636
146,206,3636
146,207,3636
146,212,3636
146,230,3636
146,239,3636
146,248,3636
146,268,3636
146,269,3636
146,272,3636
146,310,3636
147,154,3636
147,206,3636
147,207,3636
147,212,3636
147,230,3636
147,239,3636
147,248,3636
147,268,3636
147,269,3636
147,272,3636
147,310,3636
148,154,3636
148,206,3636
148,207,3636
148,212,3636
148,230,3636
148,239,3636
148,248,3636
148,268,3636
148,269,3636
148,272,3636
148,310,3636
149,154,3636
149,206,3636
149,207,3636
149,212,3636
149,230,3636
149,248,3636
149,268,3636
149,269,3636
149,272,3636
149,310,3636
150,154,3636
150,206,3636
150,207,3636
150,212,3636
150,230,3636
150,239,3636
150,248,3636
150,268,3636
150,269,3636
150,272,3636
150,310,3636
154,1,3636
154,2,3636
154,3,3636
154,4,3636
154,5,3636
154,6,3636
154,7,3636
154,8,3636
154,9,3636
154,10,3636
154,11,3636
154,12,3636
154,13,3636
154,14,3636
154,15,3636
154,16,3636
154,17,3636
154,18,3636
154,19,3636
154,20,3636
154,21,3636
154,22,3636
154,23,3636
154,24,3636
154,25,3636
154,26,3636
154,27,3636
154,28,3636
154,29,3636
154,30,3636
154,31,3636
154,32,3636
154,33,3636
154,34,3636
154,35,3636
154,36,3636
154,37,3636
154,38,3636
154,39,3636
154,40,3636
154,41,3636
154,42,3636
154,43,3636
154,44,3636
154,45,3636
154,46,3636
154,47,3636
154,48,3636
154,49,3636
154,50,3636
154,51,3636
154,52,3636
154,53,3636
154,54,3636
154,55,3636
154,56,3636
154,57,3636
154,58,3636
154,59,3636
154,60,3636
154,61,3636
154,62,3636
154,63,3636
154,64,3636
154,65,3636
154,66,3636
154,67,3636
154,68,3636
154,69,3636
154,70,3636
154,71,3636
154,72,3636
154,73,3636
154,74,3636
154,75,3636
154,76,3636
154,77,3636
154,78,3636
154,79,3636
154,80,3636
154,81,3636
154,82,3636
154,83,3636
154,84,3636
154,85,3636
154,86,3636
154,87,3636
154,88,3636
154,89,3636
154,90,3636
154,91,3636
154,92,3636
154,93,3636
154,94,3636
154,95,3636
154,96,3636
154,97,3636
154,98,3636
154,99,3636
154,100,3636
154,101,3636
154,102,3636
154,103,3636
154,104,3636
154,105,3636
154,106,3636
154,107,3636
154,108,3636
154,109,3636
154,110,3636
154,111,3636
154,112,3636
154,113,3636
154,114,3636
154,115,3636
154,116,3636
154,117,3636
154,118,3636
154,119,3636
154,120,3636
154,121,3636
154,122,3636
154,123,3636
154,124,3636
154,125,3636
154,126,3636
154,127,3636
154,128,3636
154,129,3636
154,130,3636
154,131,3636
154,132,3636
154,133,3636
154,134,3636
154,135,3636
154,136,3636
154,137,3636
154,138,3636
154,139,3636
154,141,3636
154,142,3636
154,144,3636
154,145,3636
154,146,3636
154,147,3636
154,148,3636
154,149,3636
154,150,3636
206,1,3636
206,2,3636
206,3,3636
206,4,3636
206,5,3636
206,6,3636
206,7,3636
206,8,3636
206,9,3636
206,10,3636
206,11,3636
206,12,3636
206,13,3636
206,14,3636
206,15,3636
206,16,3636
206,17,3636
206,18,3636
206,19,3636
206,20,3636
206,21,3636
206,22,3636
206,23,3636
206,24,3636
206,25,3636
206,26,3636
206,27,3636
206,28,3636
206,29,3636
206,30,3636
206,31,3636
206,32,3636
206,33,3636
206,34,3636
206,35,3636
206,36,3636
206,37,3636
206,38,3636
206,39,3636
206,40,3636
206,41,3636
206,42,3636
206,43,3636
206,44,3636
206,45,3636
206,46,3636
206,47,3636
206,48,3636
206,49,3636
206,50,3636
206,51,3636
206,52,3636
206,53,3636
206,54,3636
206,55,3636
206,56,3636
206,57,3636
206,58,3636
206,59,3636
206,60,3636
206,61,3636
206,62,3636
206,63,3636
206,64,3636
206,65,3636
206,66,3636
206,67,3636
206,68,3636
206,69,3636
206,70,3636
206,71,3636
206,72,3636
206,73,3636
206,74,3636
206,75,3636
206,76,3636
206,77,3636
206,78,3636
206,79,3636
206,80,3636
206,81,3636
206,82,3636
206,83,3636
206,84,3636
206,85,3636
206,86,3636
206,87,3636
206,88,3636
206,89,3636
206,90,3636
206,91,3636
206,92,3636
206,93,3636
206,94,3636
206,95,3636
206,96,3636
206,97,3636
206,98,3636
206,99,3636
206,100,3636
206,101,3636
206,102,3636
206,103,3636
206,104,3636
206,105,3636
206,106,3636
206,107,3636
206,108,3636
206,109,3636
206,110,3636
206,111,3636
206,112,3636
206,113,3636
206,114,3636
206,115,3636
206,116,3636
206,117,3636
206,118,3636
206,119,3636
206,120,3636
206,121,3636
206,122,3636
206,123,3636
206,124,3636
206,125,3636
206,126,3636
206,127,3636
206,128,3636
206,129,3636
206,130,3636
206,131,3636
206,132,3636
206,133,3636
206,134,3636
206,135,3636
206,136,3636
206,137,3636
206,138,3636
206,139,3636
206,141,3636
206,142,3636
206,144,3636
206,145,3636
206,146,3636
206,147,3636
206,148,3636
206,149,3636
206,150,3636
207,1,3636
207,2,3636
207,3,3636
207,4,3636
207,5,3636
207,6,3636
207,7,3636
207,8,3636
207,9,3636
207,10,3636
207,11,3636
207,12,3636
207,13,3636
207,14,3636
207,15,3636
207,16,3636
207,17,3636
207,18,3636
207,19,3636
207,20,3636
207,21,3636
207,22,3636
207,23,3636
207,24,3636
207,25,3636
207,26,3636
207,27,3636
207,28,3636
207,29,3636
207,30,3636
207,31,3636
207,32,3636
207,33,3636
207,34,3636
207,35,3636
207,36,3636
207,37,3636
207,38,3636
207,39,3636
207,40,3636
207,41,3636
207,42,3636
207,43,3636
207,44,3636
207,45,3636
207,46,3636
207,47,3636
207,48,3636
207,49,3636
207,50,3636
207,51,3636
207,52,3636
207,53,3636
207,54,3636
207,55,3636
207,56,3636
207,57,3636
207,58,3636
207,59,3636
207,60,3636
207,61,3636
207,62,3636
207,63,3636
207,64,3636
207,65,3636
207,66,3636
207,67,3636
207,68,3636
207,69,3636
207,70,3636
207,71,3636
207,72,3636
207,73,3636
207,74,3636
207,75,3636
207,76,3636
207,77,3636
207,78,3636
207,79,3636
207,80,3636
207,81,3636
207,82,3636
207,83,3636
207,84,3636
207,85,3636
207,86,3636
207,87,3636
207,88,3636
207,89,3636
207,90,3636
207,91,3636
207,92,3636
207,93,3636
207,94,3636
207,95,3636
207,96,3636
207,97,3636
207,98,3636
207,99,3636
207,100,3636
207,101,3636
207,102,3636
207,103,3636
207,104,3636
207,105,3636
207,106,3636
207,107,3636
207,108,3636
207,109,3636
207,110,3636
207,111,3636
207,112,3636
207,113,3636
207,114,3636
207,115,3636
207,116,3636
207,117,3636
207,118,3636
207,119,3636
207,120,3636
207,121,3636
207,122,3636
207,123,3636
207,124,3636
207,125,3636
207,126,3636
207,127,3636
207,128,3636
207,129,3636
207,130,3636
207,131,3636
207,132,3636
207,133,3636
207,134,3636
207,135,3636
207,136,3636
207,137,3636
207,138,3636
207,139,3636
207,141,3636
207,142,3636
207,144,3636
207,145,3636
207,146,3636
207,147,3636
207,148,3636
207,149,3636
207,150,3636
212,1,3636
212,2,3636
212,3,3636
212,4,3636
212,5,3636
212,6,3636
212,7,3636
212,8,3636
212,9,3636
212,10,3636
212,11,3636
212,12,3636
212,13,3636
212,14,3636
212,15,3636
212,16,3636
212,17,3636
212,18,3636
212,19,3636
212,20,3636
212,21,3636
212,22,3636
212,23,3636
212,24,3636
212,25,3636
212,26,3636
212,27,3636
212,28,3636
212,29,3636
212,30,3636
212,31,3636
212,32,3636
212,33,3636
212,34,3636
212,35,3636
212,36,3636
212,37,3636
212,38,3636
212,39,3636
212,40,3636
212,41,3636
212,42,3636
212,43,3636
212,44,3636
212,45,3636
212,46,3636
212,47,3636
212,48,3636
212,49,3636
212,50,3636
212,51,3636
212,52,3636
212,53,3636
212,54,3636
212,55,3636
212,56,3636
212,57,3636
212,58,3636
212,59,3636
212,60,3636
212,61,3636
212,62,3636
212,63,3636
212,64,3636
212,65,3636
212,66,3636
212,67,3636
212,68,3636
212,69,3636
212,70,3636
212,71,3636
212,72,3636
212,73,3636
212,74,3636
212,75,3636
212,76,3636
212,77,3636
212,78,3636
212,79,3636
212,80,3636
212,81,3636
212,82,3636
212,83,3636
212,84,3636
212,85,3636
212,86,3636
212,87,3636
212,88,3636
212,89,3636
212,90,3636
212,91,3636
212,92,3636
212,93,3636
212,94,3636
212,95,3636
212,96,3636
212,97,3636
212,98,3636
212,99,3636
212,100,3636
212,101,3636
212,102,3636
212,103,3636
212,104,3636
212,105,3636
212,106,3636
212,107,3636
212,108,3636
212,109,3636
212,110,3636
212,111,3636
212,112,3636
212,113,3636
212,114,3636
212,115,3636
212,116,3636
212,117,3636
212,118,3636
212,119,3636
212,120,3636
212,121,3636
212,122,3636
212,123,3636
212,124,3636
212,125,3636
212,126,3636
212,127,3636
212,128,3636
212,129,3636
212,130,3636
212,131,3636
212,132,3636
212,133,3636
212,134,3636
212,135,3636
212,136,3636
212,137,3636
212,138,3636
212,139,3636
212,141,3636
212,142,3636
212,144,3636
212,145,3636
212,146,3636
212,147,3636
212,148,3636
212,149,3636
212,150,3636
230,1,3636
230,2,3636
230,3,3636
230,4,3636
230,5,3636
230,6,3636
230,7,3636
230,8,3636
230,9,3636
230,10,3636
230,11,3636
230,12,3636
230,13,3636
230,14,3636
230,15,3636
230,16,3636
230,17,3636
230,18,3636
230,19,3636
230,20,3636
230,21,3636
230,22,3636
230,23,3636
230,24,3636
230,25,3636
230,26,3636
230,27,3636
230,28,3636
230,29,3636
230,30,3636
230,31,3636
230,32,3636
230,33,3636
230,34,3636
230,35,3636
230,36,3636
230,37,3636
230,38,3636
230,39,3636
230,40,3636
230,41,3636
230,42,3636
230,43,3636
230,44,3636
230,45,3636
230,46,3636
230,47,3636
230,48,3636
230,49,3636
230,50,3636
230,51,3636
230,52,3636
230,53,3636
230,54,3636
230,55,3636
230,56,3636
230,57,3636
230,58,3636
230,59,3636
230,60,3636
230,61,3636
230,62,3636
230,63,3636
230,64,3636
230,65,3636
230,66,3636
230,67,3636
230,68,3636
230,69,3636
230,70,3636
230,71,3636
230,72,3636
230,73,3636
230,74,3636
230,75,3636
230,76,3636
230,77,3636
230,78,3636
230,79,3636
230,80,3636
230,81,3636
230,82,3636
230,83,3636
230,84,3636
230,85,3636
230,86,3636
230,87,3636
230,88,3636
230,89,3636
230,90,3636
230,91,3636
230,92,3636
230,93,3636
230,94,3636
230,95,3636
230,96,3636
230,97,3636
230,98,3636
230,99,3636
230,100,3636
230,101,3636
230,102,3636
230,103,3636
230,104,3636
230,105,3636
230,106,3636
230,107,3636
230,108,3636
230,109,3636
230,110,3636
230,111,3636
230,112,3636
230,113,3636
230,114,3636
230,115,3636
230,116,3636
230,117,3636
230,118,3636
230,119,3636
230,120,3636
230,121,3636
230,122,3636
230,123,3636
230,124,3636
230,125,3636
230,126,3636
230,127,3636
230,128,3636
230,129,3636
230,130,3636
230,131,3636
230,132,3636
230,133,3636
230,134,3636
230,135,3636
230,136,3636
230,137,3636
230,138,3636
230,139,3636
230,141,3636
230,142,3636
230,144,3636
230,145,3636
230,146,3636
230,147,3636
230,148,3636
230,149,3636
230,150,3636
239,1,3636
239,2,3636
239,3,3636
239,4,3636
239,5,3636
239,6,3636
239,7,3636
239,8,3636
239,9,3636
239,10,3636
239,11,3636
239,12,3636
239,13,3636
239,14,3636
239,15,3636
239,16,3636
239,17,3636
239,18,3636
239,19,3636
239,20,3636
239,22,3636
239,23,3636
239,24,3636
239,30,3636
239,31,3636
239,32,3636
239,33,3636
239,34,3636
239,35,3636
239,36,3636
239,37,3636
239,38,3636
239,39,3636
239,40,3636
239,41,3636
239,42,3636
239,43,3636
239,44,3636
239,45,3636
239,46,3636
239,47,3636
239,48,3636
239,49,3636
239,50,3636
239,51,3636
239,52,3636
239,53,3636
239,54,3636
239,55,3636
239,56,3636
239,57,3636
239,58,3636
239,59,3636
239,60,3636
239,61,3636
239,62,3636
239,63,3636
239,64,3636
239,65,3636
239,66,3636
239,67,3636
239,68,3636
239,69,3636
239,70,3636
239,73,3636
239,77,3636
239,78,3636
239,79,3636
239,80,3636
239,81,3636
239,82,3636
239,120,3636
239,123,3636
239,130,3636
239,131,3636
239,132,3636
239,133,3636
239,135,3636
239,138,3636
239,139,3636
239,141,3636
239,142,3636
239,144,3636
239,145,3636
239,146,3636
239,147,3636
239,148,3636
239,150,3636
240,30,3636
240,31,3636
240,32,3636
240,33,3636
240,34,3636
240,35,3636
240,36,3636
240,37,3636
240,38,3636
240,40,3636
240,41,3636
240,46,3636
240,47,3636
240,48,3636
240,49,3636
240,50,3636
240,51,3636
240,52,3636
240,53,3636
240,54,3636
240,55,3636
240,56,3636
240,57,3636
240,58,3636
240,130,3636
240,131,3636
240,132,3636
240,133,3636
240,144,3636
248,1,3636
248,2,3636
248,3,3636
248,4,3636
248,5,3636
248,6,3636
248,7,3636
248,8,3636
248,9,3636
248,10,3636
248,11,3636
248,12,3636
248,13,3636
248,14,3636
248,15,3636
248,16,3636
248,17,3636
248,18,3636
248,19,3636
248,20,3636
248,21,3636
248,22,3636
248,23,3636
248,24,3636
248,25,3636
248,26,3636
248,27,3636
248,28,3636
248,29,3636
248,30,3636
248,31,3636
248,32,3636
248,33,3636
248,34,3636
248,35,3636
248,36,3636
248,37,3636
248,38,3636
248,39,3636
248,40,3636
248,41,3636
248,42,3636
248,43,3636
248,44,3636
248,45,3636
248,46,3636
248,47,3636
248,48,3636
248,49,3636
248,50,3636
248,51,3636
248,52,3636
248,53,3636
248,54,3636
248,55,3636
248,56,3636
248,57,3636
248,58,3636
248,59,3636
248,60,3636
248,61,3636
248,62,3636
248,63,3636
248,64,3636
248,65,3636
248,66,3636
248,67,3636
248,68,3636
248,69,3636
248,70,3636
248,71,3636
248,72,3636
248,73,3636
248,74,3636
248,75,3636
248,76,3636
248,77,3636
248,78,3636
248,79,3636
248,80,3636
248,81,3636
248,82,3636
248,83,3636
248,84,3636
248,85,3636
248,86,3636
248,87,3636
248,88,3636
248,89,3636
248,90,3636
248,91,3636
248,92,3636
248,93,3636
248,94,3636
248,95,3636
248,96,3636
248,97,3636
248,98,3636
248,99,3636
248,100,3636
248,101,3636
248,102,3636
248,103,3636
248,104,3636
248,105,3636
248,106,3636
248,107,3636
248,108,3636
248,109,3636
248,110,3636
248,111,3636
248,112,3636
248,113,3636
248,114,3636
248,115,3636
248,117,3636
248,118,3636
248,120,3636
248,121,3636
248,122,3636
248,123,3636
248,124,3636
248,125,3636
248,127,3636
248,128,3636
248,129,3636
248,130,3636
248,131,3636
248,132,3636
248,133,3636
248,134,3636
248,135,3636
248,136,3636
248,137,3636
248,138,3636
248,139,3636
248,141,3636
248,142,3636
248,144,3636
248,145,3636
248,146,3636
248,147,3636
248,148,3636
248,149,3636
248,150,3636
268,1,3636
268,2,3636
268,3,3636
268,4,3636
268,5,3636
268,6,3636
268,7,3636
268,8,3636
268,9,3636
268,10,3636
268,11,3636
268,12,3636
268,13,3636
268,14,3636
268,15,3636
268,16,3636
268,17,3636
268,18,3636
268,19,3636
268,20,3636
268,21,3636
268,22,3636
268,23,3636
268,24,3636
268,25,3636
268,26,3636
268,27,3636
268,28,3636
268,29,3636
268,30,3636
268,31,3636
268,32,3636
268,33,3636
268,34,3636
268,35,3636
268,36,3636
268,37,3636
268,38,3636
268,39,3636
268,40,3636
268,41,3636
268,42,3636
268,43,3636
268,44,3636
268,45,3636
268,46,3636
268,47,3636
268,48,3636
268,49,3636
268,50,3636
268,51,3636
268,52,3636
268,53,3636
268,54,3636
268,55,3636
268,56,3636
268,57,3636
268,58,3636
268,59,3636
268,60,3636
268,61,3636
268,62,3636
268,63,3636
268,64,3636
268,65,3636
268,66,3636
268,67,3636
268,68,3636
268,69,3636
268,70,3636
268,71,3636
268,72,3636
268,73,3636
268,74,3636
268,75,3636
268,76,3636
268,77,3636
268,78,3636
268,79,3636
268,80,3636
268,81,3636
268,82,3636
268,83,3636
268,84,3636
268,85,3636
268,86,3636
268,87,3636
268,88,3636
268,89,3636
268,90,3636
268,91,3636
268,92,3636
268,93,3636
268,94,3636
268,95,3636
268,96,3636
268,97,3636
268,98,3636
268,99,3636
268,100,3636
268,101,3636
268,102,3636
268,103,3636
268,104,3636
268,105,3636
268,106,3636
268,107,3636
268,108,3636
268,109,3636
268,110,3636
268,111,3636
268,112,3636
268,113,3636
268,114,3636
268,115,3636
268,116,3636
268,117,3636
268,118,3636
268,119,3636
268,120,3636
268,121,3636
268,122,3636
268,123,3636
268,124,3636
268,125,3636
268,126,3636
268,127,3636
268,128,3636
268,129,3636
268,130,3636
268,131,3636
268,132,3636
268,133,3636
268,134,3636
268,135,3636
268,136,3636
268,137,3636
268,138,3636
268,139,3636
268,141,3636
268,142,3636
268,144,3636
268,145,3636
268,146,3636
268,147,3636
268,148,3636
268,149,3636
268,150,3636
269,1,3636
269,2,3636
269,3,3636
269,4,3636
269,5,3636
269,6,3636
269,7,3636
269,8,3636
269,9,3636
269,10,3636
269,11,3636
269,12,3636
269,13,3636
269,14,3636
269,15,3636
269,16,3636
269,17,3636
269,18,3636
269,19,3636
269,20,3636
269,21,3636
269,22,3636
269,23,3636
269,24,3636
269,25,3636
269,26,3636
269,27,3636
269,28,3636
269,29,3636
269,30,3636
269,31,3636
269,32,3636
269,33,3636
269,34,3636
269,35,3636
269,36,3636
269,37,3636
269,38,3636
269,39,3636
269,40,3636
269,41,3636
269,42,3636
269,43,3636
269,44,3636
269,45,3636
269,46,3636
269,47,3636
269,48,3636
269,49,3636
269,50,3636
269,51,3636
269,52,3636
269,53,3636
269,54,3636
269,55,3636
269,56,3636
269,57,3636
269,58,3636
269,59,3636
269,60,3636
269,61,3636
269,62,3636
269,63,3636
269,64,3636
269,65,3636
269,66,3636
269,67,3636
269,68,3636
269,69,3636
269,70,3636
269,71,3636
269,72,3636
269,73,3636
269,74,3636
269,75,3636
269,76,3636
269,77,3636
269,78,3636
269,79,3636
269,80,3636
269,81,3636
269,82,3636
269,83,3636
269,84,3636
269,85,3636
269,86,3636
269,87,3636
269,88,3636
269,89,3636
269,90,3636
269,91,3636
269,92,3636
269,93,3636
269,94,3636
269,95,3636
269,96,3636
269,97,3636
269,98,3636
269,99,3636
269,100,3636
269,101,3636
269,102,3636
269,103,3636
269,104,3636
269,105,3636
269,106,3636
269,107,3636
269,108,3636
269,109,3636
269,110,3636
269,111,3636
269,112,3636
269,113,3636
269,114,3636
269,115,3636
269,116,3636
269,117,3636
269,118,3636
269,119,3636
269,120,3636
269,121,3636
269,122,3636
269,123,3636
269,124,3636
269,125,3636
269,126,3636
269,127,3636
269,128,3636
269,129,3636
269,130,3636
269,131,3636
269,132,3636
269,133,3636
269,134,3636
269,135,3636
269,136,3636
269,137,3636
269,138,3636
269,139,3636
269,141,3636
269,142,3636
269,144,3636
269,145,3636
269,146,3636
269,147,3636
269,148,3636
269,149,3636
269,150,3636
272,1,3636
272,2,3636
272,3,3636
272,4,3636
272,5,3636
272,6,3636
272,7,3636
272,8,3636
272,9,3636
272,10,3636
272,11,3636
272,12,3636
272,13,3636
272,14,3636
272,15,3636
272,16,3636
272,17,3636
272,18,3636
272,19,3636
272,20,3636
272,21,3636
272,22,3636
272,23,3636
272,24,3636
272,25,3636
272,26,3636
272,27,3636
272,28,3636
272,29,3636
272,30,3636
272,31,3636
272,32,3636
272,33,3636
272,34,3636
272,35,3636
272,36,3636
272,37,3636
272,38,3636
272,39,3636
272,40,3636
272,41,3636
272,42,3636
272,43,3636
272,44,3636
272,45,3636
272,46,3636
272,47,3636
272,48,3636
272,49,3636
272,50,3636
272,51,3636
272,52,3636
272,53,3636
272,54,3636
272,55,3636
272,56,3636
272,57,3636
272,58,3636
272,59,3636
272,60,3636
272,61,3636
272,62,3636
272,63,3636
272,64,3636
272,65,3636
272,66,3636
272,67,3636
272,68,3636
272,69,3636
272,70,3636
272,71,3636
272,72,3636
272,73,3636
272,74,3636
272,75,3636
272,76,3636
272,77,3636
272,78,3636
272,79,3636
272,80,3636
272,81,3636
272,82,3636
272,83,3636
272,84,3636
272,85,3636
272,86,3636
272,87,3636
272,88,3636
272,89,3636
272,90,3636
272,91,3636
272,92,3636
272,93,3636
272,94,3636
272,95,3636
272,96,3636
272,97,3636
272,98,3636
272,99,3636
272,100,3636
272,101,3636
272,102,3636
272,103,3636
272,104,3636
272,105,3636
272,106,3636
272,107,3636
272,108,3636
272,109,3636
272,110,3636
272,111,3636
272,112,3636
272,113,3636
272,114,3636
272,115,3636
272,116,3636
272,117,3636
272,118,3636
272,119,3636
272,120,3636
272,121,3636
272,122,3636
272,123,3636
272,124,3636
272,125,3636
272,126,3636
272,127,3636
272,128,3636
272,129,3636
272,130,3636
272,131,3636
272,132,3636
272,133,3636
272,134,3636
272,135,3636
272,136,3636
272,137,3636
272,138,3636
272,139,3636
272,141,3636
272,142,3636
272,144,3636
272,145,3636
272,146,3636
272,147,3636
272,148,3636
272,149,3636
272,150,3636
273,130,3636
273,131,3636
273,132,3636
273,144,3636
310,1,3636
310,2,3636
310,3,3636
310,4,3636
310,5,3636
310,6,3636
310,7,3636
310,8,3636
310,9,3636
310,10,3636
310,11,3636
310,12,3636
310,13,3636
310,14,3636
310,15,3636
310,16,3636
310,17,3636
310,18,3636
310,19,3636
310,20,3636
310,21,3636
310,22,3636
310,23,3636
310,24,3636
310,25,3636
310,26,3636
310,27,3636
310,28,3636
310,29,3636
310,30,3636
310,31,3636
310,32,3636
310,33,3636
310,34,3636
310,35,3636
310,36,3636
310,37,3636
310,38,3636
310,39,3636
310,40,3636
310,41,3636
310,42,3636
310,43,3636
310,44,3636
310,45,3636
310,46,3636
310,47,3636
310,48,3636
310,49,3636
310,50,3636
310,51,3636
310,52,3636
310,53,3636
310,54,3636
310,55,3636
310,56,3636
310,57,3636
310,58,3636
310,59,3636
310,60,3636
310,61,3636
310,62,3636
310,63,3636
310,64,3636
310,65,3636
310,66,3636
310,67,3636
310,68,3636
310,69,3636
310,70,3636
310,71,3636
310,72,3636
310,73,3636
310,74,3636
310,75,3636
310,76,3636
310,77,3636
310,78,3636
310,79,3636
310,80,3636
310,81,3636
310,82,3636
310,83,3636
310,84,3636
310,85,3636
310,86,3636
310,87,3636
310,88,3636
310,89,3636
310,90,3636
310,91,3636
310,92,3636
310,93,3636
310,94,3636
310,95,3636
310,96,3636
310,97,3636
310,98,3636
310,99,3636
310,100,3636
310,101,3636
310,102,3636
310,103,3636
310,104,3636
310,105,3636
310,106,3636
310,107,3636
310,108,3636
310,109,3636
310,110,3636
310,111,3636
310,112,3636
310,113,3636
310,114,3636
310,115,3636
310,116,3636
310,117,3636
310,118,3636
310,119,3636
310,120,3636
310,121,3636
310,122,3636
310,123,3636
310,124,3636
310,125,3636
310,126,3636
310,127,3636
310,128,3636
310,129,3636
310,130,3636
310,131,3636
310,132,3636
310,133,3636
310,134,3636
310,135,3636
310,136,3636
310,137,3636
310,138,3636
310,139,3636
310,141,3636
310,142,3636
310,144,3636
310,145,3636
310,146,3636
310,147,3636
310,148,3636
310,149,3636
310,150,3636
1,159,3639
1,160,3639
1,161,3639
1,162,3639
1,163,3639
1,164,3639
1,165,3639
1,181,3639
1,188,3639
1,189,3639
1,190,3639
1,209,3639
1,213,3639
1,214,3639
1,215,3639
1,240,3639
1,261,3639
1,262,3639
1,273,3639
2,159,3639
2,160,3639
2,161,3639
2,162,3639
2,163,3639
2,164,3639
2,165,3639
2,181,3639
2,188,3639
2,189,3639
2,190,3639
2,209,3639
2,213,3639
2,214,3639
2,215,3639
2,240,3639
2,261,3639
2,262,3639
2,273,3639
3,159,3639
3,160,3639
3,161,3639
3,162,3639
3,163,3639
3,164,3639
3,165,3639
3,181,3639
3,188,3639
3,189,3639
3,190,3639
3,209,3639
3,213,3639
3,214,3639
3,215,3639
3,240,3639
3,261,3639
3,262,3639
3,273,3639
4,159,3639
4,160,3639
4,161,3639
4,162,3639
4,163,3639
4,164,3639
4,165,3639
4,181,3639
4,188,3639
4,189,3639
4,190,3639
4,209,3639
4,213,3639
4,214,3639
4,215,3639
4,240,3639
4,261,3639
4,262,3639
4,273,3639
5,159,3639
5,160,3639
5,161,3639
5,162,3639
5,163,3639
5,164,3639
5,165,3639
5,181,3639
5,188,3639
5,189,3639
5,190,3639
5,209,3639
5,213,3639
5,214,3639
5,215,3639
5,240,3639
5,261,3639
5,262,3639
5,273,3639
6,159,3639
6,160,3639
6,161,3639
6,162,3639
6,163,3639
6,164,3639
6,165,3639
6,181,3639
6,188,3639
6,189,3639
6,190,3639
6,209,3639
6,213,3639
6,214,3639
6,215,3639
6,240,3639
6,261,3639
6,262,3639
6,273,3639
7,159,3639
7,160,3639
7,161,3639
7,162,3639
7,163,3639
7,164,3639
7,165,3639
7,181,3639
7,188,3639
7,189,3639
7,190,3639
7,209,3639
7,213,3639
7,214,3639
7,215,3639
7,240,3639
7,261,3639
7,262,3639
7,273,3639
8,159,3639
8,160,3639
8,161,3639
8,162,3639
8,163,3639
8,164,3639
8,165,3639
8,181,3639
8,188,3639
8,189,3639
8,190,3639
8,209,3639
8,213,3639
8,214,3639
8,215,3639
8,240,3639
8,261,3639
8,262,3639
8,273,3639
9,159,3639
9,160,3639
9,161,3639
9,162,3639
9,163,3639
9,164,3639
9,165,3639
9,181,3639
9,188,3639
9,189,3639
9,190,3639
9,209,3639
9,213,3639
9,214,3639
9,215,3639
9,240,3639
9,261,3639
9,262,3639
9,273,3639
10,159,3639
10,160,3639
10,161,3639
10,162,3639
10,163,3639
10,164,3639
10,165,3639
10,181,3639
10,188,3639
10,189,3639
10,190,3639
10,209,3639
10,213,3639
10,214,3639
10,215,3639
10,240,3639
10,261,3639
10,262,3639
10,273,3639
11,159,3639
11,160,3639
11,161,3639
11,162,3639
11,163,3639
11,164,3639
11,165,3639
11,181,3639
11,188,3639
11,189,3639
11,190,3639
11,209,3639
11,213,3639
11,214,3639
11,215,3639
11,240,3639
11,261,3639
11,262,3639
11,273,3639
12,159,3639
12,160,3639
12,161,3639
12,162,3639
12,163,3639
12,164,3639
12,165,3639
12,181,3639
12,188,3639
12,189,3639
12,190,3639
12,209,3639
12,213,3639
12,214,3639
12,215,3639
12,240,3639
12,261,3639
12,262,3639
12,273,3639
13,159,3639
13,160,3639
13,161,3639
13,162,3639
13,163,3639
13,164,3639
13,165,3639
13,181,3639
13,188,3639
13,189,3639
13,190,3639
13,209,3639
13,213,3639
13,214,3639
13,215,3639
13,240,3639
13,261,3639
13,262,3639
13,273,3639
14,159,3639
14,160,3639
14,161,3639
14,162,3639
14,163,3639
14,164,3639
14,165,3639
14,181,3639
14,188,3639
14,189,3639
14,190,3639
14,209,3639
14,213,3639
14,214,3639
14,215,3639
14,240,3639
14,261,3639
14,262,3639
14,273,3639
15,159,3639
15,160,3639
15,161,3639
15,162,3639
15,163,3639
15,164,3639
15,165,3639
15,181,3639
15,188,3639
15,189,3639
15,190,3639
15,209,3639
15,213,3639
15,214,3639
15,215,3639
15,240,3639
15,261,3639
15,262,3639
15,273,3639
16,159,3639
16,160,3639
16,161,3639
16,162,3639
16,163,3639
16,164,3639
16,165,3639
16,181,3639
16,188,3639
16,189,3639
16,190,3639
16,209,3639
16,213,3639
16,214,3639
16,215,3639
16,240,3639
16,261,3639
16,262,3639
16,273,3639
17,159,3639
17,160,3639
17,161,3639
17,162,3639
17,163,3639
17,164,3639
17,165,3639
17,181,3639
17,188,3639
17,189,3639
17,190,3639
17,209,3639
17,213,3639
17,214,3639
17,215,3639
17,240,3639
17,261,3639
17,262,3639
17,273,3639
30,159,3639
30,160,3639
30,161,3639
30,162,3639
30,163,3639
30,164,3639
30,165,3639
30,181,3639
30,188,3639
30,189,3639
30,190,3639
30,209,3639
30,213,3639
30,214,3639
30,215,3639
30,261,3639
30,262,3639
30,273,3639
31,159,3639
31,160,3639
31,161,3639
31,162,3639
31,163,3639
31,164,3639
31,165,3639
31,181,3639
31,188,3639
31,189,3639
31,190,3639
31,209,3639
31,213,3639
31,214,3639
31,215,3639
31,261,3639
31,262,3639
31,273,3639
32,159,3639
32,160,3639
32,161,3639
32,162,3639
32,163,3639
32,164,3639
32,165,3639
32,181,3639
32,188,3639
32,189,3639
32,190,3639
32,209,3639
32,213,3639
32,214,3639
32,215,3639
32,261,3639
32,262,3639
32,273,3639
33,159,3639
33,160,3639
33,161,3639
33,162,3639
33,163,3639
33,164,3639
33,165,3639
33,181,3639
33,188,3639
33,189,3639
33,190,3639
33,209,3639
33,213,3639
33,214,3639
33,215,3639
33,261,3639
33,262,3639
33,273,3639
34,159,3639
34,160,3639
34,161,3639
34,162,3639
34,163,3639
34,164,3639
34,165,3639
34,181,3639
34,188,3639
34,189,3639
34,190,3639
34,209,3639
34,213,3639
34,214,3639
34,215,3639
34,261,3639
34,262,3639
34,273,3639
35,159,3639
35,160,3639
35,161,3639
35,162,3639
35,163,3639
35,164,3639
35,165,3639
35,181,3639
35,188,3639
35,189,3639
35,190,3639
35,209,3639
35,213,3639
35,214,3639
35,215,3639
35,261,3639
35,262,3639
35,273,3639
36,159,3639
36,160,3639
36,161,3639
36,162,3639
36,163,3639
36,164,3639
36,165,3639
36,181,3639
36,188,3639
36,189,3639
36,190,3639
36,209,3639
36,213,3639
36,214,3639
36,215,3639
36,261,3639
36,262,3639
36,273,3639
37,159,3639
37,160,3639
37,161,3639
37,162,3639
37,163,3639
37,164,3639
37,165,3639
37,181,3639
37,188,3639
37,189,3639
37,190,3639
37,209,3639
37,213,3639
37,214,3639
37,215,3639
37,261,3639
37,262,3639
37,273,3639
38,159,3639
38,160,3639
38,161,3639
38,162,3639
38,163,3639
38,164,3639
38,165,3639
38,181,3639
38,188,3639
38,189,3639
38,190,3639
38,209,3639
38,213,3639
38,214,3639
38,215,3639
38,261,3639
38,262,3639
38,273,3639
39,159,3639
39,160,3639
39,161,3639
39,162,3639
39,163,3639
39,164,3639
39,165,3639
39,181,3639
39,188,3639
39,189,3639
39,190,3639
39,209,3639
39,213,3639
39,214,3639
39,215,3639
39,240,3639
39,261,3639
39,262,3639
39,273,3639
40,159,3639
40,160,3639
40,161,3639
40,162,3639
40,163,3639
40,164,3639
40,165,3639
40,181,3639
40,188,3639
40,189,3639
40,190,3639
40,209,3639
40,213,3639
40,214,3639
40,215,3639
40,261,3639
40,262,3639
40,273,3639
41,159,3639
41,160,3639
41,161,3639
41,162,3639
41,163,3639
41,164,3639
41,165,3639
41,181,3639
41,188,3639
41,189,3639
41,190,3639
41,209,3639
41,213,3639
41,214,3639
41,215,3639
41,261,3639
41,262,3639
41,273,3639
42,159,3639
42,160,3639
42,161,3639
42,162,3639
42,163,3639
42,164,3639
42,165,3639
42,181,3639
42,188,3639
42,189,3639
42,190,3639
42,209,3639
42,213,3639
42,214,3639
42,215,3639
42,240,3639
42,261,3639
42,262,3639
42,273,3639
43,159,3639
43,160,3639
43,161,3639
43,162,3639
43,163,3639
43,164,3639
43,165,3639
43,181,3639
43,188,3639
43,189,3639
43,190,3639
43,209,3639
43,213,3639
43,214,3639
43,215,3639
43,240,3639
43,261,3639
43,262,3639
43,273,3639
44,159,3639
44,160,3639
44,161,3639
44,162,3639
44,163,3639
44,164,3639
44,165,3639
44,181,3639
44,188,3639
44,189,3639
44,190,3639
44,209,3639
44,213,3639
44,214,3639
44,215,3639
44,240,3639
44,261,3639
44,262,3639
44,273,3639
45,159,3639
45,160,3639
45,161,3639
45,162,3639
45,163,3639
45,164,3639
45,165,3639
45,181,3639
45,188,3639
45,189,3639
45,190,3639
45,209,3639
45,213,3639
45,214,3639
45,215,3639
45,240,3639
45,261,3639
45,262,3639
45,273,3639
46,159,3639
46,160,3639
46,161,3639
46,162,3639
46,163,3639
46,164,3639
46,165,3639
46,181,3639
46,188,3639
46,189,3639
46,190,3639
46,209,3639
46,213,3639
46,214,3639
46,215,3639
46,261,3639
46,262,3639
46,273,3639
47,159,3639
47,160,3639
47,161,3639
47,162,3639
47,163,3639
47,164,3639
47,165,3639
47,181,3639
47,188,3639
47,189,3639
47,190,3639
47,209,3639
47,213,3639
47,214,3639
47,215,3639
47,261,3639
47,262,3639
47,273,3639
48,159,3639
48,160,3639
48,161,3639
48,162,3639
48,163,3639
48,164,3639
48,165,3639
48,181,3639
48,188,3639
48,189,3639
48,190,3639
48,209,3639
48,213,3639
48,214,3639
48,215,3639
48,261,3639
48,262,3639
48,273,3639
49,159,3639
49,160,3639
49,161,3639
49,162,3639
49,163,3639
49,164,3639
49,165,3639
49,181,3639
49,188,3639
49,189,3639
49,190,3639
49,209,3639
49,213,3639
49,214,3639
49,215,3639
49,261,3639
49,262,3639
49,273,3639
50,159,3639
50,160,3639
50,161,3639
50,162,3639
50,163,3639
50,164,3639
50,165,3639
50,181,3639
50,188,3639
50,189,3639
50,190,3639
50,209,3639
50,213,3639
50,214,3639
50,215,3639
50,261,3639
50,262,3639
50,273,3639
51,159,3639
51,160,3639
51,161,3639
51,162,3639
51,163,3639
51,164,3639
51,165,3639
51,181,3639
51,188,3639
51,189,3639
51,190,3639
51,209,3639
51,213,3639
51,214,3639
51,215,3639
51,261,3639
51,262,3639
51,273,3639
52,159,3639
52,160,3639
52,161,3639
52,162,3639
52,163,3639
52,164,3639
52,165,3639
52,181,3639
52,188,3639
52,189,3639
52,190,3639
52,209,3639
52,213,3639
52,214,3639
52,215,3639
52,261,3639
52,262,3639
52,273,3639
53,159,3639
53,160,3639
53,161,3639
53,162,3639
53,163,3639
53,164,3639
53,165,3639
53,181,3639
53,188,3639
53,189,3639
53,190,3639
53,209,3639
53,213,3639
53,214,3639
53,215,3639
53,261,3639
53,262,3639
53,273,3639
54,159,3639
54,160,3639
54,161,3639
54,162,3639
54,163,3639
54,164,3639
54,165,3639
54,181,3639
54,188,3639
54,189,3639
54,190,3639
54,209,3639
54,213,3639
54,214,3639
54,215,3639
54,261,3639
54,262,3639
54,273,3639
55,159,3639
55,160,3639
55,161,3639
55,162,3639
55,163,3639
55,164,3639
55,165,3639
55,181,3639
55,188,3639
55,189,3639
55,190,3639
55,209,3639
55,213,3639
55,214,3639
55,215,3639
55,261,3639
55,262,3639
55,273,3639
56,159,3639
56,160,3639
56,161,3639
56,162,3639
56,163,3639
56,164,3639
56,165,3639
56,181,3639
56,188,3639
56,189,3639
56,190,3639
56,209,3639
56,213,3639
56,214,3639
56,215,3639
56,261,3639
56,262,3639
56,273,3639
57,159,3639
57,160,3639
57,161,3639
57,162,3639
57,163,3639
57,164,3639
57,165,3639
57,181,3639
57,188,3639
57,189,3639
57,190,3639
57,209,3639
57,213,3639
57,214,3639
57,215,3639
57,261,3639
57,262,3639
57,273,3639
58,159,3639
58,160,3639
58,161,3639
58,162,3639
58,163,3639
58,164,3639
58,165,3639
58,181,3639
58,188,3639
58,189,3639
58,190,3639
58,209,3639
58,213,3639
58,214,3639
58,215,3639
58,261,3639
58,262,3639
58,273,3639
59,159,3639
59,160,3639
59,161,3639
59,162,3639
59,163,3639
59,164,3639
59,165,3639
59,181,3639
59,188,3639
59,189,3639
59,190,3639
59,209,3639
59,213,3639
59,214,3639
59,215,3639
59,240,3639
59,261,3639
59,262,3639
59,273,3639
60,159,3639
60,160,3639
60,161,3639
60,162,3639
60,163,3639
60,164,3639
60,165,3639
60,181,3639
60,188,3639
60,189,3639
60,190,3639
60,209,3639
60,213,3639
60,214,3639
60,215,3639
60,240,3639
60,261,3639
60,262,3639
60,273,3639
61,159,3639
61,160,3639
61,161,3639
61,162,3639
61,163,3639
61,164,3639
61,165,3639
61,181,3639
61,188,3639
61,189,3639
61,190,3639
61,209,3639
61,213,3639
61,214,3639
61,215,3639
61,261,3639
61,262,3639
61,273,3639
62,159,3639
62,160,3639
62,161,3639
62,162,3639
62,163,3639
62,164,3639
62,165,3639
62,181,3639
62,188,3639
62,189,3639
62,190,3639
62,209,3639
62,213,3639
62,214,3639
62,215,3639
62,240,3639
62,261,3639
62,262,3639
62,273,3639
63,159,3639
63,160,3639
63,161,3639
63,162,3639
63,163,3639
63,164,3639
63,165,3639
63,181,3639
63,188,3639
63,189,3639
63,190,3639
63,209,3639
63,213,3639
63,214,3639
63,215,3639
63,240,3639
63,261,3639
63,262,3639
63,273,3639
64,159,3639
64,160,3639
64,161,3639
64,162,3639
64,163,3639
64,164,3639
64,165,3639
64,181,3639
64,188,3639
64,189,3639
64,190,3639
64,209,3639
64,213,3639
64,214,3639
64,215,3639
64,240,3639
64,261,3639
64,262,3639
64,273,3639
65,159,3639
65,160,3639
65,161,3639
65,162,3639
65,163,3639
65,164,3639
65,165,3639
65,181,3639
65,188,3639
65,189,3639
65,190,3639
65,209,3639
65,213,3639
65,214,3639
65,215,3639
65,240,3639
65,261,3639
65,262,3639
65,273,3639
66,159,3639
66,160,3639
66,161,3639
66,162,3639
66,163,3639
66,164,3639
66,165,3639
66,181,3639
66,188,3639
66,189,3639
66,190,3639
66,209,3639
66,213,3639
66,214,3639
66,215,3639
66,240,3639
66,261,3639
66,262,3639
66,273,3639
67,159,3639
67,160,3639
67,161,3639
67,162,3639
67,163,3639
67,164,3639
67,165,3639
67,181,3639
67,188,3639
67,189,3639
67,190,3639
67,209,3639
67,213,3639
67,214,3639
67,215,3639
67,240,3639
67,261,3639
67,262,3639
67,273,3639
68,159,3639
68,160,3639
68,161,3639
68,162,3639
68,163,3639
68,164,3639
68,165,3639
68,181,3639
68,188,3639
68,189,3639
68,190,3639
68,209,3639
68,213,3639
68,214,3639
68,215,3639
68,240,3639
68,261,3639
68,262,3639
68,273,3639
69,159,3639
69,160,3639
69,161,3639
69,162,3639
69,163,3639
69,164,3639
69,165,3639
69,181,3639
69,188,3639
69,189,3639
69,190,3639
69,209,3639
69,213,3639
69,214,3639
69,215,3639
69,240,3639
69,261,3639
69,262,3639
69,273,3639
70,159,3639
70,160,3639
70,161,3639
70,162,3639
70,163,3639
70,164,3639
70,165,3639
70,181,3639
70,188,3639
70,189,3639
70,190,3639
70,209,3639
70,213,3639
70,214,3639
70,215,3639
70,240,3639
70,261,3639
70,262,3639
70,273,3639
71,159,3639
71,160,3639
71,161,3639
71,162,3639
71,163,3639
71,164,3639
71,165,3639
71,181,3639
71,188,3639
71,189,3639
71,190,3639
71,209,3639
71,213,3639
71,214,3639
71,215,3639
71,239,3639
71,240,3639
71,261,3639
71,262,3639
71,273,3639
72,159,3639
72,160,3639
72,161,3639
72,162,3639
72,163,3639
72,164,3639
72,165,3639
72,181,3639
72,188,3639
72,189,3639
72,190,3639
72,209,3639
72,213,3639
72,214,3639
72,215,3639
72,239,3639
72,240,3639
72,261,3639
72,262,3639
72,273,3639
73,159,3639
73,160,3639
73,161,3639
73,162,3639
73,163,3639
73,164,3639
73,165,3639
73,181,3639
73,188,3639
73,189,3639
73,190,3639
73,209,3639
73,213,3639
73,214,3639
73,215,3639
73,240,3639
73,261,3639
73,262,3639
73,273,3639
74,159,3639
74,160,3639
74,161,3639
74,162,3639
74,163,3639
74,164,3639
74,165,3639
74,181,3639
74,188,3639
74,189,3639
74,190,3639
74,209,3639
74,213,3639
74,214,3639
74,215,3639
74,239,3639
74,240,3639
74,261,3639
74,262,3639
74,273,3639
75,159,3639
75,160,3639
75,161,3639
75,162,3639
75,163,3639
75,164,3639
75,165,3639
75,181,3639
75,188,3639
75,189,3639
75,190,3639
75,209,3639
75,213,3639
75,214,3639
75,215,3639
75,239,3639
75,240,3639
75,261,3639
75,262,3639
75,273,3639
76,159,3639
76,160,3639
76,161,3639
76,162,3639
76,163,3639
76,164,3639
76,165,3639
76,181,3639
76,188,3639
76,189,3639
76,190,3639
76,209,3639
76,213,3639
76,214,3639
76,215,3639
76,239,3639
76,240,3639
76,261,3639
76,262,3639
76,273,3639
77,159,3639
77,160,3639
77,161,3639
77,162,3639
77,163,3639
77,164,3639
77,165,3639
77,181,3639
77,188,3639
77,189,3639
77,190,3639
77,209,3639
77,213,3639
77,214,3639
77,215,3639
77,240,3639
77,261,3639
77,262,3639
77,273,3639
78,159,3639
78,160,3639
78,161,3639
78,162,3639
78,163,3639
78,164,3639
78,165,3639
78,181,3639
78,188,3639
78,189,3639
78,190,3639
78,209,3639
78,213,3639
78,214,3639
78,215,3639
78,240,3639
78,261,3639
78,262,3639
78,273,3639
79,159,3639
79,160,3639
79,161,3639
79,162,3639
79,163,3639
79,164,3639
79,165,3639
79,181,3639
79,188,3639
79,189,3639
79,190,3639
79,209,3639
79,213,3639
79,214,3639
79,215,3639
79,240,3639
79,261,3639
79,262,3639
79,273,3639
80,159,3639
80,160,3639
80,161,3639
80,162,3639
80,163,3639
80,164,3639
80,165,3639
80,181,3639
80,188,3639
80,189,3639
80,190,3639
80,209,3639
80,213,3639
80,214,3639
80,215,3639
80,240,3639
80,261,3639
80,262,3639
80,273,3639
81,159,3639
81,160,3639
81,161,3639
81,162,3639
81,163,3639
81,164,3639
81,165,3639
81,181,3639
81,188,3639
81,189,3639
81,190,3639
81,209,3639
81,213,3639
81,214,3639
81,215,3639
81,240,3639
81,261,3639
81,262,3639
81,273,3639
82,159,3639
82,160,3639
82,161,3639
82,162,3639
82,163,3639
82,164,3639
82,165,3639
82,181,3639
82,188,3639
82,189,3639
82,190,3639
82,209,3639
82,213,3639
82,214,3639
82,215,3639
82,240,3639
82,261,3639
82,262,3639
82,273,3639
120,159,3639
120,160,3639
120,161,3639
120,162,3639
120,163,3639
120,164,3639
120,165,3639
120,181,3639
120,188,3639
120,189,3639
120,190,3639
120,209,3639
120,213,3639
120,214,3639
120,215,3639
120,261,3639
120,262,3639
120,273,3639
121,159,3639
121,160,3639
121,161,3639
121,162,3639
121,163,3639
121,164,3639
121,165,3639
121,181,3639
121,188,3639
121,189,3639
121,190,3639
121,209,3639
121,213,3639
121,214,3639
121,215,3639
121,239,3639
121,240,3639
121,261,3639
121,262,3639
121,273,3639
123,159,3639
123,160,3639
123,161,3639
123,162,3639
123,163,3639
123,164,3639
123,165,3639
123,181,3639
123,188,3639
123,189,3639
123,190,3639
123,209,3639
123,213,3639
123,214,3639
123,215,3639
123,240,3639
123,261,3639
123,262,3639
123,273,3639
124,159,3639
124,160,3639
124,161,3639
124,162,3639
124,163,3639
124,164,3639
124,165,3639
124,181,3639
124,188,3639
124,189,3639
124,190,3639
124,209,3639
124,213,3639
124,214,3639
124,215,3639
124,239,3639
124,240,3639
124,261,3639
124,262,3639
124,273,3639
125,159,3639
125,160,3639
125,161,3639
125,162,3639
125,163,3639
125,164,3639
125,165,3639
125,181,3639
125,188,3639
125,189,3639
125,190,3639
125,209,3639
125,213,3639
125,214,3639
125,215,3639
125,239,3639
125,240,3639
125,261,3639
125,262,3639
125,273,3639
130,159,3639
130,160,3639
130,161,3639
130,162,3639
130,163,3639
130,164,3639
130,165,3639
130,181,3639
130,188,3639
130,189,3639
130,190,3639
130,209,3639
130,213,3639
130,214,3639
130,215,3639
130,261,3639
130,262,3639
131,159,3639
131,160,3639
131,161,3639
131,162,3639
131,163,3639
131,164,3639
131,165,3639
131,181,3639
131,188,3639
131,189,3639
131,190,3639
131,209,3639
131,213,3639
131,214,3639
131,215,3639
131,261,3639
131,262,3639
132,159,3639
132,160,3639
132,161,3639
132,162,3639
132,163,3639
132,164,3639
132,165,3639
132,181,3639
132,188,3639
132,189,3639
132,190,3639
132,209,3639
132,213,3639
132,214,3639
132,215,3639
132,261,3639
132,262,3639
133,159,3639
133,160,3639
133,161,3639
133,162,3639
133,163,3639
133,164,3639
133,165,3639
133,181,3639
133,188,3639
133,189,3639
133,190,3639
133,209,3639
133,213,3639
133,214,3639
133,215,3639
133,261,3639
133,262,3639
133,273,3639
135,159,3639
135,160,3639
135,161,3639
135,162,3639
135,163,3639
135,164,3639
135,165,3639
135,181,3639
135,188,3639
135,189,3639
135,190,3639
135,209,3639
135,213,3639
135,214,3639
135,215,3639
135,240,3639
135,261,3639
135,262,3639
135,273,3639
138,159,3639
138,160,3639
138,161,3639
138,162,3639
138,163,3639
138,164,3639
138,165,3639
138,181,3639
138,188,3639
138,189,3639
138,190,3639
138,209,3639
138,213,3639
138,214,3639
138,215,3639
138,240,3639
138,261,3639
138,262,3639
138,273,3639
141,159,3639
141,160,3639
141,161,3639
141,162,3639
141,163,3639
141,164,3639
141,165,3639
141,181,3639
141,188,3639
141,189,3639
141,190,3639
141,209,3639
141,213,3639
141,214,3639
141,215,3639
141,240,3639
141,261,3639
141,262,3639
141,273,3639
142,159,3639
142,160,3639
142,161,3639
142,162,3639
142,163,3639
142,164,3639
142,165,3639
142,181,3639
142,188,3639
142,189,3639
142,190,3639
142,209,3639
142,213,3639
142,214,3639
142,215,3639
142,240,3639
142,261,3639
142,262,3639
142,273,3639
144,159,3639
144,160,3639
144,161,3639
144,162,3639
144,163,3639
144,164,3639
144,165,3639
144,181,3639
144,188,3639
144,189,3639
144,190,3639
144,209,3639
144,213,3639
144,214,3639
144,215,3639
144,261,3639
144,262,3639
147,159,3639
147,160,3639
147,161,3639
147,162,3639
147,163,3639
147,164,3639
147,165,3639
147,181,3639
147,188,3639
147,189,3639
147,190,3639
147,209,3639
147,213,3639
147,214,3639
147,215,3639
147,240,3639
147,261,3639
147,262,3639
147,273,3639
159,1,3639
159,2,3639
159,3,3639
159,4,3639
159,5,3639
159,6,3639
159,7,3639
159,8,3639
159,9,3639
159,10,3639
159,11,3639
159,12,3639
159,13,3639
159,14,3639
159,15,3639
159,16,3639
159,17,3639
159,30,3639
159,31,3639
159,32,3639
159,33,3639
159,34,3639
159,35,3639
159,36,3639
159,37,3639
159,38,3639
159,39,3639
159,40,3639
159,41,3639
159,42,3639
159,43,3639
159,44,3639
159,45,3639
159,46,3639
159,47,3639
159,48,3639
159,49,3639
159,50,3639
159,51,3639
159,52,3639
159,53,3639
159,54,3639
159,55,3639
159,56,3639
159,57,3639
159,58,3639
159,59,3639
159,60,3639
159,61,3639
159,62,3639
159,63,3639
159,64,3639
159,65,3639
159,66,3639
159,67,3639
159,68,3639
159,69,3639
159,70,3639
159,71,3639
159,72,3639
159,73,3639
159,74,3639
159,75,3639
159,76,3639
159,77,3639
159,78,3639
159,79,3639
159,80,3639
159,81,3639
159,82,3639
159,120,3639
159,121,3639
159,123,3639
159,124,3639
159,125,3639
159,130,3639
159,131,3639
159,132,3639
159,133,3639
159,135,3639
159,138,3639
159,141,3639
159,142,3639
159,144,3639
159,147,3639
160,1,3639
160,2,3639
160,3,3639
160,4,3639
160,5,3639
160,6,3639
160,7,3639
160,8,3639
160,9,3639
160,10,3639
160,11,3639
160,12,3639
160,13,3639
160,14,3639
160,15,3639
160,16,3639
160,17,3639
160,30,3639
160,31,3639
160,32,3639
160,33,3639
160,34,3639
160,35,3639
160,36,3639
160,37,3639
160,38,3639
160,39,3639
160,40,3639
160,41,3639
160,42,3639
160,43,3639
160,44,3639
160,45,3639
160,46,3639
160,47,3639
160,48,3639
160,49,3639
160,50,3639
160,51,3639
160,52,3639
160,53,3639
160,54,3639
160,55,3639
160,56,3639
160,57,3639
160,58,3639
160,59,3639
160,60,3639
160,61,3639
160,62,3639
160,63,3639
160,64,3639
160,65,3639
160,66,3639
160,67,3639
160,68,3639
160,69,3639
160,70,3639
160,71,3639
160,72,3639
160,73,3639
160,74,3639
160,75,3639
160,76,3639
160,77,3639
160,78,3639
160,79,3639
160,80,3639
160,81,3639
160,82,3639
160,120,3639
160,121,3639
160,123,3639
160,124,3639
160,125,3639
160,130,3639
160,131,3639
160,132,3639
160,133,3639
160,135,3639
160,138,3639
160,141,3639
160,142,3639
160,144,3639
160,147,3639
161,1,3639
161,2,3639
161,3,3639
161,4,3639
161,5,3639
161,6,3639
161,7,3639
161,8,3639
161,9,3639
161,10,3639
161,11,3639
161,12,3639
161,13,3639
161,14,3639
161,15,3639
161,16,3639
161,17,3639
161,30,3639
161,31,3639
161,32,3639
161,33,3639
161,34,3639
161,35,3639
161,36,3639
161,37,3639
161,38,3639
161,39,3639
161,40,3639
161,41,3639
161,42,3639
161,43,3639
161,44,3639
161,45,3639
161,46,3639
161,47,3639
161,48,3639
161,49,3639
161,50,3639
161,51,3639
161,52,3639
161,53,3639
161,54,3639
161,55,3639
161,56,3639
161,57,3639
161,58,3639
161,59,3639
161,60,3639
161,61,3639
161,62,3639
161,63,3639
161,64,3639
161,65,3639
161,66,3639
161,67,3639
161,68,3639
161,69,3639
161,70,3639
161,71,3639
161,72,3639
161,73,3639
161,74,3639
161,75,3639
161,76,3639
161,77,3639
161,78,3639
161,79,3639
161,80,3639
161,81,3639
161,82,3639
161,120,3639
161,121,3639
161,123,3639
161,124,3639
161,125,3639
161,130,3639
161,131,3639
161,132,3639
161,133,3639
161,135,3639
161,138,3639
161,141,3639
161,142,3639
161,144,3639
161,147,3639
162,1,3639
162,2,3639
162,3,3639
162,4,3639
162,5,3639
162,6,3639
162,7,3639
162,8,3639
162,9,3639
162,10,3639
162,11,3639
162,12,3639
162,13,3639
162,14,3639
162,15,3639
162,16,3639
162,17,3639
162,30,3639
162,31,3639
162,32,3639
162,33,3639
162,34,3639
162,35,3639
162,36,3639
162,37,3639
162,38,3639
162,39,3639
162,40,3639
162,41,3639
162,42,3639
162,43,3639
162,44,3639
162,45,3639
162,46,3639
162,47,3639
162,48,3639
162,49,3639
162,50,3639
162,51,3639
162,52,3639
162,53,3639
162,54,3639
162,55,3639
162,56,3639
162,57,3639
162,58,3639
162,59,3639
162,60,3639
162,61,3639
162,62,3639
162,63,3639
162,64,3639
162,65,3639
162,66,3639
162,67,3639
162,68,3639
162,69,3639
162,70,3639
162,71,3639
162,72,3639
162,73,3639
162,74,3639
162,75,3639
162,76,3639
162,77,3639
162,78,3639
162,79,3639
162,80,3639
162,81,3639
162,82,3639
162,120,3639
162,121,3639
162,123,3639
162,124,3639
162,125,3639
162,130,3639
162,131,3639
162,132,3639
162,133,3639
162,135,3639
162,138,3639
162,141,3639
162,142,3639
162,144,3639
162,147,3639
163,1,3639
163,2,3639
163,3,3639
163,4,3639
163,5,3639
163,6,3639
163,7,3639
163,8,3639
163,9,3639
163,10,3639
163,11,3639
163,12,3639
163,13,3639
163,14,3639
163,15,3639
163,16,3639
163,17,3639
163,30,3639
163,31,3639
163,32,3639
163,33,3639
163,34,3639
163,35,3639
163,36,3639
163,37,3639
163,38,3639
163,39,3639
163,40,3639
163,41,3639
163,42,3639
163,43,3639
163,44,3639
163,45,3639
163,46,3639
163,47,3639
163,48,3639
163,49,3639
163,50,3639
163,51,3639
163,52,3639
163,53,3639
163,54,3639
163,55,3639
163,56,3639
163,57,3639
163,58,3639
163,59,3639
163,60,3639
163,61,3639
163,62,3639
163,63,3639
163,64,3639
163,65,3639
163,66,3639
163,67,3639
163,68,3639
163,69,3639
163,70,3639
163,71,3639
163,72,3639
163,73,3639
163,74,3639
163,75,3639
163,76,3639
163,77,3639
163,78,3639
163,79,3639
163,80,3639
163,81,3639
163,82,3639
163,120,3639
163,121,3639
163,123,3639
163,124,3639
163,125,3639
163,130,3639
163,131,3639
163,132,3639
163,133,3639
163,135,3639
163,138,3639
163,141,3639
163,142,3639
163,144,3639
163,147,3639
164,1,3639
164,2,3639
164,3,3639
164,4,3639
164,5,3639
164,6,3639
164,7,3639
164,8,3639
164,9,3639
164,10,3639
164,11,3639
164,12,3639
164,13,3639
164,14,3639
164,15,3639
164,16,3639
164,17,3639
164,30,3639
164,31,3639
164,32,3639
164,33,3639
164,34,3639
164,35,3639
164,36,3639
164,37,3639
164,38,3639
164,39,3639
164,40,3639
164,41,3639
164,42,3639
164,43,3639
164,44,3639
164,45,3639
164,46,3639
164,47,3639
164,48,3639
164,49,3639
164,50,3639
164,51,3639
164,52,3639
164,53,3639
164,54,3639
164,55,3639
164,56,3639
164,57,3639
164,58,3639
164,59,3639
164,60,3639
164,61,3639
164,62,3639
164,63,3639
164,64,3639
164,65,3639
164,66,3639
164,67,3639
164,68,3639
164,69,3639
164,70,3639
164,71,3639
164,72,3639
164,73,3639
164,74,3639
164,75,3639
164,76,3639
164,77,3639
164,78,3639
164,79,3639
164,80,3639
164,81,3639
164,82,3639
164,120,3639
164,121,3639
164,123,3639
164,124,3639
164,125,3639
164,130,3639
164,131,3639
164,132,3639
164,133,3639
164,135,3639
164,138,3639
164,141,3639
164,142,3639
164,144,3639
164,147,3639
165,1,3639
165,2,3639
165,3,3639
165,4,3639
165,5,3639
165,6,3639
165,7,3639
165,8,3639
165,9,3639
165,10,3639
165,11,3639
165,12,3639
165,13,3639
165,14,3639
165,15,3639
165,16,3639
165,17,3639
165,30,3639
165,31,3639
165,32,3639
165,33,3639
165,34,3639
165,35,3639
165,36,3639
165,37,3639
165,38,3639
165,39,3639
165,40,3639
165,41,3639
165,42,3639
165,43,3639
165,44,3639
165,45,3639
165,46,3639
165,47,3639
165,48,3639
165,49,3639
165,50,3639
165,51,3639
165,52,3639
165,53,3639
165,54,3639
165,55,3639
165,56,3639
165,57,3639
165,58,3639
165,59,3639
165,60,3639
165,61,3639
165,62,3639
165,63,3639
165,64,3639
165,65,3639
165,66,3639
165,67,3639
165,68,3639
165,69,3639
165,70,3639
165,71,3639
165,72,3639
165,73,3639
165,74,3639
165,75,3639
165,76,3639
165,77,3639
165,78,3639
165,79,3639
165,80,3639
165,81,3639
165,82,3639
165,120,3639
165,121,3639
165,123,3639
165,124,3639
165,125,3639
165,130,3639
165,131,3639
165,132,3639
165,133,3639
165,135,3639
165,138,3639
165,141,3639
165,142,3639
165,144,3639
165,147,3639
181,1,3639
181,2,3639
181,3,3639
181,4,3639
181,5,3639
181,6,3639
181,7,3639
181,8,3639
181,9,3639
181,10,3639
181,11,3639
181,12,3639
181,13,3639
181,14,3639
181,15,3639
181,16,3639
181,17,3639
181,30,3639
181,31,3639
181,32,3639
181,33,3639
181,34,3639
181,35,3639
181,36,3639
181,37,3639
181,38,3639
181,39,3639
181,40,3639
181,41,3639
181,42,3639
181,43,3639
181,44,3639
181,45,3639
181,46,3639
181,47,3639
181,48,3639
181,49,3639
181,50,3639
181,51,3639
181,52,3639
181,53,3639
181,54,3639
181,55,3639
181,56,3639
181,57,3639
181,58,3639
181,59,3639
181,60,3639
181,61,3639
181,62,3639
181,63,3639
181,64,3639
181,65,3639
181,66,3639
181,67,3639
181,68,3639
181,69,3639
181,70,3639
181,71,3639
181,72,3639
181,73,3639
181,74,3639
181,75,3639
181,76,3639
181,77,3639
181,78,3639
181,79,3639
181,80,3639
181,81,3639
181,82,3639
181,120,3639
181,121,3639
181,123,3639
181,124,3639
181,125,3639
181,130,3639
181,131,3639
181,132,3639
181,133,3639
181,135,3639
181,138,3639
181,141,3639
181,142,3639
181,144,3639
181,147,3639
188,1,3639
188,2,3639
188,3,3639
188,4,3639
188,5,3639
188,6,3639
188,7,3639
188,8,3639
188,9,3639
188,10,3639
188,11,3639
188,12,3639
188,13,3639
188,14,3639
188,15,3639
188,16,3639
188,17,3639
188,30,3639
188,31,3639
188,32,3639
188,33,3639
188,34,3639
188,35,3639
188,36,3639
188,37,3639
188,38,3639
188,39,3639
188,40,3639
188,41,3639
188,42,3639
188,43,3639
188,44,3639
188,45,3639
188,46,3639
188,47,3639
188,48,3639
188,49,3639
188,50,3639
188,51,3639
188,52,3639
188,53,3639
188,54,3639
188,55,3639
188,56,3639
188,57,3639
188,58,3639
188,59,3639
188,60,3639
188,61,3639
188,62,3639
188,63,3639
188,64,3639
188,65,3639
188,66,3639
188,67,3639
188,68,3639
188,69,3639
188,70,3639
188,71,3639
188,72,3639
188,73,3639
188,74,3639
188,75,3639
188,76,3639
188,77,3639
188,78,3639
188,79,3639
188,80,3639
188,81,3639
188,82,3639
188,120,3639
188,121,3639
188,123,3639
188,124,3639
188,125,3639
188,130,3639
188,131,3639
188,132,3639
188,133,3639
188,135,3639
188,138,3639
188,141,3639
188,142,3639
188,144,3639
188,147,3639
189,1,3639
189,2,3639
189,3,3639
189,4,3639
189,5,3639
189,6,3639
189,7,3639
189,8,3639
189,9,3639
189,10,3639
189,11,3639
189,12,3639
189,13,3639
189,14,3639
189,15,3639
189,16,3639
189,17,3639
189,30,3639
189,31,3639
189,32,3639
189,33,3639
189,34,3639
189,35,3639
189,36,3639
189,37,3639
189,38,3639
189,39,3639
189,40,3639
189,41,3639
189,42,3639
189,43,3639
189,44,3639
189,45,3639
189,46,3639
189,47,3639
189,48,3639
189,49,3639
189,50,3639
189,51,3639
189,52,3639
189,53,3639
189,54,3639
189,55,3639
189,56,3639
189,57,3639
189,58,3639
189,59,3639
189,60,3639
189,61,3639
189,62,3639
189,63,3639
189,64,3639
189,65,3639
189,66,3639
189,67,3639
189,68,3639
189,69,3639
189,70,3639
189,71,3639
189,72,3639
189,73,3639
189,74,3639
189,75,3639
189,76,3639
189,77,3639
189,78,3639
189,79,3639
189,80,3639
189,81,3639
189,82,3639
189,120,3639
189,121,3639
189,123,3639
189,124,3639
189,125,3639
189,130,3639
189,131,3639
189,132,3639
189,133,3639
189,135,3639
189,138,3639
189,141,3639
189,142,3639
189,144,3639
189,147,3639
190,1,3639
190,2,3639
190,3,3639
190,4,3639
190,5,3639
190,6,3639
190,7,3639
190,8,3639
190,9,3639
190,10,3639
190,11,3639
190,12,3639
190,13,3639
190,14,3639
190,15,3639
190,16,3639
190,17,3639
190,30,3639
190,31,3639
190,32,3639
190,33,3639
190,34,3639
190,35,3639
190,36,3639
190,37,3639
190,38,3639
190,39,3639
190,40,3639
190,41,3639
190,42,3639
190,43,3639
190,44,3639
190,45,3639
190,46,3639
190,47,3639
190,48,3639
190,49,3639
190,50,3639
190,51,3639
190,52,3639
190,53,3639
190,54,3639
190,55,3639
190,56,3639
190,57,3639
190,58,3639
190,59,3639
190,60,3639
190,61,3639
190,62,3639
190,63,3639
190,64,3639
190,65,3639
190,66,3639
190,67,3639
190,68,3639
190,69,3639
190,70,3639
190,71,3639
190,72,3639
190,73,3639
190,74,3639
190,75,3639
190,76,3639
190,77,3639
190,78,3639
190,79,3639
190,80,3639
190,81,3639
190,82,3639
190,120,3639
190,121,3639
190,123,3639
190,124,3639
190,125,3639
190,130,3639
190,131,3639
190,132,3639
190,133,3639
190,135,3639
190,138,3639
190,141,3639
190,142,3639
190,144,3639
190,147,3639
209,1,3639
209,2,3639
209,3,3639
209,4,3639
209,5,3639
209,6,3639
209,7,3639
209,8,3639
209,9,3639
209,10,3639
209,11,3639
209,12,3639
209,13,3639
209,14,3639
209,15,3639
209,16,3639
209,17,3639
209,30,3639
209,31,3639
209,32,3639
209,33,3639
209,34,3639
209,35,3639
209,36,3639
209,37,3639
209,38,3639
209,39,3639
209,40,3639
209,41,3639
209,42,3639
209,43,3639
209,44,3639
209,45,3639
209,46,3639
209,47,3639
209,48,3639
209,49,3639
209,50,3639
209,51,3639
209,52,3639
209,53,3639
209,54,3639
209,55,3639
209,56,3639
209,57,3639
209,58,3639
209,59,3639
209,60,3639
209,61,3639
209,62,3639
209,63,3639
209,64,3639
209,65,3639
209,66,3639
209,67,3639
209,68,3639
209,69,3639
209,70,3639
209,71,3639
209,72,3639
209,73,3639
209,74,3639
209,75,3639
209,76,3639
209,77,3639
209,78,3639
209,79,3639
209,80,3639
209,81,3639
209,82,3639
209,120,3639
209,121,3639
209,123,3639
209,124,3639
209,125,3639
209,130,3639
209,131,3639
209,132,3639
209,133,3639
209,135,3639
209,138,3639
209,141,3639
209,142,3639
209,144,3639
209,147,3639
213,1,3639
213,2,3639
213,3,3639
213,4,3639
213,5,3639
213,6,3639
213,7,3639
213,8,3639
213,9,3639
213,10,3639
213,11,3639
213,12,3639
213,13,3639
213,14,3639
213,15,3639
213,16,3639
213,17,3639
213,30,3639
213,31,3639
213,32,3639
213,33,3639
213,34,3639
213,35,3639
213,36,3639
213,37,3639
213,38,3639
213,39,3639
213,40,3639
213,41,3639
213,42,3639
213,43,3639
213,44,3639
213,45,3639
213,46,3639
213,47,3639
213,48,3639
213,49,3639
213,50,3639
213,51,3639
213,52,3639
213,53,3639
213,54,3639
213,55,3639
213,56,3639
213,57,3639
213,58,3639
213,59,3639
213,60,3639
213,61,3639
213,62,3639
213,63,3639
213,64,3639
213,65,3639
213,66,3639
213,67,3639
213,68,3639
213,69,3639
213,70,3639
213,71,3639
213,72,3639
213,73,3639
213,74,3639
213,75,3639
213,76,3639
213,77,3639
213,78,3639
213,79,3639
213,80,3639
213,81,3639
213,82,3639
213,120,3639
213,121,3639
213,123,3639
213,124,3639
213,125,3639
213,130,3639
213,131,3639
213,132,3639
213,133,3639
213,135,3639
213,138,3639
213,141,3639
213,142,3639
213,144,3639
213,147,3639
214,1,3639
214,2,3639
214,3,3639
214,4,3639
214,5,3639
214,6,3639
214,7,3639
214,8,3639
214,9,3639
214,10,3639
214,11,3639
214,12,3639
214,13,3639
214,14,3639
214,15,3639
214,16,3639
214,17,3639
214,30,3639
214,31,3639
214,32,3639
214,33,3639
214,34,3639
214,35,3639
214,36,3639
214,37,3639
214,38,3639
214,39,3639
214,40,3639
214,41,3639
214,42,3639
214,43,3639
214,44,3639
214,45,3639
214,46,3639
214,47,3639
214,48,3639
214,49,3639
214,50,3639
214,51,3639
214,52,3639
214,53,3639
214,54,3639
214,55,3639
214,56,3639
214,57,3639
214,58,3639
214,59,3639
214,60,3639
214,61,3639
214,62,3639
214,63,3639
214,64,3639
214,65,3639
214,66,3639
214,67,3639
214,68,3639
214,69,3639
214,70,3639
214,71,3639
214,72,3639
214,73,3639
214,74,3639
214,75,3639
214,76,3639
214,77,3639
214,78,3639
214,79,3639
214,80,3639
214,81,3639
214,82,3639
214,120,3639
214,121,3639
214,123,3639
214,124,3639
214,125,3639
214,130,3639
214,131,3639
214,132,3639
214,133,3639
214,135,3639
214,138,3639
214,141,3639
214,142,3639
214,144,3639
214,147,3639
215,1,3639
215,2,3639
215,3,3639
215,4,3639
215,5,3639
215,6,3639
215,7,3639
215,8,3639
215,9,3639
215,10,3639
215,11,3639
215,12,3639
215,13,3639
215,14,3639
215,15,3639
215,16,3639
215,17,3639
215,30,3639
215,31,3639
215,32,3639
215,33,3639
215,34,3639
215,35,3639
215,36,3639
215,37,3639
215,38,3639
215,39,3639
215,40,3639
215,41,3639
215,42,3639
215,43,3639
215,44,3639
215,45,3639
215,46,3639
215,47,3639
215,48,3639
215,49,3639
215,50,3639
215,51,3639
215,52,3639
215,53,3639
215,54,3639
215,55,3639
215,56,3639
215,57,3639
215,58,3639
215,59,3639
215,60,3639
215,61,3639
215,62,3639
215,63,3639
215,64,3639
215,65,3639
215,66,3639
215,67,3639
215,68,3639
215,69,3639
215,70,3639
215,71,3639
215,72,3639
215,73,3639
215,74,3639
215,75,3639
215,76,3639
215,77,3639
215,78,3639
215,79,3639
215,80,3639
215,81,3639
215,82,3639
215,120,3639
215,121,3639
215,123,3639
215,124,3639
215,125,3639
215,130,3639
215,131,3639
215,132,3639
215,133,3639
215,135,3639
215,138,3639
215,141,3639
215,142,3639
215,144,3639
215,147,3639
239,71,3639
239,72,3639
239,74,3639
239,75,3639
239,76,3639
239,121,3639
239,124,3639
239,125,3639
240,1,3639
240,2,3639
240,3,3639
240,4,3639
240,5,3639
240,6,3639
240,7,3639
240,8,3639
240,9,3639
240,10,3639
240,11,3639
240,12,3639
240,13,3639
240,14,3639
240,15,3639
240,16,3639
240,17,3639
240,39,3639
240,42,3639
240,43,3639
240,44,3639
240,45,3639
240,59,3639
240,60,3639
240,61,3639
240,62,3639
240,63,3639
240,64,3639
240,65,3639
240,66,3639
240,67,3639
240,68,3639
240,69,3639
240,70,3639
240,71,3639
240,72,3639
240,73,3639
240,74,3639
240,75,3639
240,76,3639
240,77,3639
240,78,3639
240,79,3639
240,80,3639
240,81,3639
240,82,3639
240,120,3639
240,121,3639
240,123,3639
240,124,3639
240,125,3639
240,135,3639
240,138,3639
240,141,3639
240,142,3639
240,147,3639
261,1,3639
261,2,3639
261,3,3639
261,4,3639
261,5,3639
261,6,3639
261,7,3639
261,8,3639
261,9,3639
261,10,3639
261,11,3639
261,12,3639
261,13,3639
261,14,3639
261,15,3639
261,16,3639
261,17,3639
261,30,3639
261,31,3639
261,32,3639
261,33,3639
261,34,3639
261,35,3639
261,36,3639
261,37,3639
261,38,3639
261,39,3639
261,40,3639
261,41,3639
261,42,3639
261,43,3639
261,44,3639
261,45,3639
261,46,3639
261,47,3639
261,48,3639
261,49,3639
261,50,3639
261,51,3639
261,52,3639
261,53,3639
261,54,3639
261,55,3639
261,56,3639
261,57,3639
261,58,3639
261,59,3639
261,60,3639
261,61,3639
261,62,3639
261,63,3639
261,64,3639
261,65,3639
261,66,3639
261,67,3639
261,68,3639
261,69,3639
261,70,3639
261,71,3639
261,72,3639
261,73,3639
261,74,3639
261,75,3639
261,76,3639
261,77,3639
261,78,3639
261,79,3639
261,80,3639
261,81,3639
261,82,3639
261,120,3639
261,121,3639
261,123,3639
261,124,3639
261,125,3639
261,130,3639
261,131,3639
261,132,3639
261,133,3639
261,135,3639
261,138,3639
261,141,3639
261,142,3639
261,144,3639
261,147,3639
262,1,3639
262,2,3639
262,3,3639
262,4,3639
262,5,3639
262,6,3639
262,7,3639
262,8,3639
262,9,3639
262,10,3639
262,11,3639
262,12,3639
262,13,3639
262,14,3639
262,15,3639
262,16,3639
262,17,3639
262,30,3639
262,31,3639
262,32,3639
262,33,3639
262,34,3639
262,35,3639
262,36,3639
262,37,3639
262,38,3639
262,39,3639
262,40,3639
262,41,3639
262,42,3639
262,43,3639
262,44,3639
262,45,3639
262,46,3639
262,47,3639
262,48,3639
262,49,3639
262,50,3639
262,51,3639
262,52,3639
262,53,3639
262,54,3639
262,55,3639
262,56,3639
262,57,3639
262,58,3639
262,59,3639
262,60,3639
262,61,3639
262,62,3639
262,63,3639
262,64,3639
262,65,3639
262,66,3639
262,67,3639
262,68,3639
262,69,3639
262,70,3639
262,71,3639
262,72,3639
262,73,3639
262,74,3639
262,75,3639
262,76,3639
262,77,3639
262,78,3639
262,79,3639
262,80,3639
262,81,3639
262,82,3639
262,120,3639
262,121,3639
262,123,3639
262,124,3639
262,125,3639
262,130,3639
262,131,3639
262,132,3639
262,133,3639
262,135,3639
262,138,3639
262,141,3639
262,142,3639
262,144,3639
262,147,3639
273,1,3639
273,2,3639
273,3,3639
273,4,3639
273,5,3639
273,6,3639
273,7,3639
273,8,3639
273,9,3639
273,10,3639
273,11,3639
273,12,3639
273,13,3639
273,14,3639
273,15,3639
273,16,3639
273,17,3639
273,30,3639
273,31,3639
273,32,3639
273,33,3639
273,34,3639
273,35,3639
273,36,3639
273,37,3639
273,38,3639
273,39,3639
273,40,3639
273,41,3639
273,42,3639
273,43,3639
273,44,3639
273,45,3639
273,46,3639
273,47,3639
273,48,3639
273,49,3639
273,50,3639
273,51,3639
273,52,3639
273,53,3639
273,54,3639
273,55,3639
273,56,3639
273,57,3639
273,58,3639
273,59,3639
273,60,3639
273,61,3639
273,62,3639
273,63,3639
273,64,3639
273,65,3639
273,66,3639
273,67,3639
273,68,3639
273,69,3639
273,70,3639
273,71,3639
273,72,3639
273,73,3639
273,74,3639
273,75,3639
273,76,3639
273,77,3639
273,78,3639
273,79,3639
273,80,3639
273,81,3639
273,82,3639
273,120,3639
273,121,3639
273,123,3639
273,124,3639
273,125,3639
273,133,3639
273,135,3639
273,138,3639
273,141,3639
273,142,3639
273,147,3639
18,159,3640
18,160,3640
18,161,3640
18,162,3640
18,163,3640
18,164,3640
18,165,3640
18,181,3640
18,188,3640
18,189,3640
18,190,3640
18,209,3640
18,213,3640
18,214,3640
18,215,3640
18,240,3640
18,261,3640
18,262,3640
18,273,3640
19,159,3640
19,160,3640
19,161,3640
19,162,3640
19,163,3640
19,164,3640
19,165,3640
19,181,3640
19,188,3640
19,189,3640
19,190,3640
19,209,3640
19,213,3640
19,214,3640
19,215,3640
19,240,3640
19,261,3640
19,262,3640
19,273,3640
20,159,3640
20,160,3640
20,161,3640
20,162,3640
20,163,3640
20,164,3640
20,165,3640
20,181,3640
20,188,3640
20,189,3640
20,190,3640
20,209,3640
20,213,3640
20,214,3640
20,215,3640
20,240,3640
20,261,3640
20,262,3640
20,273,3640
21,159,3640
21,160,3640
21,161,3640
21,162,3640
21,163,3640
21,164,3640
21,165,3640
21,181,3640
21,188,3640
21,189,3640
21,190,3640
21,209,3640
21,213,3640
21,214,3640
21,215,3640
21,239,3640
21,240,3640
21,261,3640
21,262,3640
21,273,3640
22,159,3640
22,160,3640
22,161,3640
22,162,3640
22,163,3640
22,164,3640
22,165,3640
22,181,3640
22,188,3640
22,189,3640
22,190,3640
22,209,3640
22,213,3640
22,214,3640
22,215,3640
22,239,3640
22,240,3640
22,261,3640
22,262,3640
22,273,3640
23,159,3640
23,160,3640
23,161,3640
23,162,3640
23,163,3640
23,164,3640
23,165,3640
23,181,3640
23,188,3640
23,189,3640
23,190,3640
23,209,3640
23,213,3640
23,214,3640
23,215,3640
23,239,3640
23,240,3640
23,261,3640
23,262,3640
23,273,3640
24,159,3640
24,160,3640
24,161,3640
24,162,3640
24,163,3640
24,164,3640
24,165,3640
24,181,3640
24,188,3640
24,189,3640
24,190,3640
24,209,3640
24,213,3640
24,214,3640
24,215,3640
24,240,3640
24,261,3640
24,262,3640
24,273,3640
25,159,3640
25,160,3640
25,161,3640
25,162,3640
25,163,3640
25,164,3640
25,165,3640
25,181,3640
25,188,3640
25,189,3640
25,190,3640
25,209,3640
25,213,3640
25,214,3640
25,215,3640
25,239,3640
25,240,3640
25,261,3640
25,262,3640
25,273,3640
26,159,3640
26,160,3640
26,161,3640
26,162,3640
26,163,3640
26,164,3640
26,165,3640
26,181,3640
26,188,3640
26,189,3640
26,190,3640
26,209,3640
26,213,3640
26,214,3640
26,215,3640
26,239,3640
26,240,3640
26,261,3640
26,262,3640
26,273,3640
27,159,3640
27,160,3640
27,161,3640
27,162,3640
27,163,3640
27,164,3640
27,165,3640
27,181,3640
27,188,3640
27,189,3640
27,190,3640
27,209,3640
27,213,3640
27,214,3640
27,215,3640
27,239,3640
27,240,3640
27,261,3640
27,262,3640
27,273,3640
28,159,3640
28,160,3640
28,161,3640
28,162,3640
28,163,3640
28,164,3640
28,165,3640
28,181,3640
28,188,3640
28,189,3640
28,190,3640
28,209,3640
28,213,3640
28,214,3640
28,215,3640
28,239,3640
28,240,3640
28,261,3640
28,262,3640
28,273,3640
29,159,3640
29,160,3640
29,161,3640
29,162,3640
29,163,3640
29,164,3640
29,165,3640
29,181,3640
29,188,3640
29,189,3640
29,190,3640
29,209,3640
29,213,3640
29,214,3640
29,215,3640
29,239,3640
29,240,3640
29,261,3640
29,262,3640
29,273,3640
83,159,3640
83,160,3640
83,161,3640
83,162,3640
83,163,3640
83,164,3640
83,165,3640
83,181,3640
83,188,3640
83,189,3640
83,190,3640
83,209,3640
83,213,3640
83,214,3640
83,215,3640
83,239,3640
83,240,3640
83,261,3640
83,262,3640
83,273,3640
84,159,3640
84,160,3640
84,161,3640
84,162,3640
84,163,3640
84,164,3640
84,165,3640
84,181,3640
84,188,3640
84,189,3640
84,190,3640
84,209,3640
84,213,3640
84,214,3640
84,215,3640
84,239,3640
84,240,3640
84,261,3640
84,262,3640
84,273,3640
85,159,3640
85,160,3640
85,161,3640
85,162,3640
85,163,3640
85,164,3640
85,165,3640
85,181,3640
85,188,3640
85,189,3640
85,190,3640
85,209,3640
85,213,3640
85,214,3640
85,215,3640
85,239,3640
85,240,3640
85,261,3640
85,262,3640
85,273,3640
86,159,3640
86,160,3640
86,161,3640
86,162,3640
86,163,3640
86,164,3640
86,165,3640
86,181,3640
86,188,3640
86,189,3640
86,190,3640
86,209,3640
86,213,3640
86,214,3640
86,215,3640
86,239,3640
86,240,3640
86,261,3640
86,262,3640
86,273,3640
87,159,3640
87,160,3640
87,161,3640
87,162,3640
87,163,3640
87,164,3640
87,165,3640
87,181,3640
87,188,3640
87,189,3640
87,190,3640
87,209,3640
87,213,3640
87,214,3640
87,215,3640
87,239,3640
87,240,3640
87,261,3640
87,262,3640
87,273,3640
88,159,3640
88,160,3640
88,161,3640
88,162,3640
88,163,3640
88,164,3640
88,165,3640
88,181,3640
88,188,3640
88,189,3640
88,190,3640
88,209,3640
88,213,3640
88,214,3640
88,215,3640
88,239,3640
88,240,3640
88,261,3640
88,262,3640
88,273,3640
89,159,3640
89,160,3640
89,161,3640
89,162,3640
89,163,3640
89,164,3640
89,165,3640
89,181,3640
89,188,3640
89,189,3640
89,190,3640
89,209,3640
89,213,3640
89,214,3640
89,215,3640
89,239,3640
89,240,3640
89,261,3640
89,262,3640
89,273,3640
90,159,3640
90,160,3640
90,161,3640
90,162,3640
90,163,3640
90,164,3640
90,165,3640
90,181,3640
90,188,3640
90,189,3640
90,190,3640
90,209,3640
90,213,3640
90,214,3640
90,215,3640
90,239,3640
90,240,3640
90,261,3640
90,262,3640
90,273,3640
91,159,3640
91,160,3640
91,161,3640
91,162,3640
91,163,3640
91,164,3640
91,165,3640
91,181,3640
91,188,3640
91,189,3640
91,190,3640
91,209,3640
91,213,3640
91,214,3640
91,215,3640
91,239,3640
91,240,3640
91,261,3640
91,262,3640
91,273,3640
92,159,3640
92,160,3640
92,161,3640
92,162,3640
92,163,3640
92,164,3640
92,165,3640
92,181,3640
92,188,3640
92,189,3640
92,190,3640
92,209,3640
92,213,3640
92,214,3640
92,215,3640
92,239,3640
92,240,3640
92,261,3640
92,262,3640
92,273,3640
93,159,3640
93,160,3640
93,161,3640
93,162,3640
93,163,3640
93,164,3640
93,165,3640
93,181,3640
93,188,3640
93,189,3640
93,190,3640
93,209,3640
93,213,3640
93,214,3640
93,215,3640
93,239,3640
93,240,3640
93,261,3640
93,262,3640
93,273,3640
94,159,3640
94,160,3640
94,161,3640
94,162,3640
94,163,3640
94,164,3640
94,165,3640
94,181,3640
94,188,3640
94,189,3640
94,190,3640
94,209,3640
94,213,3640
94,214,3640
94,215,3640
94,239,3640
94,240,3640
94,261,3640
94,262,3640
94,273,3640
95,159,3640
95,160,3640
95,161,3640
95,162,3640
95,163,3640
95,164,3640
95,165,3640
95,181,3640
95,188,3640
95,189,3640
95,190,3640
95,209,3640
95,213,3640
95,214,3640
95,215,3640
95,239,3640
95,240,3640
95,261,3640
95,262,3640
95,273,3640
96,159,3640
96,160,3640
96,161,3640
96,162,3640
96,163,3640
96,164,3640
96,165,3640
96,181,3640
96,188,3640
96,213,3640
96,214,3640
96,215,3640
96,239,3640
96,240,3640
96,261,3640
96,262,3640
96,273,3640
97,159,3640
97,160,3640
97,161,3640
97,162,3640
97,163,3640
97,164,3640
97,165,3640
97,181,3640
97,188,3640
97,213,3640
97,214,3640
97,215,3640
97,239,3640
97,240,3640
97,261,3640
97,262,3640
97,273,3640
98,159,3640
98,160,3640
98,161,3640
98,162,3640
98,163,3640
98,164,3640
98,165,3640
98,181,3640
98,188,3640
98,189,3640
98,190,3640
98,209,3640
98,213,3640
98,214,3640
98,215,3640
98,239,3640
98,240,3640
98,261,3640
98,262,3640
98,273,3640
99,159,3640
99,160,3640
99,161,3640
99,162,3640
99,163,3640
99,164,3640
99,165,3640
99,181,3640
99,188,3640
99,213,3640
99,214,3640
99,215,3640
99,239,3640
99,240,3640
99,261,3640
99,262,3640
99,273,3640
100,159,3640
100,160,3640
100,161,3640
100,162,3640
100,163,3640
100,164,3640
100,165,3640
100,181,3640
100,188,3640
100,213,3640
100,214,3640
100,215,3640
100,239,3640
100,240,3640
100,261,3640
100,262,3640
100,273,3640
101,159,3640
101,160,3640
101,161,3640
101,162,3640
101,163,3640
101,164,3640
101,165,3640
101,181,3640
101,188,3640
101,213,3640
101,214,3640
101,215,3640
101,239,3640
101,240,3640
101,261,3640
101,262,3640
101,273,3640
102,159,3640
102,160,3640
102,161,3640
102,162,3640
102,163,3640
102,164,3640
102,165,3640
102,181,3640
102,188,3640
102,213,3640
102,214,3640
102,215,3640
102,239,3640
102,240,3640
102,261,3640
102,262,3640
102,273,3640
103,159,3640
103,160,3640
103,161,3640
103,162,3640
103,163,3640
103,164,3640
103,165,3640
103,181,3640
103,188,3640
103,213,3640
103,214,3640
103,215,3640
103,239,3640
103,240,3640
103,261,3640
103,262,3640
103,273,3640
104,159,3640
104,160,3640
104,161,3640
104,162,3640
104,163,3640
104,164,3640
104,165,3640
104,181,3640
104,188,3640
104,213,3640
104,214,3640
104,215,3640
104,239,3640
104,240,3640
104,261,3640
104,262,3640
104,273,3640
105,159,3640
105,160,3640
105,161,3640
105,162,3640
105,163,3640
105,164,3640
105,165,3640
105,181,3640
105,188,3640
105,213,3640
105,214,3640
105,215,3640
105,239,3640
105,240,3640
105,261,3640
105,262,3640
105,273,3640
106,159,3640
106,160,3640
106,161,3640
106,162,3640
106,163,3640
106,164,3640
106,165,3640
106,181,3640
106,188,3640
106,213,3640
106,214,3640
106,215,3640
106,239,3640
106,240,3640
106,261,3640
106,262,3640
106,273,3640
107,159,3640
107,160,3640
107,161,3640
107,162,3640
107,163,3640
107,164,3640
107,165,3640
107,181,3640
107,188,3640
107,213,3640
107,214,3640
107,215,3640
107,239,3640
107,240,3640
107,261,3640
107,262,3640
107,273,3640
108,159,3640
108,160,3640
108,161,3640
108,162,3640
108,163,3640
108,164,3640
108,165,3640
108,181,3640
108,188,3640
108,213,3640
108,214,3640
108,215,3640
108,239,3640
108,240,3640
108,261,3640
108,262,3640
108,273,3640
109,159,3640
109,160,3640
109,161,3640
109,162,3640
109,163,3640
109,164,3640
109,165,3640
109,181,3640
109,188,3640
109,213,3640
109,214,3640
109,215,3640
109,239,3640
109,240,3640
109,261,3640
109,262,3640
109,273,3640
110,159,3640
110,160,3640
110,161,3640
110,162,3640
110,163,3640
110,164,3640
110,165,3640
110,181,3640
110,188,3640
110,189,3640
110,190,3640
110,209,3640
110,213,3640
110,214,3640
110,215,3640
110,239,3640
110,240,3640
110,261,3640
110,262,3640
110,273,3640
111,159,3640
111,160,3640
111,161,3640
111,162,3640
111,163,3640
111,164,3640
111,165,3640
111,181,3640
111,188,3640
111,189,3640
111,190,3640
111,209,3640
111,213,3640
111,214,3640
111,215,3640
111,239,3640
111,240,3640
111,261,3640
111,262,3640
111,273,3640
112,159,3640
112,160,3640
112,161,3640
112,162,3640
112,163,3640
112,164,3640
112,165,3640
112,181,3640
112,188,3640
112,189,3640
112,190,3640
112,209,3640
112,213,3640
112,214,3640
112,215,3640
112,239,3640
112,240,3640
112,261,3640
112,262,3640
112,273,3640
113,159,3640
113,160,3640
113,161,3640
113,162,3640
113,163,3640
113,164,3640
113,165,3640
113,181,3640
113,188,3640
113,189,3640
113,190,3640
113,209,3640
113,213,3640
113,214,3640
113,215,3640
113,239,3640
113,240,3640
113,261,3640
113,262,3640
113,273,3640
114,159,3640
114,160,3640
114,161,3640
114,162,3640
114,163,3640
114,164,3640
114,165,3640
114,181,3640
114,188,3640
114,189,3640
114,190,3640
114,209,3640
114,213,3640
114,214,3640
114,215,3640
114,239,3640
114,240,3640
114,261,3640
114,262,3640
114,273,3640
115,159,3640
115,160,3640
115,161,3640
115,162,3640
115,163,3640
115,164,3640
115,165,3640
115,181,3640
115,188,3640
115,189,3640
115,190,3640
115,209,3640
115,213,3640
115,214,3640
115,215,3640
115,239,3640
115,240,3640
115,261,3640
115,262,3640
115,273,3640
116,159,3640
116,160,3640
116,161,3640
116,162,3640
116,163,3640
116,164,3640
116,165,3640
116,181,3640
116,188,3640
116,189,3640
116,190,3640
116,209,3640
116,213,3640
116,214,3640
116,215,3640
116,239,3640
116,240,3640
116,248,3640
116,261,3640
116,262,3640
116,273,3640
117,159,3640
117,160,3640
117,161,3640
117,162,3640
117,163,3640
117,164,3640
117,165,3640
117,181,3640
117,188,3640
117,189,3640
117,190,3640
117,209,3640
117,213,3640
117,214,3640
117,215,3640
117,239,3640
117,240,3640
117,261,3640
117,262,3640
117,273,3640
118,159,3640
118,160,3640
118,161,3640
118,162,3640
118,163,3640
118,164,3640
118,165,3640
118,181,3640
118,188,3640
118,189,3640
118,190,3640
118,209,3640
118,213,3640
118,214,3640
118,215,3640
118,239,3640
118,240,3640
118,261,3640
118,262,3640
118,273,3640
119,159,3640
119,160,3640
119,161,3640
119,162,3640
119,163,3640
119,164,3640
119,165,3640
119,181,3640
119,188,3640
119,213,3640
119,214,3640
119,215,3640
119,239,3640
119,240,3640
119,248,3640
119,261,3640
119,262,3640
119,273,3640
122,159,3640
122,160,3640
122,161,3640
122,162,3640
122,163,3640
122,164,3640
122,165,3640
122,181,3640
122,188,3640
122,213,3640
122,214,3640
122,215,3640
122,239,3640
122,240,3640
122,261,3640
122,262,3640
122,273,3640
126,159,3640
126,160,3640
126,161,3640
126,162,3640
126,163,3640
126,164,3640
126,165,3640
126,181,3640
126,188,3640
126,189,3640
126,190,3640
126,209,3640
126,213,3640
126,214,3640
126,215,3640
126,239,3640
126,240,3640
126,248,3640
126,261,3640
126,262,3640
126,273,3640
127,159,3640
127,160,3640
127,161,3640
127,162,3640
127,163,3640
127,164,3640
127,165,3640
127,181,3640
127,188,3640
127,189,3640
127,190,3640
127,209,3640
127,213,3640
127,214,3640
127,215,3640
127,239,3640
127,240,3640
127,261,3640
127,262,3640
127,273,3640
128,159,3640
128,160,3640
128,161,3640
128,162,3640
128,163,3640
128,164,3640
128,165,3640
128,181,3640
128,188,3640
128,189,3640
128,190,3640
128,209,3640
128,213,3640
128,214,3640
128,215,3640
128,239,3640
128,240,3640
128,261,3640
128,262,3640
128,273,3640
129,159,3640
129,160,3640
129,161,3640
129,162,3640
129,163,3640
129,164,3640
129,165,3640
129,181,3640
129,188,3640
129,189,3640
129,190,3640
129,209,3640
129,213,3640
129,214,3640
129,215,3640
129,239,3640
129,240,3640
129,261,3640
129,262,3640
129,273,3640
134,159,3640
134,160,3640
134,161,3640
134,162,3640
134,163,3640
134,164,3640
134,165,3640
134,181,3640
134,188,3640
134,189,3640
134,190,3640
134,209,3640
134,213,3640
134,214,3640
134,215,3640
134,239,3640
134,240,3640
134,261,3640
134,262,3640
134,273,3640
136,159,3640
136,160,3640
136,161,3640
136,162,3640
136,163,3640
136,164,3640
136,165,3640
136,181,3640
136,188,3640
136,189,3640
136,190,3640
136,209,3640
136,213,3640
136,214,3640
136,215,3640
136,239,3640
136,240,3640
136,261,3640
136,262,3640
136,273,3640
137,159,3640
137,160,3640
137,161,3640
137,162,3640
137,163,3640
137,164,3640
137,165,3640
137,181,3640
137,188,3640
137,189,3640
137,190,3640
137,209,3640
137,213,3640
137,214,3640
137,215,3640
137,239,3640
137,240,3640
137,261,3640
137,262,3640
137,273,3640
139,159,3640
139,160,3640
139,161,3640
139,162,3640
139,163,3640
139,164,3640
139,165,3640
139,181,3640
139,188,3640
139,189,3640
139,190,3640
139,209,3640
139,213,3640
139,214,3640
139,215,3640
139,240,3640
139,261,3640
139,262,3640
139,273,3640
145,159,3640
145,160,3640
145,161,3640
145,162,3640
145,163,3640
145,164,3640
145,165,3640
145,181,3640
145,188,3640
145,189,3640
145,190,3640
145,209,3640
145,213,3640
145,214,3640
145,215,3640
145,240,3640
145,261,3640
145,262,3640
145,273,3640
146,159,3640
146,160,3640
146,161,3640
146,162,3640
146,163,3640
146,164,3640
146,165,3640
146,181,3640
146,188,3640
146,189,3640
146,190,3640
146,209,3640
146,213,3640
146,214,3640
146,215,3640
146,240,3640
146,261,3640
146,262,3640
146,273,3640
148,159,3640
148,160,3640
148,161,3640
148,162,3640
148,163,3640
148,164,3640
148,165,3640
148,181,3640
148,188,3640
148,189,3640
148,190,3640
148,209,3640
148,213,3640
148,214,3640
148,215,3640
148,240,3640
148,261,3640
148,262,3640
148,273,3640
149,159,3640
149,160,3640
149,161,3640
149,162,3640
149,163,3640
149,164,3640
149,165,3640
149,181,3640
149,188,3640
149,213,3640
149,214,3640
149,215,3640
149,239,3640
149,240,3640
149,261,3640
149,262,3640
149,273,3640
150,159,3640
150,160,3640
150,161,3640
150,162,3640
150,163,3640
150,164,3640
150,165,3640
150,181,3640
150,188,3640
150,189,3640
150,190,3640
150,209,3640
150,213,3640
150,214,3640
150,215,3640
150,240,3640
150,261,3640
150,262,3640
150,273,3640
159,18,3640
159,19,3640
159,20,3640
159,21,3640
159,22,3640
159,23,3640
159,24,3640
159,25,3640
159,26,3640
159,27,3640
159,28,3640
159,29,3640
159,83,3640
159,84,3640
159,85,3640
159,86,3640
159,87,3640
159,88,3640
159,89,3640
159,90,3640
159,91,3640
159,92,3640
159,93,3640
159,94,3640
159,95,3640
159,96,3640
159,97,3640
159,98,3640
159,99,3640
159,100,3640
159,101,3640
159,102,3640
159,103,3640
159,104,3640
159,105,3640
159,106,3640
159,107,3640
159,108,3640
159,109,3640
159,110,3640
159,111,3640
159,112,3640
159,113,3640
159,114,3640
159,115,3640
159,116,3640
159,117,3640
159,118,3640
159,119,3640
159,122,3640
159,126,3640
159,127,3640
159,128,3640
159,129,3640
159,134,3640
159,136,3640
159,137,3640
159,139,3640
159,145,3640
159,146,3640
159,148,3640
159,149,3640
159,150,3640
160,18,3640
160,19,3640
160,20,3640
160,21,3640
160,22,3640
160,23,3640
160,24,3640
160,25,3640
160,26,3640
160,27,3640
160,28,3640
160,29,3640
160,83,3640
160,84,3640
160,85,3640
160,86,3640
160,87,3640
160,88,3640
160,89,3640
160,90,3640
160,91,3640
160,92,3640
160,93,3640
160,94,3640
160,95,3640
160,96,3640
160,97,3640
160,98,3640
160,99,3640
160,100,3640
160,101,3640
160,102,3640
160,103,3640
160,104,3640
160,105,3640
160,106,3640
160,107,3640
160,108,3640
160,109,3640
160,110,3640
160,111,3640
160,112,3640
160,113,3640
160,114,3640
160,115,3640
160,116,3640
160,117,3640
160,118,3640
160,119,3640
160,122,3640
160,126,3640
160,127,3640
160,128,3640
160,129,3640
160,134,3640
160,136,3640
160,137,3640
160,139,3640
160,145,3640
160,146,3640
160,148,3640
160,149,3640
160,150,3640
161,18,3640
161,19,3640
161,20,3640
161,21,3640
161,22,3640
161,23,3640
161,24,3640
161,25,3640
161,26,3640
161,27,3640
161,28,3640
161,29,3640
161,83,3640
161,84,3640
161,85,3640
161,86,3640
161,87,3640
161,88,3640
161,89,3640
161,90,3640
161,91,3640
161,92,3640
161,93,3640
161,94,3640
161,95,3640
161,96,3640
161,97,3640
161,98,3640
161,99,3640
161,100,3640
161,101,3640
161,102,3640
161,103,3640
161,104,3640
161,105,3640
161,106,3640
161,107,3640
161,108,3640
161,109,3640
161,110,3640
161,111,3640
161,112,3640
161,113,3640
161,114,3640
161,115,3640
161,116,3640
161,117,3640
161,118,3640
161,119,3640
161,122,3640
161,126,3640
161,127,3640
161,128,3640
161,129,3640
161,134,3640
161,136,3640
161,137,3640
161,139,3640
161,145,3640
161,146,3640
161,148,3640
161,149,3640
161,150,3640
162,18,3640
162,19,3640
162,20,3640
162,21,3640
162,22,3640
162,23,3640
162,24,3640
162,25,3640
162,26,3640
162,27,3640
162,28,3640
162,29,3640
162,83,3640
162,84,3640
162,85,3640
162,86,3640
162,87,3640
162,88,3640
162,89,3640
162,90,3640
162,91,3640
162,92,3640
162,93,3640
162,94,3640
162,95,3640
162,96,3640
162,97,3640
162,98,3640
162,99,3640
162,100,3640
162,101,3640
162,102,3640
162,103,3640
162,104,3640
162,105,3640
162,106,3640
162,107,3640
162,108,3640
162,109,3640
162,110,3640
162,111,3640
162,112,3640
162,113,3640
162,114,3640
162,115,3640
162,116,3640
162,117,3640
162,118,3640
162,119,3640
162,122,3640
162,126,3640
162,127,3640
162,128,3640
162,129,3640
162,134,3640
162,136,3640
162,137,3640
162,139,3640
162,145,3640
162,146,3640
162,148,3640
162,149,3640
162,150,3640
163,18,3640
163,19,3640
163,20,3640
163,21,3640
163,22,3640
163,23,3640
163,24,3640
163,25,3640
163,26,3640
163,27,3640
163,28,3640
163,29,3640
163,83,3640
163,84,3640
163,85,3640
163,86,3640
163,87,3640
163,88,3640
163,89,3640
163,90,3640
163,91,3640
163,92,3640
163,93,3640
163,94,3640
163,95,3640
163,96,3640
163,97,3640
163,98,3640
163,99,3640
163,100,3640
163,101,3640
163,102,3640
163,103,3640
163,104,3640
163,105,3640
163,106,3640
163,107,3640
163,108,3640
163,109,3640
163,110,3640
163,111,3640
163,112,3640
163,113,3640
163,114,3640
163,115,3640
163,116,3640
163,117,3640
163,118,3640
163,119,3640
163,122,3640
163,126,3640
163,127,3640
163,128,3640
163,129,3640
163,134,3640
163,136,3640
163,137,3640
163,139,3640
163,145,3640
163,146,3640
163,148,3640
163,149,3640
163,150,3640
164,18,3640
164,19,3640
164,20,3640
164,21,3640
164,22,3640
164,23,3640
164,24,3640
164,25,3640
164,26,3640
164,27,3640
164,28,3640
164,29,3640
164,83,3640
164,84,3640
164,85,3640
164,86,3640
164,87,3640
164,88,3640
164,89,3640
164,90,3640
164,91,3640
164,92,3640
164,93,3640
164,94,3640
164,95,3640
164,96,3640
164,97,3640
164,98,3640
164,99,3640
164,100,3640
164,101,3640
164,102,3640
164,103,3640
164,104,3640
164,105,3640
164,106,3640
164,107,3640
164,108,3640
164,109,3640
164,110,3640
164,111,3640
164,112,3640
164,113,3640
164,114,3640
164,115,3640
164,116,3640
164,117,3640
164,118,3640
164,119,3640
164,122,3640
164,126,3640
164,127,3640
164,128,3640
164,129,3640
164,134,3640
164,136,3640
164,137,3640
164,139,3640
164,145,3640
164,146,3640
164,148,3640
164,149,3640
164,150,3640
165,18,3640
165,19,3640
165,20,3640
165,21,3640
165,22,3640
165,23,3640
165,24,3640
165,25,3640
165,26,3640
165,27,3640
165,28,3640
165,29,3640
165,83,3640
165,84,3640
165,85,3640
165,86,3640
165,87,3640
165,88,3640
165,89,3640
165,90,3640
165,91,3640
165,92,3640
165,93,3640
165,94,3640
165,95,3640
165,96,3640
165,97,3640
165,98,3640
165,99,3640
165,100,3640
165,101,3640
165,102,3640
165,103,3640
165,104,3640
165,105,3640
165,106,3640
165,107,3640
165,108,3640
165,109,3640
165,110,3640
165,111,3640
165,112,3640
165,113,3640
165,114,3640
165,115,3640
165,116,3640
165,117,3640
165,118,3640
165,119,3640
165,122,3640
165,126,3640
165,127,3640
165,128,3640
165,129,3640
165,134,3640
165,136,3640
165,137,3640
165,139,3640
165,145,3640
165,146,3640
165,148,3640
165,149,3640
165,150,3640
181,18,3640
181,19,3640
181,20,3640
181,21,3640
181,22,3640
181,23,3640
181,24,3640
181,25,3640
181,26,3640
181,27,3640
181,28,3640
181,29,3640
181,83,3640
181,84,3640
181,85,3640
181,86,3640
181,87,3640
181,88,3640
181,89,3640
181,90,3640
181,91,3640
181,92,3640
181,93,3640
181,94,3640
181,95,3640
181,96,3640
181,97,3640
181,98,3640
181,99,3640
181,100,3640
181,101,3640
181,102,3640
181,103,3640
181,104,3640
181,105,3640
181,106,3640
181,107,3640
181,108,3640
181,109,3640
181,110,3640
181,111,3640
181,112,3640
181,113,3640
181,114,3640
181,115,3640
181,116,3640
181,117,3640
181,118,3640
181,119,3640
181,122,3640
181,126,3640
181,127,3640
181,128,3640
181,129,3640
181,134,3640
181,136,3640
181,137,3640
181,139,3640
181,145,3640
181,146,3640
181,148,3640
181,149,3640
181,150,3640
188,18,3640
188,19,3640
188,20,3640
188,21,3640
188,22,3640
188,23,3640
188,24,3640
188,25,3640
188,26,3640
188,27,3640
188,28,3640
188,29,3640
188,83,3640
188,84,3640
188,85,3640
188,86,3640
188,87,3640
188,88,3640
188,89,3640
188,90,3640
188,91,3640
188,92,3640
188,93,3640
188,94,3640
188,95,3640
188,96,3640
188,97,3640
188,98,3640
188,99,3640
188,100,3640
188,101,3640
188,102,3640
188,103,3640
188,104,3640
188,105,3640
188,106,3640
188,107,3640
188,108,3640
188,109,3640
188,110,3640
188,111,3640
188,112,3640
188,113,3640
188,114,3640
188,115,3640
188,116,3640
188,117,3640
188,118,3640
188,119,3640
188,122,3640
188,126,3640
188,127,3640
188,128,3640
188,129,3640
188,134,3640
188,136,3640
188,137,3640
188,139,3640
188,145,3640
188,146,3640
188,148,3640
188,149,3640
188,150,3640
189,18,3640
189,19,3640
189,20,3640
189,21,3640
189,22,3640
189,23,3640
189,24,3640
189,25,3640
189,26,3640
189,27,3640
189,28,3640
189,29,3640
189,83,3640
189,84,3640
189,85,3640
189,86,3640
189,87,3640
189,88,3640
189,89,3640
189,90,3640
189,91,3640
189,92,3640
189,93,3640
189,94,3640
189,95,3640
189,98,3640
189,110,3640
189,111,3640
189,112,3640
189,113,3640
189,114,3640
189,115,3640
189,116,3640
189,117,3640
189,118,3640
189,126,3640
189,127,3640
189,128,3640
189,129,3640
189,134,3640
189,136,3640
189,137,3640
189,139,3640
189,145,3640
189,146,3640
189,148,3640
189,150,3640
190,18,3640
190,19,3640
190,20,3640
190,21,3640
190,22,3640
190,23,3640
190,24,3640
190,25,3640
190,26,3640
190,27,3640
190,28,3640
190,29,3640
190,83,3640
190,84,3640
190,85,3640
190,86,3640
190,87,3640
190,88,3640
190,89,3640
190,90,3640
190,91,3640
190,92,3640
190,93,3640
190,94,3640
190,95,3640
190,98,3640
190,110,3640
190,111,3640
190,112,3640
190,113,3640
190,114,3640
190,115,3640
190,116,3640
190,117,3640
190,118,3640
190,126,3640
190,127,3640
190,128,3640
190,129,3640
190,134,3640
190,136,3640
190,137,3640
190,139,3640
190,145,3640
190,146,3640
190,148,3640
190,150,3640
209,18,3640
209,19,3640
209,20,3640
209,21,3640
209,22,3640
209,23,3640
209,24,3640
209,25,3640
209,26,3640
209,27,3640
209,28,3640
209,29,3640
209,83,3640
209,84,3640
209,85,3640
209,86,3640
209,87,3640
209,88,3640
209,89,3640
209,90,3640
209,91,3640
209,92,3640
209,93,3640
209,94,3640
209,95,3640
209,98,3640
209,110,3640
209,111,3640
209,112,3640
209,113,3640
209,114,3640
209,115,3640
209,116,3640
209,117,3640
209,118,3640
209,126,3640
209,127,3640
209,128,3640
209,129,3640
209,134,3640
209,136,3640
209,137,3640
209,139,3640
209,145,3640
209,146,3640
209,148,3640
209,150,3640
213,18,3640
213,19,3640
213,20,3640
213,21,3640
213,22,3640
213,23,3640
213,24,3640
213,25,3640
213,26,3640
213,27,3640
213,28,3640
213,29,3640
213,83,3640
213,84,3640
213,85,3640
213,86,3640
213,87,3640
213,88,3640
213,89,3640
213,90,3640
213,91,3640
213,92,3640
213,93,3640
213,94,3640
213,95,3640
213,96,3640
213,97,3640
213,98,3640
213,99,3640
213,100,3640
213,101,3640
213,102,3640
213,103,3640
213,104,3640
213,105,3640
213,106,3640
213,107,3640
213,108,3640
213,109,3640
213,110,3640
213,111,3640
213,112,3640
213,113,3640
213,114,3640
213,115,3640
213,116,3640
213,117,3640
213,118,3640
213,119,3640
213,122,3640
213,126,3640
213,127,3640
213,128,3640
213,129,3640
213,134,3640
213,136,3640
213,137,3640
213,139,3640
213,145,3640
213,146,3640
213,148,3640
213,149,3640
213,150,3640
214,18,3640
214,19,3640
214,20,3640
214,21,3640
214,22,3640
214,23,3640
214,24,3640
214,25,3640
214,26,3640
214,27,3640
214,28,3640
214,29,3640
214,83,3640
214,84,3640
214,85,3640
214,86,3640
214,87,3640
214,88,3640
214,89,3640
214,90,3640
214,91,3640
214,92,3640
214,93,3640
214,94,3640
214,95,3640
214,96,3640
214,97,3640
214,98,3640
214,99,3640
214,100,3640
214,101,3640
214,102,3640
214,103,3640
214,104,3640
214,105,3640
214,106,3640
214,107,3640
214,108,3640
214,109,3640
214,110,3640
214,111,3640
214,112,3640
214,113,3640
214,114,3640
214,115,3640
214,116,3640
214,117,3640
214,118,3640
214,119,3640
214,122,3640
214,126,3640
214,127,3640
214,128,3640
214,129,3640
214,134,3640
214,136,3640
214,137,3640
214,139,3640
214,145,3640
214,146,3640
214,148,3640
214,149,3640
214,150,3640
215,18,3640
215,19,3640
215,20,3640
215,21,3640
215,22,3640
215,23,3640
215,24,3640
215,25,3640
215,26,3640
215,27,3640
215,28,3640
215,29,3640
215,83,3640
215,84,3640
215,85,3640
215,86,3640
215,87,3640
215,88,3640
215,89,3640
215,90,3640
215,91,3640
215,92,3640
215,93,3640
215,94,3640
215,95,3640
215,96,3640
215,97,3640
215,98,3640
215,99,3640
215,100,3640
215,101,3640
215,102,3640
215,103,3640
215,104,3640
215,105,3640
215,106,3640
215,107,3640
215,108,3640
215,109,3640
215,110,3640
215,111,3640
215,112,3640
215,113,3640
215,114,3640
215,115,3640
215,116,3640
215,117,3640
215,118,3640
215,119,3640
215,122,3640
215,126,3640
215,127,3640
215,128,3640
215,129,3640
215,134,3640
215,136,3640
215,137,3640
215,139,3640
215,145,3640
215,146,3640
215,148,3640
215,149,3640
215,150,3640
239,21,3640
239,25,3640
239,26,3640
239,27,3640
239,28,3640
239,29,3640
239,83,3640
239,84,3640
239,85,3640
239,86,3640
239,87,3640
239,88,3640
239,89,3640
239,90,3640
239,91,3640
239,92,3640
239,93,3640
239,94,3640
239,95,3640
239,96,3640
239,97,3640
239,98,3640
239,99,3640
239,100,3640
239,101,3640
239,102,3640
239,103,3640
239,104,3640
239,105,3640
239,106,3640
239,107,3640
239,108,3640
239,109,3640
239,110,3640
239,111,3640
239,112,3640
239,113,3640
239,114,3640
239,115,3640
239,116,3640
239,117,3640
239,118,3640
239,119,3640
239,122,3640
239,126,3640
239,127,3640
239,128,3640
239,129,3640
239,134,3640
239,136,3640
239,137,3640
239,149,3640
240,18,3640
240,19,3640
240,20,3640
240,21,3640
240,22,3640
240,23,3640
240,24,3640
240,25,3640
240,26,3640
240,27,3640
240,28,3640
240,29,3640
240,83,3640
240,84,3640
240,85,3640
240,86,3640
240,87,3640
240,88,3640
240,89,3640
240,90,3640
240,91,3640
240,92,3640
240,93,3640
240,94,3640
240,95,3640
240,96,3640
240,97,3640
240,98,3640
240,99,3640
240,100,3640
240,101,3640
240,102,3640
240,103,3640
240,104,3640
240,105,3640
240,106,3640
240,107,3640
240,108,3640
240,109,3640
240,110,3640
240,111,3640
240,112,3640
240,113,3640
240,114,3640
240,115,3640
240,116,3640
240,117,3640
240,118,3640
240,119,3640
240,122,3640
240,126,3640
240,127,3640
240,128,3640
240,129,3640
240,134,3640
240,136,3640
240,137,3640
240,139,3640
240,145,3640
240,146,3640
240,148,3640
240,149,3640
240,150,3640
248,116,3640
248,119,3640
248,126,3640
261,18,3640
261,19,3640
261,20,3640
261,21,3640
261,22,3640
261,23,3640
261,24,3640
261,25,3640
261,26,3640
261,27,3640
261,28,3640
261,29,3640
261,83,3640
261,84,3640
261,85,3640
261,86,3640
261,87,3640
261,88,3640
261,89,3640
261,90,3640
261,91,3640
261,92,3640
261,93,3640
261,94,3640
261,95,3640
261,96,3640
261,97,3640
261,98,3640
261,99,3640
261,100,3640
261,101,3640
261,102,3640
261,103,3640
261,104,3640
261,105,3640
261,106,3640
261,107,3640
261,108,3640
261,109,3640
261,110,3640
261,111,3640
261,112,3640
261,113,3640
261,114,3640
261,115,3640
261,116,3640
261,117,3640
261,118,3640
261,119,3640
261,122,3640
261,126,3640
261,127,3640
261,128,3640
261,129,3640
261,134,3640
261,136,3640
261,137,3640
261,139,3640
261,145,3640
261,146,3640
261,148,3640
261,149,3640
261,150,3640
262,18,3640
262,19,3640
262,20,3640
262,21,3640
262,22,3640
262,23,3640
262,24,3640
262,25,3640
262,26,3640
262,27,3640
262,28,3640
262,29,3640
262,83,3640
262,84,3640
262,85,3640
262,86,3640
262,87,3640
262,88,3640
262,89,3640
262,90,3640
262,91,3640
262,92,3640
262,93,3640
262,94,3640
262,95,3640
262,96,3640
262,97,3640
262,98,3640
262,99,3640
262,100,3640
262,101,3640
262,102,3640
262,103,3640
262,104,3640
262,105,3640
262,106,3640
262,107,3640
262,108,3640
262,109,3640
262,110,3640
262,111,3640
262,112,3640
262,113,3640
262,114,3640
262,115,3640
262,116,3640
262,117,3640
262,118,3640
262,119,3640
262,122,3640
262,126,3640
262,127,3640
262,128,3640
262,129,3640
262,134,3640
262,136,3640
262,137,3640
262,139,3640
262,145,3640
262,146,3640
262,148,3640
262,149,3640
262,150,3640
273,18,3640
273,19,3640
273,20,3640
273,21,3640
273,22,3640
273,23,3640
273,24,3640
273,25,3640
273,26,3640
273,27,3640
273,28,3640
273,29,3640
273,83,3640
273,84,3640
273,85,3640
273,86,3640
273,87,3640
273,88,3640
273,89,3640
273,90,3640
273,91,3640
273,92,3640
273,93,3640
273,94,3640
273,95,3640
273,96,3640
273,97,3640
273,98,3640
273,99,3640
273,100,3640
273,101,3640
273,102,3640
273,103,3640
273,104,3640
273,105,3640
273,106,3640
273,107,3640
273,108,3640
273,109,3640
273,110,3640
273,111,3640
273,112,3640
273,113,3640
273,114,3640
273,115,3640
273,116,3640
273,117,3640
273,118,3640
273,119,3640
273,122,3640
273,126,3640
273,127,3640
273,128,3640
273,129,3640
273,134,3640
273,136,3640
273,137,3640
273,139,3640
273,145,3640
273,146,3640
273,148,3640
273,149,3640
273,150,3640
30,155,3641
30,156,3641
30,157,3641
30,183,3641
30,184,3641
30,210,3641
30,211,3641
30,220,3641
30,236,3641
30,237,3641
30,238,3641
30,252,3641
30,254,3641
30,255,3641
30,256,3641
30,258,3641
30,259,3641
30,260,3641
30,399,3641
31,155,3641
31,156,3641
31,157,3641
31,183,3641
31,184,3641
31,210,3641
31,211,3641
31,220,3641
31,236,3641
31,237,3641
31,238,3641
31,252,3641
31,254,3641
31,255,3641
31,256,3641
31,258,3641
31,259,3641
31,260,3641
31,399,3641
34,155,3641
34,156,3641
34,157,3641
34,183,3641
34,184,3641
34,210,3641
34,211,3641
34,220,3641
34,236,3641
34,237,3641
34,238,3641
34,252,3641
34,254,3641
34,255,3641
34,256,3641
34,258,3641
34,259,3641
34,260,3641
34,399,3641
38,155,3641
38,156,3641
38,157,3641
38,183,3641
38,184,3641
38,210,3641
38,211,3641
38,220,3641
38,236,3641
38,237,3641
38,238,3641
38,252,3641
38,254,3641
38,255,3641
38,256,3641
38,258,3641
38,259,3641
38,260,3641
38,399,3641
42,155,3641
42,156,3641
42,157,3641
42,183,3641
42,184,3641
42,210,3641
42,211,3641
42,220,3641
42,236,3641
42,237,3641
42,238,3641
42,252,3641
42,254,3641
42,255,3641
42,256,3641
42,258,3641
42,259,3641
42,260,3641
42,399,3641
74,155,3641
74,156,3641
74,157,3641
74,183,3641
74,184,3641
74,210,3641
74,211,3641
74,220,3641
74,236,3641
74,237,3641
74,238,3641
74,252,3641
74,254,3641
74,255,3641
74,256,3641
74,258,3641
74,259,3641
74,260,3641
74,399,3641
113,155,3641
113,156,3641
113,157,3641
113,183,3641
113,184,3641
113,210,3641
113,211,3641
113,220,3641
113,236,3641
113,237,3641
113,238,3641
113,252,3641
113,254,3641
113,255,3641
113,256,3641
113,258,3641
113,259,3641
113,260,3641
113,399,3641
120,155,3641
120,156,3641
120,157,3641
120,158,3641
120,183,3641
120,184,3641
120,193,3641
120,194,3641
120,195,3641
120,196,3641
120,208,3641
120,210,3641
120,211,3641
120,220,3641
120,236,3641
120,237,3641
120,238,3641
120,249,3641
120,252,3641
120,253,3641
120,254,3641
120,255,3641
120,256,3641
120,257,3641
120,258,3641
120,259,3641
120,260,3641
120,399,3641
121,155,3641
121,156,3641
121,157,3641
121,158,3641
121,183,3641
121,184,3641
121,193,3641
121,194,3641
121,195,3641
121,196,3641
121,208,3641
121,210,3641
121,211,3641
121,220,3641
121,236,3641
121,237,3641
121,238,3641
121,249,3641
121,252,3641
121,253,3641
121,254,3641
121,255,3641
121,256,3641
121,257,3641
121,258,3641
121,259,3641
121,260,3641
121,399,3641
123,151,3641
123,152,3641
123,153,3641
123,155,3641
123,156,3641
123,157,3641
123,158,3641
123,171,3641
123,172,3641
123,173,3641
123,174,3641
123,175,3641
123,176,3641
123,177,3641
123,178,3641
123,183,3641
123,184,3641
123,193,3641
123,194,3641
123,195,3641
123,196,3641
123,208,3641
123,210,3641
123,211,3641
123,220,3641
123,236,3641
123,237,3641
123,238,3641
123,249,3641
123,250,3641
123,252,3641
123,253,3641
123,254,3641
123,255,3641
123,256,3641
123,257,3641
123,258,3641
123,259,3641
123,260,3641
123,399,3641
124,151,3641
124,152,3641
124,153,3641
124,155,3641
124,156,3641
124,157,3641
124,158,3641
124,171,3641
124,172,3641
124,173,3641
124,174,3641
124,175,3641
124,176,3641
124,177,3641
124,178,3641
124,183,3641
124,184,3641
124,193,3641
124,194,3641
124,195,3641
124,196,3641
124,208,3641
124,210,3641
124,211,3641
124,220,3641
124,236,3641
124,237,3641
124,238,3641
124,249,3641
124,250,3641
124,252,3641
124,253,3641
124,254,3641
124,255,3641
124,256,3641
124,257,3641
124,258,3641
124,259,3641
124,260,3641
124,399,3641
125,151,3641
125,152,3641
125,153,3641
125,155,3641
125,156,3641
125,157,3641
125,158,3641
125,171,3641
125,172,3641
125,173,3641
125,174,3641
125,175,3641
125,176,3641
125,177,3641
125,178,3641
125,183,3641
125,184,3641
125,193,3641
125,194,3641
125,195,3641
125,196,3641
125,208,3641
125,210,3641
125,211,3641
125,220,3641
125,236,3641
125,237,3641
125,238,3641
125,249,3641
125,250,3641
125,252,3641
125,253,3641
125,254,3641
125,255,3641
125,256,3641
125,257,3641
125,258,3641
125,259,3641
125,260,3641
125,399,3641
126,151,3641
126,152,3641
126,153,3641
126,155,3641
126,156,3641
126,157,3641
126,158,3641
126,171,3641
126,172,3641
126,173,3641
126,174,3641
126,175,3641
126,176,3641
126,177,3641
126,178,3641
126,183,3641
126,184,3641
126,193,3641
126,194,3641
126,195,3641
126,196,3641
126,208,3641
126,210,3641
126,211,3641
126,220,3641
126,236,3641
126,237,3641
126,238,3641
126,249,3641
126,250,3641
126,252,3641
126,253,3641
126,254,3641
126,255,3641
126,256,3641
126,257,3641
126,258,3641
126,259,3641
126,260,3641
126,399,3641
132,155,3641
132,156,3641
132,157,3641
132,183,3641
132,184,3641
132,210,3641
132,211,3641
132,220,3641
132,236,3641
132,237,3641
132,238,3641
132,252,3641
132,254,3641
132,255,3641
132,256,3641
132,258,3641
132,259,3641
132,260,3641
132,399,3641
142,151,3641
142,152,3641
142,153,3641
142,155,3641
142,156,3641
142,157,3641
142,158,3641
142,171,3641
142,172,3641
142,173,3641
142,174,3641
142,175,3641
142,176,3641
142,177,3641
142,178,3641
142,183,3641
142,184,3641
142,193,3641
142,194,3641
142,195,3641
142,196,3641
142,208,3641
142,210,3641
142,211,3641
142,220,3641
142,236,3641
142,237,3641
142,238,3641
142,249,3641
142,250,3641
142,252,3641
142,253,3641
142,254,3641
142,255,3641
142,256,3641
142,257,3641
142,258,3641
142,259,3641
142,260,3641
142,399,3641
151,123,3641
151,124,3641
151,125,3641
151,126,3641
151,142,3641
152,123,3641
152,124,3641
152,125,3641
152,126,3641
152,142,3641
153,123,3641
153,124,3641
153,125,3641
153,126,3641
153,142,3641
155,30,3641
155,31,3641
155,34,3641
155,38,3641
155,42,3641
155,74,3641
155,113,3641
155,120,3641
155,121,3641
155,123,3641
155,124,3641
155,125,3641
155,126,3641
155,132,3641
155,142,3641
156,30,3641
156,31,3641
156,34,3641
156,38,3641
156,42,3641
156,74,3641
156,113,3641
156,120,3641
156,121,3641
156,123,3641
156,124,3641
156,125,3641
156,126,3641
156,132,3641
156,142,3641
157,30,3641
157,31,3641
157,34,3641
157,38,3641
157,42,3641
157,74,3641
157,113,3641
157,120,3641
157,121,3641
157,123,3641
157,124,3641
157,125,3641
157,126,3641
157,132,3641
157,142,3641
158,120,3641
158,121,3641
158,123,3641
158,124,3641
158,125,3641
158,126,3641
158,142,3641
171,123,3641
171,124,3641
171,125,3641
171,126,3641
171,142,3641
172,123,3641
172,124,3641
172,125,3641
172,126,3641
172,142,3641
173,123,3641
173,124,3641
173,125,3641
173,126,3641
173,142,3641
174,123,3641
174,124,3641
174,125,3641
174,126,3641
174,142,3641
175,123,3641
175,124,3641
175,125,3641
175,126,3641
175,142,3641
176,123,3641
176,124,3641
176,125,3641
176,126,3641
176,142,3641
177,123,3641
177,124,3641
177,125,3641
177,126,3641
177,142,3641
178,123,3641
178,124,3641
178,125,3641
178,126,3641
178,142,3641
183,30,3641
183,31,3641
183,34,3641
183,38,3641
183,42,3641
183,74,3641
183,113,3641
183,120,3641
183,121,3641
183,123,3641
183,124,3641
183,125,3641
183,126,3641
183,132,3641
183,142,3641
184,30,3641
184,31,3641
184,34,3641
184,38,3641
184,42,3641
184,74,3641
184,113,3641
184,120,3641
184,121,3641
184,123,3641
184,124,3641
184,125,3641
184,126,3641
184,132,3641
184,142,3641
193,120,3641
193,121,3641
193,123,3641
193,124,3641
193,125,3641
193,126,3641
193,142,3641
194,120,3641
194,121,3641
194,123,3641
194,124,3641
194,125,3641
194,126,3641
194,142,3641
195,120,3641
195,121,3641
195,123,3641
195,124,3641
195,125,3641
195,126,3641
195,142,3641
196,120,3641
196,121,3641
196,123,3641
196,124,3641
196,125,3641
196,126,3641
196,142,3641
208,120,3641
208,121,3641
208,123,3641
208,124,3641
208,125,3641
208,126,3641
208,142,3641
210,30,3641
210,31,3641
210,34,3641
210,38,3641
210,42,3641
210,74,3641
210,113,3641
210,120,3641
210,121,3641
210,123,3641
210,124,3641
210,125,3641
210,126,3641
210,132,3641
210,142,3641
211,30,3641
211,31,3641
211,34,3641
211,38,3641
211,42,3641
211,74,3641
211,113,3641
211,120,3641
211,121,3641
211,123,3641
211,124,3641
211,125,3641
211,126,3641
211,132,3641
211,142,3641
220,30,3641
220,31,3641
220,34,3641
220,38,3641
220,42,3641
220,74,3641
220,113,3641
220,120,3641
220,121,3641
220,123,3641
220,124,3641
220,125,3641
220,126,3641
220,132,3641
220,142,3641
236,30,3641
236,31,3641
236,34,3641
236,38,3641
236,42,3641
236,74,3641
236,113,3641
236,120,3641
236,121,3641
236,123,3641
236,124,3641
236,125,3641
236,126,3641
236,132,3641
236,142,3641
237,30,3641
237,31,3641
237,34,3641
237,38,3641
237,42,3641
237,74,3641
237,113,3641
237,120,3641
237,121,3641
237,123,3641
237,124,3641
237,125,3641
237,126,3641
237,132,3641
237,142,3641
238,30,3641
238,31,3641
238,34,3641
238,38,3641
238,42,3641
238,74,3641
238,113,3641
238,120,3641
238,121,3641
238,123,3641
238,124,3641
238,125,3641
238,126,3641
238,132,3641
238,142,3641
249,120,3641
249,121,3641
249,123,3641
249,124,3641
249,125,3641
249,126,3641
249,142,3641
250,123,3641
250,124,3641
250,125,3641
250,126,3641
250,142,3641
252,30,3641
252,31,3641
252,34,3641
252,38,3641
252,42,3641
252,74,3641
252,113,3641
252,120,3641
252,121,3641
252,123,3641
252,124,3641
252,125,3641
252,126,3641
252,132,3641
252,142,3641
253,120,3641
253,121,3641
253,123,3641
253,124,3641
253,125,3641
253,126,3641
253,142,3641
254,30,3641
254,31,3641
254,34,3641
254,38,3641
254,42,3641
254,74,3641
254,113,3641
254,120,3641
254,121,3641
254,123,3641
254,124,3641
254,125,3641
254,126,3641
254,132,3641
254,142,3641
255,30,3641
255,31,3641
255,34,3641
255,38,3641
255,42,3641
255,74,3641
255,113,3641
255,120,3641
255,121,3641
255,123,3641
255,124,3641
255,125,3641
255,126,3641
255,132,3641
255,142,3641
256,30,3641
256,31,3641
256,34,3641
256,38,3641
256,42,3641
256,74,3641
256,113,3641
256,120,3641
256,121,3641
256,123,3641
256,124,3641
256,125,3641
256,126,3641
256,132,3641
256,142,3641
257,120,3641
257,121,3641
257,123,3641
257,124,3641
257,125,3641
257,126,3641
257,142,3641
258,30,3641
258,31,3641
258,34,3641
258,38,3641
258,42,3641
258,74,3641
258,113,3641
258,120,3641
258,121,3641
258,123,3641
258,124,3641
258,125,3641
258,126,3641
258,132,3641
258,142,3641
259,30,3641
259,31,3641
259,34,3641
259,38,3641
259,42,3641
259,74,3641
259,113,3641
259,120,3641
259,121,3641
259,123,3641
259,124,3641
259,125,3641
259,126,3641
259,132,3641
259,142,3641
260,30,3641
260,31,3641
260,34,3641
260,38,3641
260,42,3641
260,74,3641
260,113,3641
260,120,3641
260,121,3641
260,123,3641
260,124,3641
260,125,3641
260,126,3641
260,132,3641
260,142,3641
399,30,3641
399,31,3641
399,34,3641
399,38,3641
399,42,3641
399,74,3641
399,113,3641
399,120,3641
399,121,3641
399,123,3641
399,124,3641
399,125,3641
399,126,3641
399,132,3641
399,142,3641
1,155,3642
1,156,3642
1,157,3642
1,183,3642
1,184,3642
1,210,3642
1,211,3642
1,220,3642
1,236,3642
1,237,3642
1,238,3642
1,252,3642
1,254,3642
1,255,3642
1,256,3642
1,258,3642
1,259,3642
1,260,3642
1,399,3642
2,155,3642
2,156,3642
2,157,3642
2,183,3642
2,184,3642
2,210,3642
2,211,3642
2,220,3642
2,236,3642
2,237,3642
2,238,3642
2,252,3642
2,254,3642
2,255,3642
2,256,3642
2,258,3642
2,259,3642
2,260,3642
2,399,3642
3,155,3642
3,156,3642
3,157,3642
3,183,3642
3,184,3642
3,210,3642
3,211,3642
3,220,3642
3,236,3642
3,237,3642
3,238,3642
3,252,3642
3,254,3642
3,255,3642
3,256,3642
3,258,3642
3,259,3642
3,260,3642
3,399,3642
4,155,3642
4,156,3642
4,157,3642
4,183,3642
4,184,3642
4,210,3642
4,211,3642
4,220,3642
4,236,3642
4,237,3642
4,238,3642
4,252,3642
4,254,3642
4,255,3642
4,256,3642
4,258,3642
4,259,3642
4,260,3642
4,399,3642
5,155,3642
5,156,3642
5,157,3642
5,183,3642
5,184,3642
5,210,3642
5,211,3642
5,220,3642
5,236,3642
5,237,3642
5,238,3642
5,252,3642
5,254,3642
5,255,3642
5,256,3642
5,258,3642
5,259,3642
5,260,3642
5,399,3642
6,155,3642
6,156,3642
6,157,3642
6,183,3642
6,184,3642
6,210,3642
6,211,3642
6,220,3642
6,236,3642
6,237,3642
6,238,3642
6,252,3642
6,254,3642
6,255,3642
6,256,3642
6,258,3642
6,259,3642
6,260,3642
6,399,3642
7,155,3642
7,156,3642
7,157,3642
7,183,3642
7,184,3642
7,210,3642
7,211,3642
7,220,3642
7,236,3642
7,237,3642
7,238,3642
7,252,3642
7,254,3642
7,255,3642
7,256,3642
7,258,3642
7,259,3642
7,260,3642
7,399,3642
8,155,3642
8,156,3642
8,157,3642
8,183,3642
8,184,3642
8,210,3642
8,211,3642
8,220,3642
8,236,3642
8,237,3642
8,238,3642
8,252,3642
8,254,3642
8,255,3642
8,256,3642
8,258,3642
8,259,3642
8,260,3642
8,399,3642
9,155,3642
9,156,3642
9,157,3642
9,183,3642
9,184,3642
9,210,3642
9,211,3642
9,220,3642
9,236,3642
9,237,3642
9,238,3642
9,252,3642
9,254,3642
9,255,3642
9,256,3642
9,258,3642
9,259,3642
9,260,3642
9,399,3642
10,155,3642
10,156,3642
10,157,3642
10,183,3642
10,184,3642
10,210,3642
10,211,3642
10,220,3642
10,236,3642
10,237,3642
10,238,3642
10,252,3642
10,254,3642
10,255,3642
10,256,3642
10,258,3642
10,259,3642
10,260,3642
10,399,3642
11,155,3642
11,156,3642
11,157,3642
11,183,3642
11,184,3642
11,210,3642
11,211,3642
11,220,3642
11,236,3642
11,237,3642
11,238,3642
11,252,3642
11,254,3642
11,255,3642
11,256,3642
11,258,3642
11,259,3642
11,260,3642
11,399,3642
12,155,3642
12,156,3642
12,157,3642
12,183,3642
12,184,3642
12,210,3642
12,211,3642
12,220,3642
12,236,3642
12,237,3642
12,238,3642
12,252,3642
12,254,3642
12,255,3642
12,256,3642
12,258,3642
12,259,3642
12,260,3642
12,399,3642
13,155,3642
13,156,3642
13,157,3642
13,183,3642
13,184,3642
13,210,3642
13,211,3642
13,220,3642
13,236,3642
13,237,3642
13,238,3642
13,252,3642
13,254,3642
13,255,3642
13,256,3642
13,258,3642
13,259,3642
13,260,3642
13,399,3642
14,155,3642
14,156,3642
14,157,3642
14,183,3642
14,184,3642
14,210,3642
14,211,3642
14,220,3642
14,236,3642
14,237,3642
14,238,3642
14,252,3642
14,254,3642
14,255,3642
14,256,3642
14,258,3642
14,259,3642
14,260,3642
14,399,3642
15,155,3642
15,156,3642
15,157,3642
15,183,3642
15,184,3642
15,210,3642
15,211,3642
15,220,3642
15,236,3642
15,237,3642
15,238,3642
15,252,3642
15,254,3642
15,255,3642
15,256,3642
15,258,3642
15,259,3642
15,260,3642
15,399,3642
16,155,3642
16,156,3642
16,157,3642
16,183,3642
16,184,3642
16,210,3642
16,211,3642
16,220,3642
16,236,3642
16,237,3642
16,238,3642
16,252,3642
16,254,3642
16,255,3642
16,256,3642
16,258,3642
16,259,3642
16,260,3642
16,399,3642
17,155,3642
17,156,3642
17,157,3642
17,183,3642
17,184,3642
17,210,3642
17,211,3642
17,220,3642
17,236,3642
17,237,3642
17,238,3642
17,252,3642
17,254,3642
17,255,3642
17,256,3642
17,258,3642
17,259,3642
17,260,3642
17,399,3642
18,155,3642
18,156,3642
18,157,3642
18,183,3642
18,184,3642
18,210,3642
18,211,3642
18,220,3642
18,236,3642
18,237,3642
18,238,3642
18,252,3642
18,254,3642
18,255,3642
18,256,3642
18,258,3642
18,259,3642
18,260,3642
18,399,3642
19,155,3642
19,156,3642
19,157,3642
19,183,3642
19,184,3642
19,210,3642
19,211,3642
19,220,3642
19,236,3642
19,237,3642
19,238,3642
19,252,3642
19,254,3642
19,255,3642
19,256,3642
19,258,3642
19,259,3642
19,260,3642
19,399,3642
20,155,3642
20,156,3642
20,157,3642
20,183,3642
20,184,3642
20,210,3642
20,211,3642
20,220,3642
20,236,3642
20,237,3642
20,238,3642
20,252,3642
20,254,3642
20,255,3642
20,256,3642
20,258,3642
20,259,3642
20,260,3642
20,399,3642
21,155,3642
21,156,3642
21,157,3642
21,183,3642
21,184,3642
21,210,3642
21,211,3642
21,220,3642
21,236,3642
21,237,3642
21,238,3642
21,252,3642
21,254,3642
21,255,3642
21,256,3642
21,258,3642
21,259,3642
21,260,3642
21,399,3642
22,155,3642
22,156,3642
22,157,3642
22,183,3642
22,184,3642
22,210,3642
22,211,3642
22,220,3642
22,236,3642
22,237,3642
22,238,3642
22,252,3642
22,254,3642
22,255,3642
22,256,3642
22,258,3642
22,259,3642
22,260,3642
22,399,3642
23,155,3642
23,156,3642
23,157,3642
23,183,3642
23,184,3642
23,210,3642
23,211,3642
23,220,3642
23,236,3642
23,237,3642
23,238,3642
23,252,3642
23,254,3642
23,255,3642
23,256,3642
23,258,3642
23,259,3642
23,260,3642
23,399,3642
24,155,3642
24,156,3642
24,157,3642
24,183,3642
24,184,3642
24,210,3642
24,211,3642
24,220,3642
24,236,3642
24,237,3642
24,238,3642
24,252,3642
24,254,3642
24,255,3642
24,256,3642
24,258,3642
24,259,3642
24,260,3642
24,399,3642
25,155,3642
25,156,3642
25,157,3642
25,183,3642
25,184,3642
25,210,3642
25,211,3642
25,220,3642
25,236,3642
25,237,3642
25,238,3642
25,252,3642
25,254,3642
25,255,3642
25,256,3642
25,258,3642
25,259,3642
25,260,3642
25,399,3642
26,155,3642
26,156,3642
26,157,3642
26,183,3642
26,184,3642
26,210,3642
26,211,3642
26,220,3642
26,236,3642
26,237,3642
26,238,3642
26,252,3642
26,254,3642
26,255,3642
26,256,3642
26,258,3642
26,259,3642
26,260,3642
26,399,3642
27,155,3642
27,156,3642
27,157,3642
27,183,3642
27,184,3642
27,210,3642
27,211,3642
27,220,3642
27,236,3642
27,237,3642
27,238,3642
27,252,3642
27,254,3642
27,255,3642
27,256,3642
27,258,3642
27,259,3642
27,260,3642
27,399,3642
28,155,3642
28,156,3642
28,157,3642
28,183,3642
28,184,3642
28,210,3642
28,211,3642
28,220,3642
28,236,3642
28,237,3642
28,238,3642
29,155,3642
29,156,3642
29,157,3642
29,183,3642
29,184,3642
29,210,3642
29,211,3642
29,220,3642
29,236,3642
29,237,3642
29,238,3642
32,155,3642
32,156,3642
32,157,3642
32,183,3642
32,184,3642
32,210,3642
32,211,3642
32,220,3642
32,236,3642
32,237,3642
32,238,3642
32,252,3642
32,254,3642
32,255,3642
32,256,3642
32,258,3642
32,259,3642
32,260,3642
32,399,3642
33,155,3642
33,156,3642
33,157,3642
33,183,3642
33,184,3642
33,210,3642
33,211,3642
33,220,3642
33,236,3642
33,237,3642
33,238,3642
33,252,3642
33,254,3642
33,255,3642
33,256,3642
33,258,3642
33,259,3642
33,260,3642
33,399,3642
35,155,3642
35,156,3642
35,157,3642
35,183,3642
35,184,3642
35,210,3642
35,211,3642
35,220,3642
35,236,3642
35,237,3642
35,238,3642
35,252,3642
35,254,3642
35,255,3642
35,256,3642
35,258,3642
35,259,3642
35,260,3642
35,399,3642
36,155,3642
36,156,3642
36,157,3642
36,183,3642
36,184,3642
36,210,3642
36,211,3642
36,220,3642
36,236,3642
36,237,3642
36,238,3642
36,252,3642
36,254,3642
36,255,3642
36,256,3642
36,258,3642
36,259,3642
36,260,3642
36,399,3642
37,155,3642
37,156,3642
37,157,3642
37,183,3642
37,184,3642
37,210,3642
37,211,3642
37,220,3642
37,236,3642
37,237,3642
37,238,3642
37,252,3642
37,254,3642
37,255,3642
37,256,3642
37,258,3642
37,259,3642
37,260,3642
37,399,3642
39,155,3642
39,156,3642
39,157,3642
39,183,3642
39,184,3642
39,210,3642
39,211,3642
39,220,3642
39,236,3642
39,237,3642
39,238,3642
39,252,3642
39,254,3642
39,255,3642
39,256,3642
39,258,3642
39,259,3642
39,260,3642
39,399,3642
40,155,3642
40,156,3642
40,157,3642
40,183,3642
40,184,3642
40,210,3642
40,211,3642
40,220,3642
40,236,3642
40,237,3642
40,238,3642
40,252,3642
40,254,3642
40,255,3642
40,256,3642
40,258,3642
40,259,3642
40,260,3642
40,399,3642
41,155,3642
41,156,3642
41,157,3642
41,183,3642
41,184,3642
41,210,3642
41,211,3642
41,220,3642
41,236,3642
41,237,3642
41,238,3642
41,252,3642
41,254,3642
41,255,3642
41,256,3642
41,258,3642
41,259,3642
41,260,3642
41,399,3642
43,155,3642
43,156,3642
43,157,3642
43,183,3642
43,184,3642
43,210,3642
43,211,3642
43,220,3642
43,236,3642
43,237,3642
43,238,3642
43,252,3642
43,254,3642
43,255,3642
43,256,3642
43,258,3642
43,259,3642
43,260,3642
43,399,3642
44,155,3642
44,156,3642
44,157,3642
44,183,3642
44,184,3642
44,210,3642
44,211,3642
44,220,3642
44,236,3642
44,237,3642
44,238,3642
44,252,3642
44,254,3642
44,255,3642
44,256,3642
44,258,3642
44,259,3642
44,260,3642
44,399,3642
45,155,3642
45,156,3642
45,157,3642
45,183,3642
45,184,3642
45,210,3642
45,211,3642
45,220,3642
45,236,3642
45,237,3642
45,238,3642
45,252,3642
45,254,3642
45,255,3642
45,256,3642
45,258,3642
45,259,3642
45,260,3642
45,399,3642
46,155,3642
46,156,3642
46,157,3642
46,183,3642
46,184,3642
46,210,3642
46,211,3642
46,220,3642
46,236,3642
46,237,3642
46,238,3642
46,252,3642
46,254,3642
46,255,3642
46,256,3642
46,258,3642
46,259,3642
46,260,3642
46,399,3642
47,155,3642
47,156,3642
47,157,3642
47,183,3642
47,184,3642
47,210,3642
47,211,3642
47,220,3642
47,236,3642
47,237,3642
47,238,3642
47,252,3642
47,254,3642
47,255,3642
47,256,3642
47,258,3642
47,259,3642
47,260,3642
47,399,3642
48,155,3642
48,156,3642
48,157,3642
48,183,3642
48,184,3642
48,210,3642
48,211,3642
48,220,3642
48,236,3642
48,237,3642
48,238,3642
48,252,3642
48,254,3642
48,255,3642
48,256,3642
48,258,3642
48,259,3642
48,260,3642
48,399,3642
49,155,3642
49,156,3642
49,157,3642
49,183,3642
49,184,3642
49,210,3642
49,211,3642
49,220,3642
49,236,3642
49,237,3642
49,238,3642
49,252,3642
49,254,3642
49,255,3642
49,256,3642
49,258,3642
49,259,3642
49,260,3642
49,399,3642
50,155,3642
50,156,3642
50,157,3642
50,183,3642
50,184,3642
50,210,3642
50,211,3642
50,220,3642
50,236,3642
50,237,3642
50,238,3642
50,252,3642
50,254,3642
50,255,3642
50,256,3642
50,258,3642
50,259,3642
50,260,3642
50,399,3642
51,155,3642
51,156,3642
51,157,3642
51,183,3642
51,184,3642
51,210,3642
51,211,3642
51,220,3642
51,236,3642
51,237,3642
51,238,3642
51,252,3642
51,254,3642
51,255,3642
51,256,3642
51,258,3642
51,259,3642
51,260,3642
51,399,3642
52,155,3642
52,156,3642
52,157,3642
52,183,3642
52,184,3642
52,210,3642
52,211,3642
52,220,3642
52,236,3642
52,237,3642
52,238,3642
52,252,3642
52,254,3642
52,255,3642
52,256,3642
52,258,3642
52,259,3642
52,260,3642
52,399,3642
53,155,3642
53,156,3642
53,157,3642
53,183,3642
53,184,3642
53,210,3642
53,211,3642
53,220,3642
53,236,3642
53,237,3642
53,238,3642
53,252,3642
53,254,3642
53,255,3642
53,256,3642
53,258,3642
53,259,3642
53,260,3642
53,399,3642
54,155,3642
54,156,3642
54,157,3642
54,183,3642
54,184,3642
54,210,3642
54,211,3642
54,220,3642
54,236,3642
54,237,3642
54,238,3642
54,252,3642
54,254,3642
54,255,3642
54,256,3642
54,258,3642
54,259,3642
54,260,3642
54,399,3642
55,155,3642
55,156,3642
55,157,3642
55,183,3642
55,184,3642
55,210,3642
55,211,3642
55,220,3642
55,236,3642
55,237,3642
55,238,3642
55,252,3642
55,254,3642
55,255,3642
55,256,3642
55,258,3642
55,259,3642
55,260,3642
55,399,3642
56,155,3642
56,156,3642
56,157,3642
56,183,3642
56,184,3642
56,210,3642
56,211,3642
56,220,3642
56,236,3642
56,237,3642
56,238,3642
56,252,3642
56,254,3642
56,255,3642
56,256,3642
56,258,3642
56,259,3642
56,260,3642
56,399,3642
57,155,3642
57,156,3642
57,157,3642
57,183,3642
57,184,3642
57,210,3642
57,211,3642
57,220,3642
57,236,3642
57,237,3642
57,238,3642
57,252,3642
57,254,3642
57,255,3642
57,256,3642
57,258,3642
57,259,3642
57,260,3642
57,399,3642
58,155,3642
58,156,3642
58,157,3642
58,183,3642
58,184,3642
58,210,3642
58,211,3642
58,220,3642
58,236,3642
58,237,3642
58,238,3642
58,252,3642
58,254,3642
58,255,3642
58,256,3642
58,258,3642
58,259,3642
58,260,3642
58,399,3642
59,155,3642
59,156,3642
59,157,3642
59,183,3642
59,184,3642
59,210,3642
59,211,3642
59,220,3642
59,236,3642
59,237,3642
59,238,3642
59,252,3642
59,254,3642
59,255,3642
59,256,3642
59,258,3642
59,259,3642
59,260,3642
59,399,3642
60,155,3642
60,156,3642
60,157,3642
60,183,3642
60,184,3642
60,210,3642
60,211,3642
60,220,3642
60,236,3642
60,237,3642
60,238,3642
60,252,3642
60,254,3642
60,255,3642
60,256,3642
60,258,3642
60,259,3642
60,260,3642
60,399,3642
61,155,3642
61,156,3642
61,157,3642
61,183,3642
61,184,3642
61,210,3642
61,211,3642
61,220,3642
61,236,3642
61,237,3642
61,238,3642
61,252,3642
61,254,3642
61,255,3642
61,256,3642
61,258,3642
61,259,3642
61,260,3642
61,399,3642
62,155,3642
62,156,3642
62,157,3642
62,183,3642
62,184,3642
62,210,3642
62,211,3642
62,220,3642
62,236,3642
62,237,3642
62,238,3642
62,252,3642
62,254,3642
62,255,3642
62,256,3642
62,258,3642
62,259,3642
62,260,3642
62,399,3642
63,155,3642
63,156,3642
63,157,3642
63,183,3642
63,184,3642
63,210,3642
63,211,3642
63,220,3642
63,236,3642
63,237,3642
63,238,3642
63,252,3642
63,254,3642
63,255,3642
63,256,3642
63,258,3642
63,259,3642
63,260,3642
63,399,3642
64,155,3642
64,156,3642
64,157,3642
64,183,3642
64,184,3642
64,210,3642
64,211,3642
64,220,3642
64,236,3642
64,237,3642
64,238,3642
64,252,3642
64,254,3642
64,255,3642
64,256,3642
64,258,3642
64,259,3642
64,260,3642
64,399,3642
65,155,3642
65,156,3642
65,157,3642
65,183,3642
65,184,3642
65,210,3642
65,211,3642
65,220,3642
65,236,3642
65,237,3642
65,238,3642
65,252,3642
65,254,3642
65,255,3642
65,256,3642
65,258,3642
65,259,3642
65,260,3642
65,399,3642
66,155,3642
66,156,3642
66,157,3642
66,183,3642
66,184,3642
66,210,3642
66,211,3642
66,220,3642
66,236,3642
66,237,3642
66,238,3642
66,252,3642
66,254,3642
66,255,3642
66,256,3642
66,258,3642
66,259,3642
66,260,3642
66,399,3642
67,155,3642
67,156,3642
67,157,3642
67,183,3642
67,184,3642
67,210,3642
67,211,3642
67,220,3642
67,236,3642
67,237,3642
67,238,3642
67,252,3642
67,254,3642
67,255,3642
67,256,3642
67,258,3642
67,259,3642
67,260,3642
67,399,3642
68,155,3642
68,156,3642
68,157,3642
68,183,3642
68,184,3642
68,210,3642
68,211,3642
68,220,3642
68,236,3642
68,237,3642
68,238,3642
68,252,3642
68,254,3642
68,255,3642
68,256,3642
68,258,3642
68,259,3642
68,260,3642
68,399,3642
69,155,3642
69,156,3642
69,157,3642
69,183,3642
69,184,3642
69,210,3642
69,211,3642
69,220,3642
69,236,3642
69,237,3642
69,238,3642
69,252,3642
69,254,3642
69,255,3642
69,256,3642
69,258,3642
69,259,3642
69,260,3642
69,399,3642
70,155,3642
70,156,3642
70,157,3642
70,183,3642
70,184,3642
70,210,3642
70,211,3642
70,220,3642
70,236,3642
70,237,3642
70,238,3642
70,252,3642
70,254,3642
70,255,3642
70,256,3642
70,258,3642
70,259,3642
70,260,3642
70,399,3642
71,155,3642
71,156,3642
71,157,3642
71,183,3642
71,184,3642
71,210,3642
71,211,3642
71,220,3642
71,236,3642
71,237,3642
71,238,3642
71,252,3642
71,254,3642
71,255,3642
71,256,3642
71,258,3642
71,259,3642
71,260,3642
71,399,3642
72,155,3642
72,156,3642
72,157,3642
72,183,3642
72,184,3642
72,210,3642
72,211,3642
72,220,3642
72,236,3642
72,237,3642
72,238,3642
72,252,3642
72,254,3642
72,255,3642
72,256,3642
72,258,3642
72,259,3642
72,260,3642
72,399,3642
73,155,3642
73,156,3642
73,157,3642
73,183,3642
73,184,3642
73,210,3642
73,211,3642
73,220,3642
73,236,3642
73,237,3642
73,238,3642
73,252,3642
73,254,3642
73,255,3642
73,256,3642
73,258,3642
73,259,3642
73,260,3642
73,399,3642
75,155,3642
75,156,3642
75,157,3642
75,183,3642
75,184,3642
75,210,3642
75,211,3642
75,220,3642
75,236,3642
75,237,3642
75,238,3642
75,252,3642
75,254,3642
75,255,3642
75,256,3642
75,258,3642
75,259,3642
75,260,3642
75,399,3642
76,155,3642
76,156,3642
76,157,3642
76,183,3642
76,184,3642
76,210,3642
76,211,3642
76,220,3642
76,236,3642
76,237,3642
76,238,3642
76,252,3642
76,254,3642
76,255,3642
76,256,3642
76,258,3642
76,259,3642
76,260,3642
76,399,3642
77,155,3642
77,156,3642
77,157,3642
77,183,3642
77,184,3642
77,210,3642
77,211,3642
77,220,3642
77,236,3642
77,237,3642
77,238,3642
77,252,3642
77,254,3642
77,255,3642
77,256,3642
77,258,3642
77,259,3642
77,260,3642
77,399,3642
78,155,3642
78,156,3642
78,157,3642
78,183,3642
78,184,3642
78,210,3642
78,211,3642
78,220,3642
78,236,3642
78,237,3642
78,238,3642
78,252,3642
78,254,3642
78,255,3642
78,256,3642
78,258,3642
78,259,3642
78,260,3642
78,399,3642
79,155,3642
79,156,3642
79,157,3642
79,183,3642
79,184,3642
79,210,3642
79,211,3642
79,220,3642
79,236,3642
79,237,3642
79,238,3642
79,252,3642
79,254,3642
79,255,3642
79,256,3642
79,258,3642
79,259,3642
79,260,3642
79,399,3642
80,155,3642
80,156,3642
80,157,3642
80,183,3642
80,184,3642
80,210,3642
80,211,3642
80,220,3642
80,236,3642
80,237,3642
80,238,3642
80,252,3642
80,254,3642
80,255,3642
80,256,3642
80,258,3642
80,259,3642
80,260,3642
80,399,3642
81,155,3642
81,156,3642
81,157,3642
81,183,3642
81,184,3642
81,210,3642
81,211,3642
81,220,3642
81,236,3642
81,237,3642
81,238,3642
81,252,3642
81,254,3642
81,255,3642
81,256,3642
81,258,3642
81,259,3642
81,260,3642
81,399,3642
82,155,3642
82,156,3642
82,157,3642
82,183,3642
82,184,3642
82,210,3642
82,211,3642
82,220,3642
82,236,3642
82,237,3642
82,238,3642
82,252,3642
82,254,3642
82,255,3642
82,256,3642
82,258,3642
82,259,3642
82,260,3642
82,399,3642
83,155,3642
83,156,3642
83,157,3642
83,183,3642
83,184,3642
83,210,3642
83,211,3642
83,220,3642
83,236,3642
83,237,3642
83,238,3642
83,252,3642
83,254,3642
83,255,3642
83,256,3642
83,258,3642
83,259,3642
83,260,3642
83,399,3642
84,155,3642
84,156,3642
84,157,3642
84,183,3642
84,184,3642
84,210,3642
84,211,3642
84,220,3642
84,236,3642
84,237,3642
84,238,3642
84,252,3642
84,254,3642
84,255,3642
84,256,3642
84,258,3642
84,259,3642
84,260,3642
84,399,3642
85,155,3642
85,156,3642
85,157,3642
85,183,3642
85,184,3642
85,210,3642
85,211,3642
85,220,3642
85,236,3642
85,237,3642
85,238,3642
85,252,3642
85,254,3642
85,255,3642
85,256,3642
85,258,3642
85,259,3642
85,260,3642
85,399,3642
86,155,3642
86,156,3642
86,157,3642
86,183,3642
86,184,3642
86,210,3642
86,211,3642
86,220,3642
86,236,3642
86,237,3642
86,238,3642
86,252,3642
86,254,3642
86,255,3642
86,256,3642
86,258,3642
86,259,3642
86,260,3642
86,399,3642
87,155,3642
87,156,3642
87,157,3642
87,183,3642
87,184,3642
87,210,3642
87,211,3642
87,220,3642
87,236,3642
87,237,3642
87,238,3642
87,252,3642
87,254,3642
87,255,3642
87,256,3642
87,258,3642
87,259,3642
87,260,3642
87,399,3642
88,155,3642
88,156,3642
88,157,3642
88,183,3642
88,184,3642
88,210,3642
88,211,3642
88,220,3642
88,236,3642
88,237,3642
88,238,3642
88,252,3642
88,254,3642
88,255,3642
88,256,3642
88,258,3642
88,259,3642
88,260,3642
88,399,3642
89,155,3642
89,156,3642
89,157,3642
89,183,3642
89,184,3642
89,210,3642
89,211,3642
89,220,3642
89,236,3642
89,237,3642
89,238,3642
89,252,3642
89,254,3642
89,255,3642
89,256,3642
89,258,3642
89,259,3642
89,260,3642
89,399,3642
90,155,3642
90,156,3642
90,157,3642
90,183,3642
90,184,3642
90,210,3642
90,211,3642
90,220,3642
90,236,3642
90,237,3642
90,238,3642
90,252,3642
90,254,3642
90,255,3642
90,256,3642
90,258,3642
90,259,3642
90,260,3642
90,399,3642
91,155,3642
91,156,3642
91,157,3642
91,183,3642
91,184,3642
91,210,3642
91,211,3642
91,220,3642
91,236,3642
91,237,3642
91,238,3642
91,252,3642
91,254,3642
91,255,3642
91,256,3642
91,258,3642
91,259,3642
91,260,3642
91,399,3642
92,155,3642
92,156,3642
92,157,3642
92,183,3642
92,184,3642
92,210,3642
92,211,3642
92,220,3642
92,236,3642
92,237,3642
92,238,3642
92,252,3642
92,254,3642
92,255,3642
92,256,3642
92,258,3642
92,259,3642
92,260,3642
92,399,3642
93,155,3642
93,156,3642
93,157,3642
93,183,3642
93,184,3642
93,210,3642
93,211,3642
93,220,3642
93,236,3642
93,237,3642
93,238,3642
93,252,3642
93,254,3642
93,255,3642
93,256,3642
93,258,3642
93,259,3642
93,260,3642
93,399,3642
94,155,3642
94,156,3642
94,157,3642
94,183,3642
94,184,3642
94,210,3642
94,211,3642
94,220,3642
94,236,3642
94,237,3642
94,238,3642
94,252,3642
94,254,3642
94,255,3642
94,256,3642
94,258,3642
94,259,3642
94,260,3642
94,399,3642
95,155,3642
95,156,3642
95,157,3642
95,183,3642
95,184,3642
95,210,3642
95,211,3642
95,220,3642
95,236,3642
95,237,3642
95,238,3642
95,252,3642
95,254,3642
95,255,3642
95,256,3642
95,258,3642
95,259,3642
95,260,3642
95,399,3642
96,155,3642
96,156,3642
96,157,3642
96,183,3642
96,184,3642
96,189,3642
96,190,3642
96,209,3642
96,210,3642
96,211,3642
96,220,3642
96,236,3642
96,237,3642
96,238,3642
96,252,3642
96,254,3642
96,255,3642
96,256,3642
96,258,3642
96,259,3642
96,260,3642
96,399,3642
97,155,3642
97,156,3642
97,157,3642
97,183,3642
97,184,3642
97,189,3642
97,190,3642
97,209,3642
97,210,3642
97,211,3642
97,220,3642
97,236,3642
97,237,3642
97,238,3642
97,252,3642
97,254,3642
97,255,3642
97,256,3642
97,258,3642
97,259,3642
97,260,3642
97,399,3642
98,155,3642
98,156,3642
98,157,3642
98,183,3642
98,184,3642
98,210,3642
98,211,3642
98,220,3642
98,236,3642
98,237,3642
98,238,3642
98,252,3642
98,254,3642
98,255,3642
98,256,3642
98,258,3642
98,259,3642
98,260,3642
98,399,3642
99,155,3642
99,156,3642
99,157,3642
99,183,3642
99,184,3642
99,189,3642
99,190,3642
99,209,3642
99,210,3642
99,211,3642
99,220,3642
99,236,3642
99,237,3642
99,238,3642
100,155,3642
100,156,3642
100,157,3642
100,183,3642
100,184,3642
100,189,3642
100,190,3642
100,209,3642
100,210,3642
100,211,3642
100,220,3642
100,236,3642
100,237,3642
100,238,3642
101,155,3642
101,156,3642
101,157,3642
101,183,3642
101,184,3642
101,189,3642
101,190,3642
101,209,3642
101,210,3642
101,211,3642
101,220,3642
101,236,3642
101,237,3642
101,238,3642
102,155,3642
102,156,3642
102,157,3642
102,183,3642
102,184,3642
102,189,3642
102,190,3642
102,209,3642
102,210,3642
102,211,3642
102,220,3642
102,236,3642
102,237,3642
102,238,3642
102,252,3642
102,254,3642
102,255,3642
102,256,3642
102,258,3642
102,259,3642
102,260,3642
102,399,3642
103,155,3642
103,156,3642
103,157,3642
103,183,3642
103,184,3642
103,189,3642
103,190,3642
103,209,3642
103,210,3642
103,211,3642
103,220,3642
103,236,3642
103,237,3642
103,238,3642
103,252,3642
103,254,3642
103,255,3642
103,256,3642
103,258,3642
103,259,3642
103,260,3642
103,399,3642
104,155,3642
104,156,3642
104,157,3642
104,183,3642
104,184,3642
104,189,3642
104,190,3642
104,209,3642
104,210,3642
104,211,3642
104,220,3642
104,236,3642
104,237,3642
104,238,3642
104,252,3642
104,254,3642
104,255,3642
104,256,3642
104,258,3642
104,259,3642
104,260,3642
104,399,3642
105,155,3642
105,156,3642
105,157,3642
105,183,3642
105,184,3642
105,189,3642
105,190,3642
105,209,3642
105,210,3642
105,211,3642
105,220,3642
105,236,3642
105,237,3642
105,238,3642
106,155,3642
106,156,3642
106,157,3642
106,183,3642
106,184,3642
106,189,3642
106,190,3642
106,209,3642
106,210,3642
106,211,3642
106,220,3642
106,236,3642
106,237,3642
106,238,3642
107,155,3642
107,156,3642
107,157,3642
107,183,3642
107,184,3642
107,189,3642
107,190,3642
107,209,3642
107,210,3642
107,211,3642
107,220,3642
107,236,3642
107,237,3642
107,238,3642
108,155,3642
108,156,3642
108,157,3642
108,183,3642
108,184,3642
108,189,3642
108,190,3642
108,209,3642
108,210,3642
108,211,3642
108,220,3642
108,236,3642
108,237,3642
108,238,3642
108,252,3642
108,254,3642
108,255,3642
108,256,3642
108,258,3642
108,259,3642
108,260,3642
108,399,3642
109,155,3642
109,156,3642
109,157,3642
109,183,3642
109,184,3642
109,189,3642
109,190,3642
109,209,3642
109,210,3642
109,211,3642
109,220,3642
109,236,3642
109,237,3642
109,238,3642
109,252,3642
109,254,3642
109,255,3642
109,256,3642
109,258,3642
109,259,3642
109,260,3642
109,399,3642
110,155,3642
110,156,3642
110,157,3642
110,183,3642
110,184,3642
110,210,3642
110,211,3642
110,220,3642
110,236,3642
110,237,3642
110,238,3642
110,252,3642
110,254,3642
110,255,3642
110,256,3642
110,258,3642
110,259,3642
110,260,3642
110,399,3642
111,155,3642
111,156,3642
111,157,3642
111,183,3642
111,184,3642
111,210,3642
111,211,3642
111,220,3642
111,236,3642
111,237,3642
111,238,3642
111,252,3642
111,254,3642
111,255,3642
111,256,3642
111,258,3642
111,259,3642
111,260,3642
111,399,3642
112,155,3642
112,156,3642
112,157,3642
112,183,3642
112,184,3642
112,210,3642
112,211,3642
112,220,3642
112,236,3642
112,237,3642
112,238,3642
112,252,3642
112,254,3642
112,255,3642
112,256,3642
112,258,3642
112,259,3642
112,260,3642
112,399,3642
114,155,3642
114,156,3642
114,157,3642
114,183,3642
114,184,3642
114,210,3642
114,211,3642
114,220,3642
114,236,3642
114,237,3642
114,238,3642
114,252,3642
114,254,3642
114,255,3642
114,256,3642
114,258,3642
114,259,3642
114,260,3642
114,399,3642
115,155,3642
115,156,3642
115,157,3642
115,183,3642
115,184,3642
115,210,3642
115,211,3642
115,220,3642
115,236,3642
115,237,3642
115,238,3642
115,252,3642
115,254,3642
115,255,3642
115,256,3642
115,258,3642
115,259,3642
115,260,3642
115,399,3642
116,155,3642
116,156,3642
116,157,3642
116,183,3642
116,184,3642
116,210,3642
116,211,3642
116,220,3642
116,236,3642
116,237,3642
116,238,3642
116,252,3642
116,254,3642
116,255,3642
116,256,3642
116,258,3642
116,259,3642
116,260,3642
116,399,3642
117,155,3642
117,156,3642
117,157,3642
117,183,3642
117,184,3642
117,210,3642
117,211,3642
117,220,3642
117,236,3642
117,237,3642
117,238,3642
117,252,3642
117,254,3642
117,255,3642
117,256,3642
117,258,3642
117,259,3642
117,260,3642
117,399,3642
118,155,3642
118,156,3642
118,157,3642
118,183,3642
118,184,3642
118,210,3642
118,211,3642
118,220,3642
118,236,3642
118,237,3642
118,238,3642
118,252,3642
118,254,3642
118,255,3642
118,256,3642
118,258,3642
118,259,3642
118,260,3642
118,399,3642
119,155,3642
119,156,3642
119,157,3642
119,183,3642
119,184,3642
119,189,3642
119,190,3642
119,209,3642
119,210,3642
119,211,3642
119,220,3642
119,236,3642
119,237,3642
119,238,3642
119,252,3642
119,254,3642
119,255,3642
119,256,3642
119,258,3642
119,259,3642
119,260,3642
119,399,3642
122,184,3642
127,184,3642
128,155,3642
128,156,3642
128,157,3642
128,183,3642
128,184,3642
128,210,3642
128,211,3642
128,220,3642
128,236,3642
128,237,3642
128,238,3642
129,155,3642
129,156,3642
129,157,3642
129,183,3642
129,184,3642
129,210,3642
129,211,3642
129,220,3642
129,236,3642
129,237,3642
129,238,3642
130,155,3642
130,156,3642
130,157,3642
130,183,3642
130,184,3642
130,210,3642
130,211,3642
130,220,3642
130,236,3642
130,237,3642
130,238,3642
130,252,3642
130,254,3642
130,255,3642
130,256,3642
130,258,3642
130,259,3642
130,260,3642
130,399,3642
131,155,3642
131,156,3642
131,157,3642
131,183,3642
131,184,3642
131,210,3642
131,211,3642
131,220,3642
131,236,3642
131,237,3642
131,238,3642
131,252,3642
131,254,3642
131,255,3642
131,256,3642
131,258,3642
131,259,3642
131,260,3642
131,399,3642
133,155,3642
133,156,3642
133,157,3642
133,183,3642
133,184,3642
133,210,3642
133,211,3642
133,220,3642
133,236,3642
133,237,3642
133,238,3642
133,252,3642
133,254,3642
133,255,3642
133,256,3642
133,258,3642
133,259,3642
133,260,3642
133,399,3642
134,155,3642
134,156,3642
134,157,3642
134,183,3642
134,184,3642
134,210,3642
134,211,3642
134,220,3642
134,236,3642
134,237,3642
134,238,3642
134,252,3642
134,254,3642
134,255,3642
134,256,3642
134,258,3642
134,259,3642
134,260,3642
134,399,3642
135,155,3642
135,156,3642
135,157,3642
135,183,3642
135,184,3642
135,210,3642
135,211,3642
135,220,3642
135,236,3642
135,237,3642
135,238,3642
135,252,3642
135,254,3642
135,255,3642
135,256,3642
135,258,3642
135,259,3642
135,260,3642
135,399,3642
136,155,3642
136,156,3642
136,157,3642
136,183,3642
136,184,3642
136,210,3642
136,211,3642
136,220,3642
136,236,3642
136,237,3642
136,238,3642
136,252,3642
136,254,3642
136,255,3642
136,256,3642
136,258,3642
136,259,3642
136,260,3642
136,399,3642
137,155,3642
137,156,3642
137,157,3642
137,183,3642
137,184,3642
137,210,3642
137,211,3642
137,220,3642
137,236,3642
137,237,3642
137,238,3642
137,252,3642
137,254,3642
137,255,3642
137,256,3642
137,258,3642
137,259,3642
137,260,3642
137,399,3642
138,155,3642
138,156,3642
138,157,3642
138,183,3642
138,184,3642
138,210,3642
138,211,3642
138,220,3642
138,236,3642
138,237,3642
138,238,3642
138,252,3642
138,254,3642
138,255,3642
138,256,3642
138,258,3642
138,259,3642
138,260,3642
138,399,3642
139,155,3642
139,156,3642
139,157,3642
139,183,3642
139,184,3642
139,210,3642
139,211,3642
139,220,3642
139,236,3642
139,237,3642
139,238,3642
139,252,3642
139,254,3642
139,255,3642
139,256,3642
139,258,3642
139,259,3642
139,260,3642
139,399,3642
141,155,3642
141,156,3642
141,157,3642
141,183,3642
141,184,3642
141,210,3642
141,211,3642
141,220,3642
141,236,3642
141,237,3642
141,238,3642
141,252,3642
141,254,3642
141,255,3642
141,256,3642
141,258,3642
141,259,3642
141,260,3642
141,399,3642
144,155,3642
144,156,3642
144,157,3642
144,183,3642
144,184,3642
144,210,3642
144,211,3642
144,220,3642
144,236,3642
144,237,3642
144,238,3642
144,252,3642
144,254,3642
144,255,3642
144,256,3642
144,258,3642
144,259,3642
144,260,3642
144,399,3642
145,155,3642
145,156,3642
145,157,3642
145,183,3642
145,184,3642
145,210,3642
145,211,3642
145,220,3642
145,236,3642
145,237,3642
145,238,3642
145,252,3642
145,254,3642
145,255,3642
145,256,3642
145,258,3642
145,259,3642
145,260,3642
145,399,3642
146,155,3642
146,156,3642
146,157,3642
146,183,3642
146,184,3642
146,210,3642
146,211,3642
146,220,3642
146,236,3642
146,237,3642
146,238,3642
146,252,3642
146,254,3642
146,255,3642
146,256,3642
146,258,3642
146,259,3642
146,260,3642
146,399,3642
147,155,3642
147,156,3642
147,157,3642
147,183,3642
147,184,3642
147,210,3642
147,211,3642
147,220,3642
147,236,3642
147,237,3642
147,238,3642
147,252,3642
147,254,3642
147,255,3642
147,256,3642
147,258,3642
147,259,3642
147,260,3642
147,399,3642
148,155,3642
148,156,3642
148,157,3642
148,183,3642
148,184,3642
148,210,3642
148,211,3642
148,220,3642
148,236,3642
148,237,3642
148,238,3642
148,252,3642
148,254,3642
148,255,3642
148,256,3642
148,258,3642
148,259,3642
148,260,3642
148,399,3642
149,155,3642
149,156,3642
149,157,3642
149,183,3642
149,184,3642
149,189,3642
149,190,3642
149,209,3642
149,210,3642
149,211,3642
149,220,3642
149,236,3642
149,237,3642
149,238,3642
149,252,3642
149,254,3642
149,255,3642
149,256,3642
149,258,3642
149,259,3642
149,260,3642
149,399,3642
150,155,3642
150,156,3642
150,157,3642
150,183,3642
150,184,3642
150,210,3642
150,211,3642
150,220,3642
150,236,3642
150,237,3642
150,238,3642
150,252,3642
150,254,3642
150,255,3642
150,256,3642
150,258,3642
150,259,3642
150,260,3642
150,399,3642
155,1,3642
155,2,3642
155,3,3642
155,4,3642
155,5,3642
155,6,3642
155,7,3642
155,8,3642
155,9,3642
155,10,3642
155,11,3642
155,12,3642
155,13,3642
155,14,3642
155,15,3642
155,16,3642
155,17,3642
155,18,3642
155,19,3642
155,20,3642
155,21,3642
155,22,3642
155,23,3642
155,24,3642
155,25,3642
155,26,3642
155,27,3642
155,28,3642
155,29,3642
155,32,3642
155,33,3642
155,35,3642
155,36,3642
155,37,3642
155,39,3642
155,40,3642
155,41,3642
155,43,3642
155,44,3642
155,45,3642
155,46,3642
155,47,3642
155,48,3642
155,49,3642
155,50,3642
155,51,3642
155,52,3642
155,53,3642
155,54,3642
155,55,3642
155,56,3642
155,57,3642
155,58,3642
155,59,3642
155,60,3642
155,61,3642
155,62,3642
155,63,3642
155,64,3642
155,65,3642
155,66,3642
155,67,3642
155,68,3642
155,69,3642
155,70,3642
155,71,3642
155,72,3642
155,73,3642
155,75,3642
155,76,3642
155,77,3642
155,78,3642
155,79,3642
155,80,3642
155,81,3642
155,82,3642
155,83,3642
155,84,3642
155,85,3642
155,86,3642
155,87,3642
155,88,3642
155,89,3642
155,90,3642
155,91,3642
155,92,3642
155,93,3642
155,94,3642
155,95,3642
155,96,3642
155,97,3642
155,98,3642
155,99,3642
155,100,3642
155,101,3642
155,102,3642
155,103,3642
155,104,3642
155,105,3642
155,106,3642
155,107,3642
155,108,3642
155,109,3642
155,110,3642
155,111,3642
155,112,3642
155,114,3642
155,115,3642
155,116,3642
155,117,3642
155,118,3642
155,119,3642
155,128,3642
155,129,3642
155,130,3642
155,131,3642
155,133,3642
155,134,3642
155,135,3642
155,136,3642
155,137,3642
155,138,3642
155,139,3642
155,141,3642
155,144,3642
155,145,3642
155,146,3642
155,147,3642
155,148,3642
155,149,3642
155,150,3642
156,1,3642
156,2,3642
156,3,3642
156,4,3642
156,5,3642
156,6,3642
156,7,3642
156,8,3642
156,9,3642
156,10,3642
156,11,3642
156,12,3642
156,13,3642
156,14,3642
156,15,3642
156,16,3642
156,17,3642
156,18,3642
156,19,3642
156,20,3642
156,21,3642
156,22,3642
156,23,3642
156,24,3642
156,25,3642
156,26,3642
156,27,3642
156,28,3642
156,29,3642
156,32,3642
156,33,3642
156,35,3642
156,36,3642
156,37,3642
156,39,3642
156,40,3642
156,41,3642
156,43,3642
156,44,3642
156,45,3642
156,46,3642
156,47,3642
156,48,3642
156,49,3642
156,50,3642
156,51,3642
156,52,3642
156,53,3642
156,54,3642
156,55,3642
156,56,3642
156,57,3642
156,58,3642
156,59,3642
156,60,3642
156,61,3642
156,62,3642
156,63,3642
156,64,3642
156,65,3642
156,66,3642
156,67,3642
156,68,3642
156,69,3642
156,70,3642
156,71,3642
156,72,3642
156,73,3642
156,75,3642
156,76,3642
156,77,3642
156,78,3642
156,79,3642
156,80,3642
156,81,3642
156,82,3642
156,83,3642
156,84,3642
156,85,3642
156,86,3642
156,87,3642
156,88,3642
156,89,3642
156,90,3642
156,91,3642
156,92,3642
156,93,3642
156,94,3642
156,95,3642
156,96,3642
156,97,3642
156,98,3642
156,99,3642
156,100,3642
156,101,3642
156,102,3642
156,103,3642
156,104,3642
156,105,3642
156,106,3642
156,107,3642
156,108,3642
156,109,3642
156,110,3642
156,111,3642
156,112,3642
156,114,3642
156,115,3642
156,116,3642
156,117,3642
156,118,3642
156,119,3642
156,128,3642
156,129,3642
156,130,3642
156,131,3642
156,133,3642
156,134,3642
156,135,3642
156,136,3642
156,137,3642
156,138,3642
156,139,3642
156,141,3642
156,144,3642
156,145,3642
156,146,3642
156,147,3642
156,148,3642
156,149,3642
156,150,3642
157,1,3642
157,2,3642
157,3,3642
157,4,3642
157,5,3642
157,6,3642
157,7,3642
157,8,3642
157,9,3642
157,10,3642
157,11,3642
157,12,3642
157,13,3642
157,14,3642
157,15,3642
157,16,3642
157,17,3642
157,18,3642
157,19,3642
157,20,3642
157,21,3642
157,22,3642
157,23,3642
157,24,3642
157,25,3642
157,26,3642
157,27,3642
157,28,3642
157,29,3642
157,32,3642
157,33,3642
157,35,3642
157,36,3642
157,37,3642
157,39,3642
157,40,3642
157,41,3642
157,43,3642
157,44,3642
157,45,3642
157,46,3642
157,47,3642
157,48,3642
157,49,3642
157,50,3642
157,51,3642
157,52,3642
157,53,3642
157,54,3642
157,55,3642
157,56,3642
157,57,3642
157,58,3642
157,59,3642
157,60,3642
157,61,3642
157,62,3642
157,63,3642
157,64,3642
157,65,3642
157,66,3642
157,67,3642
157,68,3642
157,69,3642
157,70,3642
157,71,3642
157,72,3642
157,73,3642
157,75,3642
157,76,3642
157,77,3642
157,78,3642
157,79,3642
157,80,3642
157,81,3642
157,82,3642
157,83,3642
157,84,3642
157,85,3642
157,86,3642
157,87,3642
157,88,3642
157,89,3642
157,90,3642
157,91,3642
157,92,3642
157,93,3642
157,94,3642
157,95,3642
157,96,3642
157,97,3642
157,98,3642
157,99,3642
157,100,3642
157,101,3642
157,102,3642
157,103,3642
157,104,3642
157,105,3642
157,106,3642
157,107,3642
157,108,3642
157,109,3642
157,110,3642
157,111,3642
157,112,3642
157,114,3642
157,115,3642
157,116,3642
157,117,3642
157,118,3642
157,119,3642
157,128,3642
157,129,3642
157,130,3642
157,131,3642
157,133,3642
157,134,3642
157,135,3642
157,136,3642
157,137,3642
157,138,3642
157,139,3642
157,141,3642
157,144,3642
157,145,3642
157,146,3642
157,147,3642
157,148,3642
157,149,3642
157,150,3642
183,1,3642
183,2,3642
183,3,3642
183,4,3642
183,5,3642
183,6,3642
183,7,3642
183,8,3642
183,9,3642
183,10,3642
183,11,3642
183,12,3642
183,13,3642
183,14,3642
183,15,3642
183,16,3642
183,17,3642
183,18,3642
183,19,3642
183,20,3642
183,21,3642
183,22,3642
183,23,3642
183,24,3642
183,25,3642
183,26,3642
183,27,3642
183,28,3642
183,29,3642
183,32,3642
183,33,3642
183,35,3642
183,36,3642
183,37,3642
183,39,3642
183,40,3642
183,41,3642
183,43,3642
183,44,3642
183,45,3642
183,46,3642
183,47,3642
183,48,3642
183,49,3642
183,50,3642
183,51,3642
183,52,3642
183,53,3642
183,54,3642
183,55,3642
183,56,3642
183,57,3642
183,58,3642
183,59,3642
183,60,3642
183,61,3642
183,62,3642
183,63,3642
183,64,3642
183,65,3642
183,66,3642
183,67,3642
183,68,3642
183,69,3642
183,70,3642
183,71,3642
183,72,3642
183,73,3642
183,75,3642
183,76,3642
183,77,3642
183,78,3642
183,79,3642
183,80,3642
183,81,3642
183,82,3642
183,83,3642
183,84,3642
183,85,3642
183,86,3642
183,87,3642
183,88,3642
183,89,3642
183,90,3642
183,91,3642
183,92,3642
183,93,3642
183,94,3642
183,95,3642
183,96,3642
183,97,3642
183,98,3642
183,99,3642
183,100,3642
183,101,3642
183,102,3642
183,103,3642
183,104,3642
183,105,3642
183,106,3642
183,107,3642
183,108,3642
183,109,3642
183,110,3642
183,111,3642
183,112,3642
183,114,3642
183,115,3642
183,116,3642
183,117,3642
183,118,3642
183,119,3642
183,128,3642
183,129,3642
183,130,3642
183,131,3642
183,133,3642
183,134,3642
183,135,3642
183,136,3642
183,137,3642
183,138,3642
183,139,3642
183,141,3642
183,144,3642
183,145,3642
183,146,3642
183,147,3642
183,148,3642
183,149,3642
183,150,3642
184,1,3642
184,2,3642
184,3,3642
184,4,3642
184,5,3642
184,6,3642
184,7,3642
184,8,3642
184,9,3642
184,10,3642
184,11,3642
184,12,3642
184,13,3642
184,14,3642
184,15,3642
184,16,3642
184,17,3642
184,18,3642
184,19,3642
184,20,3642
184,21,3642
184,22,3642
184,23,3642
184,24,3642
184,25,3642
184,26,3642
184,27,3642
184,28,3642
184,29,3642
184,32,3642
184,33,3642
184,35,3642
184,36,3642
184,37,3642
184,39,3642
184,40,3642
184,41,3642
184,43,3642
184,44,3642
184,45,3642
184,46,3642
184,47,3642
184,48,3642
184,49,3642
184,50,3642
184,51,3642
184,52,3642
184,53,3642
184,54,3642
184,55,3642
184,56,3642
184,57,3642
184,58,3642
184,59,3642
184,60,3642
184,61,3642
184,62,3642
184,63,3642
184,64,3642
184,65,3642
184,66,3642
184,67,3642
184,68,3642
184,69,3642
184,70,3642
184,71,3642
184,72,3642
184,73,3642
184,75,3642
184,76,3642
184,77,3642
184,78,3642
184,79,3642
184,80,3642
184,81,3642
184,82,3642
184,83,3642
184,84,3642
184,85,3642
184,86,3642
184,87,3642
184,88,3642
184,89,3642
184,90,3642
184,91,3642
184,92,3642
184,93,3642
184,94,3642
184,95,3642
184,96,3642
184,97,3642
184,98,3642
184,99,3642
184,100,3642
184,101,3642
184,102,3642
184,103,3642
184,104,3642
184,105,3642
184,106,3642
184,107,3642
184,108,3642
184,109,3642
184,110,3642
184,111,3642
184,112,3642
184,114,3642
184,115,3642
184,116,3642
184,117,3642
184,118,3642
184,119,3642
184,122,3642
184,127,3642
184,128,3642
184,129,3642
184,130,3642
184,131,3642
184,133,3642
184,134,3642
184,135,3642
184,136,3642
184,137,3642
184,138,3642
184,139,3642
184,141,3642
184,144,3642
184,145,3642
184,146,3642
184,147,3642
184,148,3642
184,149,3642
184,150,3642
189,96,3642
189,97,3642
189,99,3642
189,100,3642
189,101,3642
189,102,3642
189,103,3642
189,104,3642
189,105,3642
189,106,3642
189,107,3642
189,108,3642
189,109,3642
189,119,3642
189,149,3642
190,96,3642
190,97,3642
190,99,3642
190,100,3642
190,101,3642
190,102,3642
190,103,3642
190,104,3642
190,105,3642
190,106,3642
190,107,3642
190,108,3642
190,109,3642
190,119,3642
190,149,3642
209,96,3642
209,97,3642
209,99,3642
209,100,3642
209,101,3642
209,102,3642
209,103,3642
209,104,3642
209,105,3642
209,106,3642
209,107,3642
209,108,3642
209,109,3642
209,119,3642
209,149,3642
210,1,3642
210,2,3642
210,3,3642
210,4,3642
210,5,3642
210,6,3642
210,7,3642
210,8,3642
210,9,3642
210,10,3642
210,11,3642
210,12,3642
210,13,3642
210,14,3642
210,15,3642
210,16,3642
210,17,3642
210,18,3642
210,19,3642
210,20,3642
210,21,3642
210,22,3642
210,23,3642
210,24,3642
210,25,3642
210,26,3642
210,27,3642
210,28,3642
210,29,3642
210,32,3642
210,33,3642
210,35,3642
210,36,3642
210,37,3642
210,39,3642
210,40,3642
210,41,3642
210,43,3642
210,44,3642
210,45,3642
210,46,3642
210,47,3642
210,48,3642
210,49,3642
210,50,3642
210,51,3642
210,52,3642
210,53,3642
210,54,3642
210,55,3642
210,56,3642
210,57,3642
210,58,3642
210,59,3642
210,60,3642
210,61,3642
210,62,3642
210,63,3642
210,64,3642
210,65,3642
210,66,3642
210,67,3642
210,68,3642
210,69,3642
210,70,3642
210,71,3642
210,72,3642
210,73,3642
210,75,3642
210,76,3642
210,77,3642
210,78,3642
210,79,3642
210,80,3642
210,81,3642
210,82,3642
210,83,3642
210,84,3642
210,85,3642
210,86,3642
210,87,3642
210,88,3642
210,89,3642
210,90,3642
210,91,3642
210,92,3642
210,93,3642
210,94,3642
210,95,3642
210,96,3642
210,97,3642
210,98,3642
210,99,3642
210,100,3642
210,101,3642
210,102,3642
210,103,3642
210,104,3642
210,105,3642
210,106,3642
210,107,3642
210,108,3642
210,109,3642
210,110,3642
210,111,3642
210,112,3642
210,114,3642
210,115,3642
210,116,3642
210,117,3642
210,118,3642
210,119,3642
210,128,3642
210,129,3642
210,130,3642
210,131,3642
210,133,3642
210,134,3642
210,135,3642
210,136,3642
210,137,3642
210,138,3642
210,139,3642
210,141,3642
210,144,3642
210,145,3642
210,146,3642
210,147,3642
210,148,3642
210,149,3642
210,150,3642
211,1,3642
211,2,3642
211,3,3642
211,4,3642
211,5,3642
211,6,3642
211,7,3642
211,8,3642
211,9,3642
211,10,3642
211,11,3642
211,12,3642
211,13,3642
211,14,3642
211,15,3642
211,16,3642
211,17,3642
211,18,3642
211,19,3642
211,20,3642
211,21,3642
211,22,3642
211,23,3642
211,24,3642
211,25,3642
211,26,3642
211,27,3642
211,28,3642
211,29,3642
211,32,3642
211,33,3642
211,35,3642
211,36,3642
211,37,3642
211,39,3642
211,40,3642
211,41,3642
211,43,3642
211,44,3642
211,45,3642
211,46,3642
211,47,3642
211,48,3642
211,49,3642
211,50,3642
211,51,3642
211,52,3642
211,53,3642
211,54,3642
211,55,3642
211,56,3642
211,57,3642
211,58,3642
211,59,3642
211,60,3642
211,61,3642
211,62,3642
211,63,3642
211,64,3642
211,65,3642
211,66,3642
211,67,3642
211,68,3642
211,69,3642
211,70,3642
211,71,3642
211,72,3642
211,73,3642
211,75,3642
211,76,3642
211,77,3642
211,78,3642
211,79,3642
211,80,3642
211,81,3642
211,82,3642
211,83,3642
211,84,3642
211,85,3642
211,86,3642
211,87,3642
211,88,3642
211,89,3642
211,90,3642
211,91,3642
211,92,3642
211,93,3642
211,94,3642
211,95,3642
211,96,3642
211,97,3642
211,98,3642
211,99,3642
211,100,3642
211,101,3642
211,102,3642
211,103,3642
211,104,3642
211,105,3642
211,106,3642
211,107,3642
211,108,3642
211,109,3642
211,110,3642
211,111,3642
211,112,3642
211,114,3642
211,115,3642
211,116,3642
211,117,3642
211,118,3642
211,119,3642
211,128,3642
211,129,3642
211,130,3642
211,131,3642
211,133,3642
211,134,3642
211,135,3642
211,136,3642
211,137,3642
211,138,3642
211,139,3642
211,141,3642
211,144,3642
211,145,3642
211,146,3642
211,147,3642
211,148,3642
211,149,3642
211,150,3642
220,1,3642
220,2,3642
220,3,3642
220,4,3642
220,5,3642
220,6,3642
220,7,3642
220,8,3642
220,9,3642
220,10,3642
220,11,3642
220,12,3642
220,13,3642
220,14,3642
220,15,3642
220,16,3642
220,17,3642
220,18,3642
220,19,3642
220,20,3642
220,21,3642
220,22,3642
220,23,3642
220,24,3642
220,25,3642
220,26,3642
220,27,3642
220,28,3642
220,29,3642
220,32,3642
220,33,3642
220,35,3642
220,36,3642
220,37,3642
220,39,3642
220,40,3642
220,41,3642
220,43,3642
220,44,3642
220,45,3642
220,46,3642
220,47,3642
220,48,3642
220,49,3642
220,50,3642
220,51,3642
220,52,3642
220,53,3642
220,54,3642
220,55,3642
220,56,3642
220,57,3642
220,58,3642
220,59,3642
220,60,3642
220,61,3642
220,62,3642
220,63,3642
220,64,3642
220,65,3642
220,66,3642
220,67,3642
220,68,3642
220,69,3642
220,70,3642
220,71,3642
220,72,3642
220,73,3642
220,75,3642
220,76,3642
220,77,3642
220,78,3642
220,79,3642
220,80,3642
220,81,3642
220,82,3642
220,83,3642
220,84,3642
220,85,3642
220,86,3642
220,87,3642
220,88,3642
220,89,3642
220,90,3642
220,91,3642
220,92,3642
220,93,3642
220,94,3642
220,95,3642
220,96,3642
220,97,3642
220,98,3642
220,99,3642
220,100,3642
220,101,3642
220,102,3642
220,103,3642
220,104,3642
220,105,3642
220,106,3642
220,107,3642
220,108,3642
220,109,3642
220,110,3642
220,111,3642
220,112,3642
220,114,3642
220,115,3642
220,116,3642
220,117,3642
220,118,3642
220,119,3642
220,128,3642
220,129,3642
220,130,3642
220,131,3642
220,133,3642
220,134,3642
220,135,3642
220,136,3642
220,137,3642
220,138,3642
220,139,3642
220,141,3642
220,144,3642
220,145,3642
220,146,3642
220,147,3642
220,148,3642
220,149,3642
220,150,3642
236,1,3642
236,2,3642
236,3,3642
236,4,3642
236,5,3642
236,6,3642
236,7,3642
236,8,3642
236,9,3642
236,10,3642
236,11,3642
236,12,3642
236,13,3642
236,14,3642
236,15,3642
236,16,3642
236,17,3642
236,18,3642
236,19,3642
236,20,3642
236,21,3642
236,22,3642
236,23,3642
236,24,3642
236,25,3642
236,26,3642
236,27,3642
236,28,3642
236,29,3642
236,32,3642
236,33,3642
236,35,3642
236,36,3642
236,37,3642
236,39,3642
236,40,3642
236,41,3642
236,43,3642
236,44,3642
236,45,3642
236,46,3642
236,47,3642
236,48,3642
236,49,3642
236,50,3642
236,51,3642
236,52,3642
236,53,3642
236,54,3642
236,55,3642
236,56,3642
236,57,3642
236,58,3642
236,59,3642
236,60,3642
236,61,3642
236,62,3642
236,63,3642
236,64,3642
236,65,3642
236,66,3642
236,67,3642
236,68,3642
236,69,3642
236,70,3642
236,71,3642
236,72,3642
236,73,3642
236,75,3642
236,76,3642
236,77,3642
236,78,3642
236,79,3642
236,80,3642
236,81,3642
236,82,3642
236,83,3642
236,84,3642
236,85,3642
236,86,3642
236,87,3642
236,88,3642
236,89,3642
236,90,3642
236,91,3642
236,92,3642
236,93,3642
236,94,3642
236,95,3642
236,96,3642
236,97,3642
236,98,3642
236,99,3642
236,100,3642
236,101,3642
236,102,3642
236,103,3642
236,104,3642
236,105,3642
236,106,3642
236,107,3642
236,108,3642
236,109,3642
236,110,3642
236,111,3642
236,112,3642
236,114,3642
236,115,3642
236,116,3642
236,117,3642
236,118,3642
236,119,3642
236,128,3642
236,129,3642
236,130,3642
236,131,3642
236,133,3642
236,134,3642
236,135,3642
236,136,3642
236,137,3642
236,138,3642
236,139,3642
236,141,3642
236,144,3642
236,145,3642
236,146,3642
236,147,3642
236,148,3642
236,149,3642
236,150,3642
237,1,3642
237,2,3642
237,3,3642
237,4,3642
237,5,3642
237,6,3642
237,7,3642
237,8,3642
237,9,3642
237,10,3642
237,11,3642
237,12,3642
237,13,3642
237,14,3642
237,15,3642
237,16,3642
237,17,3642
237,18,3642
237,19,3642
237,20,3642
237,21,3642
237,22,3642
237,23,3642
237,24,3642
237,25,3642
237,26,3642
237,27,3642
237,28,3642
237,29,3642
237,32,3642
237,33,3642
237,35,3642
237,36,3642
237,37,3642
237,39,3642
237,40,3642
237,41,3642
237,43,3642
237,44,3642
237,45,3642
237,46,3642
237,47,3642
237,48,3642
237,49,3642
237,50,3642
237,51,3642
237,52,3642
237,53,3642
237,54,3642
237,55,3642
237,56,3642
237,57,3642
237,58,3642
237,59,3642
237,60,3642
237,61,3642
237,62,3642
237,63,3642
237,64,3642
237,65,3642
237,66,3642
237,67,3642
237,68,3642
237,69,3642
237,70,3642
237,71,3642
237,72,3642
237,73,3642
237,75,3642
237,76,3642
237,77,3642
237,78,3642
237,79,3642
237,80,3642
237,81,3642
237,82,3642
237,83,3642
237,84,3642
237,85,3642
237,86,3642
237,87,3642
237,88,3642
237,89,3642
237,90,3642
237,91,3642
237,92,3642
237,93,3642
237,94,3642
237,95,3642
237,96,3642
237,97,3642
237,98,3642
237,99,3642
237,100,3642
237,101,3642
237,102,3642
237,103,3642
237,104,3642
237,105,3642
237,106,3642
237,107,3642
237,108,3642
237,109,3642
237,110,3642
237,111,3642
237,112,3642
237,114,3642
237,115,3642
237,116,3642
237,117,3642
237,118,3642
237,119,3642
237,128,3642
237,129,3642
237,130,3642
237,131,3642
237,133,3642
237,134,3642
237,135,3642
237,136,3642
237,137,3642
237,138,3642
237,139,3642
237,141,3642
237,144,3642
237,145,3642
237,146,3642
237,147,3642
237,148,3642
237,149,3642
237,150,3642
238,1,3642
238,2,3642
238,3,3642
238,4,3642
238,5,3642
238,6,3642
238,7,3642
238,8,3642
238,9,3642
238,10,3642
238,11,3642
238,12,3642
238,13,3642
238,14,3642
238,15,3642
238,16,3642
238,17,3642
238,18,3642
238,19,3642
238,20,3642
238,21,3642
238,22,3642
238,23,3642
238,24,3642
238,25,3642
238,26,3642
238,27,3642
238,28,3642
238,29,3642
238,32,3642
238,33,3642
238,35,3642
238,36,3642
238,37,3642
238,39,3642
238,40,3642
238,41,3642
238,43,3642
238,44,3642
238,45,3642
238,46,3642
238,47,3642
238,48,3642
238,49,3642
238,50,3642
238,51,3642
238,52,3642
238,53,3642
238,54,3642
238,55,3642
238,56,3642
238,57,3642
238,58,3642
238,59,3642
238,60,3642
238,61,3642
238,62,3642
238,63,3642
238,64,3642
238,65,3642
238,66,3642
238,67,3642
238,68,3642
238,69,3642
238,70,3642
238,71,3642
238,72,3642
238,73,3642
238,75,3642
238,76,3642
238,77,3642
238,78,3642
238,79,3642
238,80,3642
238,81,3642
238,82,3642
238,83,3642
238,84,3642
238,85,3642
238,86,3642
238,87,3642
238,88,3642
238,89,3642
238,90,3642
238,91,3642
238,92,3642
238,93,3642
238,94,3642
238,95,3642
238,96,3642
238,97,3642
238,98,3642
238,99,3642
238,100,3642
238,101,3642
238,102,3642
238,103,3642
238,104,3642
238,105,3642
238,106,3642
238,107,3642
238,108,3642
238,109,3642
238,110,3642
238,111,3642
238,112,3642
238,114,3642
238,115,3642
238,116,3642
238,117,3642
238,118,3642
238,119,3642
238,128,3642
238,129,3642
238,130,3642
238,131,3642
238,133,3642
238,134,3642
238,135,3642
238,136,3642
238,137,3642
238,138,3642
238,139,3642
238,141,3642
238,144,3642
238,145,3642
238,146,3642
238,147,3642
238,148,3642
238,149,3642
238,150,3642
252,1,3642
252,2,3642
252,3,3642
252,4,3642
252,5,3642
252,6,3642
252,7,3642
252,8,3642
252,9,3642
252,10,3642
252,11,3642
252,12,3642
252,13,3642
252,14,3642
252,15,3642
252,16,3642
252,17,3642
252,18,3642
252,19,3642
252,20,3642
252,21,3642
252,22,3642
252,23,3642
252,24,3642
252,25,3642
252,26,3642
252,27,3642
252,32,3642
252,33,3642
252,35,3642
252,36,3642
252,37,3642
252,39,3642
252,40,3642
252,41,3642
252,43,3642
252,44,3642
252,45,3642
252,46,3642
252,47,3642
252,48,3642
252,49,3642
252,50,3642
252,51,3642
252,52,3642
252,53,3642
252,54,3642
252,55,3642
252,56,3642
252,57,3642
252,58,3642
252,59,3642
252,60,3642
252,61,3642
252,62,3642
252,63,3642
252,64,3642
252,65,3642
252,66,3642
252,67,3642
252,68,3642
252,69,3642
252,70,3642
252,71,3642
252,72,3642
252,73,3642
252,75,3642
252,76,3642
252,77,3642
252,78,3642
252,79,3642
252,80,3642
252,81,3642
252,82,3642
252,83,3642
252,84,3642
252,85,3642
252,86,3642
252,87,3642
252,88,3642
252,89,3642
252,90,3642
252,91,3642
252,92,3642
252,93,3642
252,94,3642
252,95,3642
252,96,3642
252,97,3642
252,98,3642
252,102,3642
252,103,3642
252,104,3642
252,108,3642
252,109,3642
252,110,3642
252,111,3642
252,112,3642
252,114,3642
252,115,3642
252,116,3642
252,117,3642
252,118,3642
252,119,3642
252,130,3642
252,131,3642
252,133,3642
252,134,3642
252,135,3642
252,136,3642
252,137,3642
252,138,3642
252,139,3642
252,141,3642
252,144,3642
252,145,3642
252,146,3642
252,147,3642
252,148,3642
252,149,3642
252,150,3642
254,1,3642
254,2,3642
254,3,3642
254,4,3642
254,5,3642
254,6,3642
254,7,3642
254,8,3642
254,9,3642
254,10,3642
254,11,3642
254,12,3642
254,13,3642
254,14,3642
254,15,3642
254,16,3642
254,17,3642
254,18,3642
254,19,3642
254,20,3642
254,21,3642
254,22,3642
254,23,3642
254,24,3642
254,25,3642
254,26,3642
254,27,3642
254,32,3642
254,33,3642
254,35,3642
254,36,3642
254,37,3642
254,39,3642
254,40,3642
254,41,3642
254,43,3642
254,44,3642
254,45,3642
254,46,3642
254,47,3642
254,48,3642
254,49,3642
254,50,3642
254,51,3642
254,52,3642
254,53,3642
254,54,3642
254,55,3642
254,56,3642
254,57,3642
254,58,3642
254,59,3642
254,60,3642
254,61,3642
254,62,3642
254,63,3642
254,64,3642
254,65,3642
254,66,3642
254,67,3642
254,68,3642
254,69,3642
254,70,3642
254,71,3642
254,72,3642
254,73,3642
254,75,3642
254,76,3642
254,77,3642
254,78,3642
254,79,3642
254,80,3642
254,81,3642
254,82,3642
254,83,3642
254,84,3642
254,85,3642
254,86,3642
254,87,3642
254,88,3642
254,89,3642
254,90,3642
254,91,3642
254,92,3642
254,93,3642
254,94,3642
254,95,3642
254,96,3642
254,97,3642
254,98,3642
254,102,3642
254,103,3642
254,104,3642
254,108,3642
254,109,3642
254,110,3642
254,111,3642
254,112,3642
254,114,3642
254,115,3642
254,116,3642
254,117,3642
254,118,3642
254,119,3642
254,130,3642
254,131,3642
254,133,3642
254,134,3642
254,135,3642
254,136,3642
254,137,3642
254,138,3642
254,139,3642
254,141,3642
254,144,3642
254,145,3642
254,146,3642
254,147,3642
254,148,3642
254,149,3642
254,150,3642
255,1,3642
255,2,3642
255,3,3642
255,4,3642
255,5,3642
255,6,3642
255,7,3642
255,8,3642
255,9,3642
255,10,3642
255,11,3642
255,12,3642
255,13,3642
255,14,3642
255,15,3642
255,16,3642
255,17,3642
255,18,3642
255,19,3642
255,20,3642
255,21,3642
255,22,3642
255,23,3642
255,24,3642
255,25,3642
255,26,3642
255,27,3642
255,32,3642
255,33,3642
255,35,3642
255,36,3642
255,37,3642
255,39,3642
255,40,3642
255,41,3642
255,43,3642
255,44,3642
255,45,3642
255,46,3642
255,47,3642
255,48,3642
255,49,3642
255,50,3642
255,51,3642
255,52,3642
255,53,3642
255,54,3642
255,55,3642
255,56,3642
255,57,3642
255,58,3642
255,59,3642
255,60,3642
255,61,3642
255,62,3642
255,63,3642
255,64,3642
255,65,3642
255,66,3642
255,67,3642
255,68,3642
255,69,3642
255,70,3642
255,71,3642
255,72,3642
255,73,3642
255,75,3642
255,76,3642
255,77,3642
255,78,3642
255,79,3642
255,80,3642
255,81,3642
255,82,3642
255,83,3642
255,84,3642
255,85,3642
255,86,3642
255,87,3642
255,88,3642
255,89,3642
255,90,3642
255,91,3642
255,92,3642
255,93,3642
255,94,3642
255,95,3642
255,96,3642
255,97,3642
255,98,3642
255,102,3642
255,103,3642
255,104,3642
255,108,3642
255,109,3642
255,110,3642
255,111,3642
255,112,3642
255,114,3642
255,115,3642
255,116,3642
255,117,3642
255,118,3642
255,119,3642
255,130,3642
255,131,3642
255,133,3642
255,134,3642
255,135,3642
255,136,3642
255,137,3642
255,138,3642
255,139,3642
255,141,3642
255,144,3642
255,145,3642
255,146,3642
255,147,3642
255,148,3642
255,149,3642
255,150,3642
256,1,3642
256,2,3642
256,3,3642
256,4,3642
256,5,3642
256,6,3642
256,7,3642
256,8,3642
256,9,3642
256,10,3642
256,11,3642
256,12,3642
256,13,3642
256,14,3642
256,15,3642
256,16,3642
256,17,3642
256,18,3642
256,19,3642
256,20,3642
256,21,3642
256,22,3642
256,23,3642
256,24,3642
256,25,3642
256,26,3642
256,27,3642
256,32,3642
256,33,3642
256,35,3642
256,36,3642
256,37,3642
256,39,3642
256,40,3642
256,41,3642
256,43,3642
256,44,3642
256,45,3642
256,46,3642
256,47,3642
256,48,3642
256,49,3642
256,50,3642
256,51,3642
256,52,3642
256,53,3642
256,54,3642
256,55,3642
256,56,3642
256,57,3642
256,58,3642
256,59,3642
256,60,3642
256,61,3642
256,62,3642
256,63,3642
256,64,3642
256,65,3642
256,66,3642
256,67,3642
256,68,3642
256,69,3642
256,70,3642
256,71,3642
256,72,3642
256,73,3642
256,75,3642
256,76,3642
256,77,3642
256,78,3642
256,79,3642
256,80,3642
256,81,3642
256,82,3642
256,83,3642
256,84,3642
256,85,3642
256,86,3642
256,87,3642
256,88,3642
256,89,3642
256,90,3642
256,91,3642
256,92,3642
256,93,3642
256,94,3642
256,95,3642
256,96,3642
256,97,3642
256,98,3642
256,102,3642
256,103,3642
256,104,3642
256,108,3642
256,109,3642
256,110,3642
256,111,3642
256,112,3642
256,114,3642
256,115,3642
256,116,3642
256,117,3642
256,118,3642
256,119,3642
256,130,3642
256,131,3642
256,133,3642
256,134,3642
256,135,3642
256,136,3642
256,137,3642
256,138,3642
256,139,3642
256,141,3642
256,144,3642
256,145,3642
256,146,3642
256,147,3642
256,148,3642
256,149,3642
256,150,3642
258,1,3642
258,2,3642
258,3,3642
258,4,3642
258,5,3642
258,6,3642
258,7,3642
258,8,3642
258,9,3642
258,10,3642
258,11,3642
258,12,3642
258,13,3642
258,14,3642
258,15,3642
258,16,3642
258,17,3642
258,18,3642
258,19,3642
258,20,3642
258,21,3642
258,22,3642
258,23,3642
258,24,3642
258,25,3642
258,26,3642
258,27,3642
258,32,3642
258,33,3642
258,35,3642
258,36,3642
258,37,3642
258,39,3642
258,40,3642
258,41,3642
258,43,3642
258,44,3642
258,45,3642
258,46,3642
258,47,3642
258,48,3642
258,49,3642
258,50,3642
258,51,3642
258,52,3642
258,53,3642
258,54,3642
258,55,3642
258,56,3642
258,57,3642
258,58,3642
258,59,3642
258,60,3642
258,61,3642
258,62,3642
258,63,3642
258,64,3642
258,65,3642
258,66,3642
258,67,3642
258,68,3642
258,69,3642
258,70,3642
258,71,3642
258,72,3642
258,73,3642
258,75,3642
258,76,3642
258,77,3642
258,78,3642
258,79,3642
258,80,3642
258,81,3642
258,82,3642
258,83,3642
258,84,3642
258,85,3642
258,86,3642
258,87,3642
258,88,3642
258,89,3642
258,90,3642
258,91,3642
258,92,3642
258,93,3642
258,94,3642
258,95,3642
258,96,3642
258,97,3642
258,98,3642
258,102,3642
258,103,3642
258,104,3642
258,108,3642
258,109,3642
258,110,3642
258,111,3642
258,112,3642
258,114,3642
258,115,3642
258,116,3642
258,117,3642
258,118,3642
258,119,3642
258,130,3642
258,131,3642
258,133,3642
258,134,3642
258,135,3642
258,136,3642
258,137,3642
258,138,3642
258,139,3642
258,141,3642
258,144,3642
258,145,3642
258,146,3642
258,147,3642
258,148,3642
258,149,3642
258,150,3642
259,1,3642
259,2,3642
259,3,3642
259,4,3642
259,5,3642
259,6,3642
259,7,3642
259,8,3642
259,9,3642
259,10,3642
259,11,3642
259,12,3642
259,13,3642
259,14,3642
259,15,3642
259,16,3642
259,17,3642
259,18,3642
259,19,3642
259,20,3642
259,21,3642
259,22,3642
259,23,3642
259,24,3642
259,25,3642
259,26,3642
259,27,3642
259,32,3642
259,33,3642
259,35,3642
259,36,3642
259,37,3642
259,39,3642
259,40,3642
259,41,3642
259,43,3642
259,44,3642
259,45,3642
259,46,3642
259,47,3642
259,48,3642
259,49,3642
259,50,3642
259,51,3642
259,52,3642
259,53,3642
259,54,3642
259,55,3642
259,56,3642
259,57,3642
259,58,3642
259,59,3642
259,60,3642
259,61,3642
259,62,3642
259,63,3642
259,64,3642
259,65,3642
259,66,3642
259,67,3642
259,68,3642
259,69,3642
259,70,3642
259,71,3642
259,72,3642
259,73,3642
259,75,3642
259,76,3642
259,77,3642
259,78,3642
259,79,3642
259,80,3642
259,81,3642
259,82,3642
259,83,3642
259,84,3642
259,85,3642
259,86,3642
259,87,3642
259,88,3642
259,89,3642
259,90,3642
259,91,3642
259,92,3642
259,93,3642
259,94,3642
259,95,3642
259,96,3642
259,97,3642
259,98,3642
259,102,3642
259,103,3642
259,104,3642
259,108,3642
259,109,3642
259,110,3642
259,111,3642
259,112,3642
259,114,3642
259,115,3642
259,116,3642
259,117,3642
259,118,3642
259,119,3642
259,130,3642
259,131,3642
259,133,3642
259,134,3642
259,135,3642
259,136,3642
259,137,3642
259,138,3642
259,139,3642
259,141,3642
259,144,3642
259,145,3642
259,146,3642
259,147,3642
259,148,3642
259,149,3642
259,150,3642
260,1,3642
260,2,3642
260,3,3642
260,4,3642
260,5,3642
260,6,3642
260,7,3642
260,8,3642
260,9,3642
260,10,3642
260,11,3642
260,12,3642
260,13,3642
260,14,3642
260,15,3642
260,16,3642
260,17,3642
260,18,3642
260,19,3642
260,20,3642
260,21,3642
260,22,3642
260,23,3642
260,24,3642
260,25,3642
260,26,3642
260,27,3642
260,32,3642
260,33,3642
260,35,3642
260,36,3642
260,37,3642
260,39,3642
260,40,3642
260,41,3642
260,43,3642
260,44,3642
260,45,3642
260,46,3642
260,47,3642
260,48,3642
260,49,3642
260,50,3642
260,51,3642
260,52,3642
260,53,3642
260,54,3642
260,55,3642
260,56,3642
260,57,3642
260,58,3642
260,59,3642
260,60,3642
260,61,3642
260,62,3642
260,63,3642
260,64,3642
260,65,3642
260,66,3642
260,67,3642
260,68,3642
260,69,3642
260,70,3642
260,71,3642
260,72,3642
260,73,3642
260,75,3642
260,76,3642
260,77,3642
260,78,3642
260,79,3642
260,80,3642
260,81,3642
260,82,3642
260,83,3642
260,84,3642
260,85,3642
260,86,3642
260,87,3642
260,88,3642
260,89,3642
260,90,3642
260,91,3642
260,92,3642
260,93,3642
260,94,3642
260,95,3642
260,96,3642
260,97,3642
260,98,3642
260,102,3642
260,103,3642
260,104,3642
260,108,3642
260,109,3642
260,110,3642
260,111,3642
260,112,3642
260,114,3642
260,115,3642
260,116,3642
260,117,3642
260,118,3642
260,119,3642
260,130,3642
260,131,3642
260,133,3642
260,134,3642
260,135,3642
260,136,3642
260,137,3642
260,138,3642
260,139,3642
260,141,3642
260,144,3642
260,145,3642
260,146,3642
260,147,3642
260,148,3642
260,149,3642
260,150,3642
399,1,3642
399,2,3642
399,3,3642
399,4,3642
399,5,3642
399,6,3642
399,7,3642
399,8,3642
399,9,3642
399,10,3642
399,11,3642
399,12,3642
399,13,3642
399,14,3642
399,15,3642
399,16,3642
399,17,3642
399,18,3642
399,19,3642
399,20,3642
399,21,3642
399,22,3642
399,23,3642
399,24,3642
399,25,3642
399,26,3642
399,27,3642
399,32,3642
399,33,3642
399,35,3642
399,36,3642
399,37,3642
399,39,3642
399,40,3642
399,41,3642
399,43,3642
399,44,3642
399,45,3642
399,46,3642
399,47,3642
399,48,3642
399,49,3642
399,50,3642
399,51,3642
399,52,3642
399,53,3642
399,54,3642
399,55,3642
399,56,3642
399,57,3642
399,58,3642
399,59,3642
399,60,3642
399,61,3642
399,62,3642
399,63,3642
399,64,3642
399,65,3642
399,66,3642
399,67,3642
399,68,3642
399,69,3642
399,70,3642
399,71,3642
399,72,3642
399,73,3642
399,75,3642
399,76,3642
399,77,3642
399,78,3642
399,79,3642
399,80,3642
399,81,3642
399,82,3642
399,83,3642
399,84,3642
399,85,3642
399,86,3642
399,87,3642
399,88,3642
399,89,3642
399,90,3642
399,91,3642
399,92,3642
399,93,3642
399,94,3642
399,95,3642
399,96,3642
399,97,3642
399,98,3642
399,102,3642
399,103,3642
399,104,3642
399,108,3642
399,109,3642
399,110,3642
399,111,3642
399,112,3642
399,114,3642
399,115,3642
399,116,3642
399,117,3642
399,118,3642
399,119,3642
399,130,3642
399,131,3642
399,133,3642
399,134,3642
399,135,3642
399,136,3642
399,137,3642
399,138,3642
399,139,3642
399,141,3642
399,144,3642
399,145,3642
399,146,3642
399,147,3642
399,148,3642
399,149,3642
399,150,3642
1,158,3643
1,193,3643
1,194,3643
1,195,3643
1,196,3643
1,208,3643
1,249,3643
1,253,3643
1,257,3643
2,158,3643
2,193,3643
2,194,3643
2,195,3643
2,196,3643
2,208,3643
2,249,3643
2,253,3643
2,257,3643
3,158,3643
3,193,3643
3,194,3643
3,195,3643
3,196,3643
3,208,3643
3,249,3643
3,253,3643
3,257,3643
4,158,3643
4,193,3643
4,194,3643
4,195,3643
4,196,3643
4,208,3643
4,249,3643
4,253,3643
4,257,3643
5,158,3643
5,193,3643
5,194,3643
5,195,3643
5,196,3643
5,208,3643
5,249,3643
5,253,3643
5,257,3643
6,158,3643
6,193,3643
6,194,3643
6,195,3643
6,196,3643
6,208,3643
6,249,3643
6,253,3643
6,257,3643
7,158,3643
7,193,3643
7,194,3643
7,195,3643
7,196,3643
7,208,3643
7,249,3643
7,253,3643
7,257,3643
8,158,3643
8,193,3643
8,194,3643
8,195,3643
8,196,3643
8,208,3643
8,249,3643
8,253,3643
8,257,3643
9,158,3643
9,193,3643
9,194,3643
9,195,3643
9,196,3643
9,208,3643
9,249,3643
9,253,3643
9,257,3643
10,158,3643
10,193,3643
10,194,3643
10,195,3643
10,196,3643
10,208,3643
10,249,3643
10,253,3643
10,257,3643
11,158,3643
11,193,3643
11,194,3643
11,195,3643
11,196,3643
11,208,3643
11,249,3643
11,253,3643
11,257,3643
12,158,3643
12,193,3643
12,194,3643
12,195,3643
12,196,3643
12,208,3643
12,249,3643
12,253,3643
12,257,3643
13,158,3643
13,193,3643
13,194,3643
13,195,3643
13,196,3643
13,208,3643
13,249,3643
13,253,3643
13,257,3643
14,158,3643
14,193,3643
14,194,3643
14,195,3643
14,196,3643
14,208,3643
14,249,3643
14,253,3643
14,257,3643
15,158,3643
15,193,3643
15,194,3643
15,195,3643
15,196,3643
15,208,3643
15,249,3643
15,253,3643
15,257,3643
16,158,3643
16,193,3643
16,194,3643
16,195,3643
16,196,3643
16,208,3643
16,249,3643
16,253,3643
16,257,3643
17,158,3643
17,193,3643
17,194,3643
17,195,3643
17,196,3643
17,208,3643
17,249,3643
17,253,3643
17,257,3643
18,158,3643
18,193,3643
18,194,3643
18,195,3643
18,196,3643
18,208,3643
18,249,3643
18,253,3643
18,257,3643
19,158,3643
19,193,3643
19,194,3643
19,195,3643
19,196,3643
19,208,3643
19,249,3643
19,253,3643
19,257,3643
20,158,3643
20,193,3643
20,194,3643
20,195,3643
20,196,3643
20,208,3643
20,249,3643
20,253,3643
20,257,3643
21,158,3643
21,193,3643
21,194,3643
21,195,3643
21,196,3643
21,208,3643
21,249,3643
21,253,3643
21,257,3643
22,158,3643
22,193,3643
22,194,3643
22,195,3643
22,196,3643
22,208,3643
22,249,3643
22,253,3643
22,257,3643
23,158,3643
23,193,3643
23,194,3643
23,195,3643
23,196,3643
23,208,3643
23,249,3643
23,253,3643
23,257,3643
24,158,3643
24,193,3643
24,194,3643
24,195,3643
24,196,3643
24,208,3643
24,249,3643
24,253,3643
24,257,3643
25,158,3643
25,193,3643
25,194,3643
25,195,3643
25,196,3643
25,208,3643
25,249,3643
25,253,3643
25,257,3643
26,158,3643
26,193,3643
26,194,3643
26,195,3643
26,196,3643
26,208,3643
26,249,3643
26,253,3643
26,257,3643
27,158,3643
27,193,3643
27,194,3643
27,195,3643
27,196,3643
27,208,3643
27,249,3643
27,253,3643
27,257,3643
28,158,3643
28,193,3643
28,194,3643
28,195,3643
28,196,3643
28,208,3643
28,249,3643
28,252,3643
28,253,3643
28,254,3643
28,255,3643
28,256,3643
28,257,3643
28,258,3643
28,259,3643
28,260,3643
28,399,3643
29,158,3643
29,193,3643
29,194,3643
29,195,3643
29,196,3643
29,208,3643
29,249,3643
29,252,3643
29,253,3643
29,254,3643
29,255,3643
29,256,3643
29,257,3643
29,258,3643
29,259,3643
29,260,3643
29,399,3643
30,158,3643
30,193,3643
30,194,3643
30,195,3643
30,196,3643
30,208,3643
30,249,3643
30,253,3643
30,257,3643
31,158,3643
31,193,3643
31,194,3643
31,195,3643
31,196,3643
31,208,3643
31,249,3643
31,253,3643
31,257,3643
32,158,3643
32,193,3643
32,194,3643
32,195,3643
32,196,3643
32,208,3643
32,249,3643
32,253,3643
32,257,3643
33,158,3643
33,193,3643
33,194,3643
33,195,3643
33,196,3643
33,208,3643
33,249,3643
33,253,3643
33,257,3643
34,158,3643
34,193,3643
34,194,3643
34,195,3643
34,196,3643
34,208,3643
34,249,3643
34,253,3643
34,257,3643
35,158,3643
35,193,3643
35,194,3643
35,195,3643
35,196,3643
35,208,3643
35,249,3643
35,253,3643
35,257,3643
36,158,3643
36,193,3643
36,194,3643
36,195,3643
36,196,3643
36,208,3643
36,249,3643
36,253,3643
36,257,3643
37,158,3643
37,193,3643
37,194,3643
37,195,3643
37,196,3643
37,208,3643
37,249,3643
37,253,3643
37,257,3643
38,158,3643
38,193,3643
38,194,3643
38,195,3643
38,196,3643
38,208,3643
38,249,3643
38,253,3643
38,257,3643
39,158,3643
39,193,3643
39,194,3643
39,195,3643
39,196,3643
39,208,3643
39,249,3643
39,253,3643
39,257,3643
40,158,3643
40,193,3643
40,194,3643
40,195,3643
40,196,3643
40,208,3643
40,249,3643
40,253,3643
40,257,3643
41,158,3643
41,193,3643
41,194,3643
41,195,3643
41,196,3643
41,208,3643
41,249,3643
41,253,3643
41,257,3643
42,158,3643
42,193,3643
42,194,3643
42,195,3643
42,196,3643
42,208,3643
42,249,3643
42,253,3643
42,257,3643
43,158,3643
43,193,3643
43,194,3643
43,195,3643
43,196,3643
43,208,3643
43,249,3643
43,253,3643
43,257,3643
44,158,3643
44,193,3643
44,194,3643
44,195,3643
44,196,3643
44,208,3643
44,249,3643
44,253,3643
44,257,3643
45,158,3643
45,193,3643
45,194,3643
45,195,3643
45,196,3643
45,208,3643
45,249,3643
45,253,3643
45,257,3643
46,158,3643
46,193,3643
46,194,3643
46,195,3643
46,196,3643
46,208,3643
46,249,3643
46,253,3643
46,257,3643
47,158,3643
47,193,3643
47,194,3643
47,195,3643
47,196,3643
47,208,3643
47,249,3643
47,253,3643
47,257,3643
48,158,3643
48,193,3643
48,194,3643
48,195,3643
48,196,3643
48,208,3643
48,249,3643
48,253,3643
48,257,3643
49,158,3643
49,193,3643
49,194,3643
49,195,3643
49,196,3643
49,208,3643
49,249,3643
49,253,3643
49,257,3643
50,158,3643
50,193,3643
50,194,3643
50,195,3643
50,196,3643
50,208,3643
50,249,3643
50,253,3643
50,257,3643
51,158,3643
51,193,3643
51,194,3643
51,195,3643
51,196,3643
51,208,3643
51,249,3643
51,253,3643
51,257,3643
52,158,3643
52,193,3643
52,194,3643
52,195,3643
52,196,3643
52,208,3643
52,249,3643
52,253,3643
52,257,3643
53,158,3643
53,193,3643
53,194,3643
53,195,3643
53,196,3643
53,208,3643
53,249,3643
53,253,3643
53,257,3643
54,158,3643
54,193,3643
54,194,3643
54,195,3643
54,196,3643
54,208,3643
54,249,3643
54,253,3643
54,257,3643
55,158,3643
55,193,3643
55,194,3643
55,195,3643
55,196,3643
55,208,3643
55,249,3643
55,253,3643
55,257,3643
56,158,3643
56,193,3643
56,194,3643
56,195,3643
56,196,3643
56,208,3643
56,249,3643
56,253,3643
56,257,3643
57,158,3643
57,193,3643
57,194,3643
57,195,3643
57,196,3643
57,208,3643
57,249,3643
57,253,3643
57,257,3643
58,158,3643
58,193,3643
58,194,3643
58,195,3643
58,196,3643
58,208,3643
58,249,3643
58,253,3643
58,257,3643
59,158,3643
59,193,3643
59,194,3643
59,195,3643
59,196,3643
59,208,3643
59,249,3643
59,253,3643
59,257,3643
60,158,3643
60,193,3643
60,194,3643
60,195,3643
60,196,3643
60,208,3643
60,249,3643
60,253,3643
60,257,3643
61,158,3643
61,193,3643
61,194,3643
61,195,3643
61,196,3643
61,208,3643
61,249,3643
61,253,3643
61,257,3643
62,158,3643
62,193,3643
62,194,3643
62,195,3643
62,196,3643
62,208,3643
62,249,3643
62,253,3643
62,257,3643
63,158,3643
63,193,3643
63,194,3643
63,195,3643
63,196,3643
63,208,3643
63,249,3643
63,253,3643
63,257,3643
64,158,3643
64,193,3643
64,194,3643
64,195,3643
64,196,3643
64,208,3643
64,249,3643
64,253,3643
64,257,3643
65,158,3643
65,193,3643
65,194,3643
65,195,3643
65,196,3643
65,208,3643
65,249,3643
65,253,3643
65,257,3643
66,158,3643
66,193,3643
66,194,3643
66,195,3643
66,196,3643
66,208,3643
66,249,3643
66,253,3643
66,257,3643
67,158,3643
67,193,3643
67,194,3643
67,195,3643
67,196,3643
67,208,3643
67,249,3643
67,253,3643
67,257,3643
68,158,3643
68,193,3643
68,194,3643
68,195,3643
68,196,3643
68,208,3643
68,249,3643
68,253,3643
68,257,3643
69,158,3643
69,193,3643
69,194,3643
69,195,3643
69,196,3643
69,208,3643
69,249,3643
69,253,3643
69,257,3643
70,158,3643
70,193,3643
70,194,3643
70,195,3643
70,196,3643
70,208,3643
70,249,3643
70,253,3643
70,257,3643
71,158,3643
71,193,3643
71,194,3643
71,195,3643
71,196,3643
71,208,3643
71,249,3643
71,253,3643
71,257,3643
72,158,3643
72,193,3643
72,194,3643
72,195,3643
72,196,3643
72,208,3643
72,249,3643
72,253,3643
72,257,3643
73,158,3643
73,193,3643
73,194,3643
73,195,3643
73,196,3643
73,208,3643
73,249,3643
73,253,3643
73,257,3643
74,158,3643
74,193,3643
74,194,3643
74,195,3643
74,196,3643
74,208,3643
74,249,3643
74,253,3643
74,257,3643
75,158,3643
75,193,3643
75,194,3643
75,195,3643
75,196,3643
75,208,3643
75,249,3643
75,253,3643
75,257,3643
76,158,3643
76,193,3643
76,194,3643
76,195,3643
76,196,3643
76,208,3643
76,249,3643
76,253,3643
76,257,3643
77,158,3643
77,193,3643
77,194,3643
77,195,3643
77,196,3643
77,208,3643
77,249,3643
77,253,3643
77,257,3643
78,158,3643
78,193,3643
78,194,3643
78,195,3643
78,196,3643
78,208,3643
78,249,3643
78,253,3643
78,257,3643
79,158,3643
79,193,3643
79,194,3643
79,195,3643
79,196,3643
79,208,3643
79,249,3643
79,253,3643
79,257,3643
80,158,3643
80,193,3643
80,194,3643
80,195,3643
80,196,3643
80,208,3643
80,249,3643
80,253,3643
80,257,3643
81,158,3643
81,193,3643
81,194,3643
81,195,3643
81,196,3643
81,208,3643
81,249,3643
81,253,3643
81,257,3643
82,158,3643
82,193,3643
82,194,3643
82,195,3643
82,196,3643
82,208,3643
82,249,3643
82,253,3643
82,257,3643
83,158,3643
83,193,3643
83,194,3643
83,195,3643
83,196,3643
83,208,3643
83,249,3643
83,253,3643
83,257,3643
84,158,3643
84,193,3643
84,194,3643
84,195,3643
84,196,3643
84,208,3643
84,249,3643
84,253,3643
84,257,3643
85,158,3643
85,193,3643
85,194,3643
85,195,3643
85,196,3643
85,208,3643
85,249,3643
85,253,3643
85,257,3643
86,158,3643
86,193,3643
86,194,3643
86,195,3643
86,196,3643
86,208,3643
86,249,3643
86,253,3643
86,257,3643
87,158,3643
87,193,3643
87,194,3643
87,195,3643
87,196,3643
87,208,3643
87,249,3643
87,253,3643
87,257,3643
88,158,3643
88,193,3643
88,194,3643
88,195,3643
88,196,3643
88,208,3643
88,249,3643
88,253,3643
88,257,3643
89,158,3643
89,193,3643
89,194,3643
89,195,3643
89,196,3643
89,208,3643
89,249,3643
89,253,3643
89,257,3643
90,158,3643
90,193,3643
90,194,3643
90,195,3643
90,196,3643
90,208,3643
90,249,3643
90,253,3643
90,257,3643
91,158,3643
91,193,3643
91,194,3643
91,195,3643
91,196,3643
91,208,3643
91,249,3643
91,253,3643
91,257,3643
92,158,3643
92,193,3643
92,194,3643
92,195,3643
92,196,3643
92,208,3643
92,249,3643
92,253,3643
92,257,3643
93,158,3643
93,193,3643
93,194,3643
93,195,3643
93,196,3643
93,208,3643
93,249,3643
93,253,3643
93,257,3643
94,158,3643
94,193,3643
94,194,3643
94,195,3643
94,196,3643
94,208,3643
94,249,3643
94,253,3643
94,257,3643
95,158,3643
95,193,3643
95,194,3643
95,195,3643
95,196,3643
95,208,3643
95,249,3643
95,253,3643
95,257,3643
96,158,3643
96,193,3643
96,194,3643
96,195,3643
96,196,3643
96,208,3643
96,249,3643
96,253,3643
96,257,3643
97,158,3643
97,193,3643
97,194,3643
97,195,3643
97,196,3643
97,208,3643
97,249,3643
97,253,3643
97,257,3643
98,158,3643
98,193,3643
98,194,3643
98,195,3643
98,196,3643
98,208,3643
98,249,3643
98,253,3643
98,257,3643
99,158,3643
99,193,3643
99,194,3643
99,195,3643
99,196,3643
99,208,3643
99,249,3643
99,252,3643
99,253,3643
99,254,3643
99,255,3643
99,256,3643
99,257,3643
99,258,3643
99,259,3643
99,260,3643
99,399,3643
100,158,3643
100,193,3643
100,194,3643
100,195,3643
100,196,3643
100,208,3643
100,249,3643
100,252,3643
100,253,3643
100,254,3643
100,255,3643
100,256,3643
100,257,3643
100,258,3643
100,259,3643
100,260,3643
100,399,3643
101,158,3643
101,193,3643
101,194,3643
101,195,3643
101,196,3643
101,208,3643
101,249,3643
101,252,3643
101,253,3643
101,254,3643
101,255,3643
101,256,3643
101,257,3643
101,258,3643
101,259,3643
101,260,3643
101,399,3643
102,151,3643
102,152,3643
102,153,3643
102,158,3643
102,171,3643
102,172,3643
102,173,3643
102,174,3643
102,175,3643
102,176,3643
102,177,3643
102,178,3643
102,193,3643
102,194,3643
102,195,3643
102,196,3643
102,208,3643
102,249,3643
102,250,3643
102,253,3643
102,257,3643
103,158,3643
103,193,3643
103,194,3643
103,195,3643
103,196,3643
103,208,3643
103,249,3643
103,253,3643
103,257,3643
104,158,3643
104,193,3643
104,194,3643
104,195,3643
104,196,3643
104,208,3643
104,249,3643
104,253,3643
104,257,3643
105,158,3643
105,193,3643
105,194,3643
105,195,3643
105,196,3643
105,208,3643
105,249,3643
105,252,3643
105,253,3643
105,254,3643
105,255,3643
105,256,3643
105,257,3643
105,258,3643
105,259,3643
105,260,3643
105,399,3643
106,158,3643
106,193,3643
106,194,3643
106,195,3643
106,196,3643
106,208,3643
106,249,3643
106,252,3643
106,253,3643
106,254,3643
106,255,3643
106,256,3643
106,257,3643
106,258,3643
106,259,3643
106,260,3643
106,399,3643
107,158,3643
107,193,3643
107,194,3643
107,195,3643
107,196,3643
107,208,3643
107,249,3643
107,252,3643
107,253,3643
107,254,3643
107,255,3643
107,256,3643
107,257,3643
107,258,3643
107,259,3643
107,260,3643
107,399,3643
108,151,3643
108,152,3643
108,153,3643
108,158,3643
108,171,3643
108,172,3643
108,173,3643
108,174,3643
108,175,3643
108,176,3643
108,177,3643
108,178,3643
108,193,3643
108,194,3643
108,195,3643
108,196,3643
108,208,3643
108,249,3643
108,250,3643
108,253,3643
108,257,3643
109,151,3643
109,152,3643
109,153,3643
109,158,3643
109,171,3643
109,172,3643
109,173,3643
109,174,3643
109,175,3643
109,176,3643
109,177,3643
109,178,3643
109,193,3643
109,194,3643
109,195,3643
109,196,3643
109,208,3643
109,249,3643
109,250,3643
109,253,3643
109,257,3643
110,158,3643
110,193,3643
110,194,3643
110,195,3643
110,196,3643
110,208,3643
110,249,3643
110,253,3643
110,257,3643
111,158,3643
111,193,3643
111,194,3643
111,195,3643
111,196,3643
111,208,3643
111,249,3643
111,253,3643
111,257,3643
112,158,3643
112,193,3643
112,194,3643
112,195,3643
112,196,3643
112,208,3643
112,249,3643
112,253,3643
112,257,3643
113,158,3643
113,193,3643
113,194,3643
113,195,3643
113,196,3643
113,208,3643
113,249,3643
113,253,3643
113,257,3643
114,158,3643
114,193,3643
114,194,3643
114,195,3643
114,196,3643
114,208,3643
114,249,3643
114,253,3643
114,257,3643
115,158,3643
115,193,3643
115,194,3643
115,195,3643
115,196,3643
115,208,3643
115,249,3643
115,253,3643
115,257,3643
116,158,3643
116,193,3643
116,194,3643
116,195,3643
116,196,3643
116,208,3643
116,249,3643
116,253,3643
116,257,3643
117,158,3643
117,193,3643
117,194,3643
117,195,3643
117,196,3643
117,208,3643
117,249,3643
117,253,3643
117,257,3643
118,158,3643
118,193,3643
118,194,3643
118,195,3643
118,196,3643
118,208,3643
118,249,3643
118,253,3643
118,257,3643
119,151,3643
119,152,3643
119,153,3643
119,158,3643
119,171,3643
119,172,3643
119,173,3643
119,174,3643
119,175,3643
119,176,3643
119,177,3643
119,178,3643
119,193,3643
119,194,3643
119,195,3643
119,196,3643
119,208,3643
119,249,3643
119,250,3643
119,253,3643
119,257,3643
122,151,3643
122,152,3643
122,153,3643
122,155,3643
122,156,3643
122,157,3643
122,158,3643
122,171,3643
122,172,3643
122,173,3643
122,174,3643
122,175,3643
122,176,3643
122,177,3643
122,178,3643
122,183,3643
122,189,3643
122,190,3643
122,193,3643
122,194,3643
122,195,3643
122,196,3643
122,208,3643
122,209,3643
122,210,3643
122,211,3643
122,220,3643
122,236,3643
122,237,3643
122,238,3643
122,249,3643
122,250,3643
122,252,3643
122,253,3643
122,254,3643
122,255,3643
122,256,3643
122,257,3643
122,258,3643
122,259,3643
122,260,3643
122,399,3643
127,155,3643
127,156,3643
127,157,3643
127,158,3643
127,183,3643
127,193,3643
127,194,3643
127,195,3643
127,196,3643
127,208,3643
127,210,3643
127,211,3643
127,220,3643
127,236,3643
127,237,3643
127,238,3643
127,249,3643
127,252,3643
127,253,3643
127,254,3643
127,255,3643
127,256,3643
127,257,3643
127,258,3643
127,259,3643
127,260,3643
127,399,3643
128,158,3643
128,193,3643
128,194,3643
128,195,3643
128,196,3643
128,208,3643
128,249,3643
128,252,3643
128,253,3643
128,254,3643
128,255,3643
128,256,3643
128,257,3643
128,258,3643
128,259,3643
128,260,3643
128,399,3643
129,158,3643
129,193,3643
129,194,3643
129,195,3643
129,196,3643
129,208,3643
129,249,3643
129,252,3643
129,253,3643
129,254,3643
129,255,3643
129,256,3643
129,257,3643
129,258,3643
129,259,3643
129,260,3643
129,399,3643
130,158,3643
130,193,3643
130,194,3643
130,195,3643
130,196,3643
130,208,3643
130,249,3643
130,253,3643
130,257,3643
131,158,3643
131,193,3643
131,194,3643
131,195,3643
131,196,3643
131,208,3643
131,249,3643
131,253,3643
131,257,3643
132,158,3643
132,193,3643
132,194,3643
132,195,3643
132,196,3643
132,208,3643
132,249,3643
132,253,3643
132,257,3643
133,158,3643
133,193,3643
133,194,3643
133,195,3643
133,196,3643
133,208,3643
133,249,3643
133,253,3643
133,257,3643
134,158,3643
134,193,3643
134,194,3643
134,195,3643
134,196,3643
134,208,3643
134,249,3643
134,253,3643
134,257,3643
135,158,3643
135,193,3643
135,194,3643
135,195,3643
135,196,3643
135,208,3643
135,249,3643
135,253,3643
135,257,3643
136,158,3643
136,193,3643
136,194,3643
136,195,3643
136,196,3643
136,208,3643
136,249,3643
136,253,3643
136,257,3643
137,158,3643
137,193,3643
137,194,3643
137,195,3643
137,196,3643
137,208,3643
137,249,3643
137,253,3643
137,257,3643
138,158,3643
138,193,3643
138,194,3643
138,195,3643
138,196,3643
138,208,3643
138,249,3643
138,253,3643
138,257,3643
139,158,3643
139,193,3643
139,194,3643
139,195,3643
139,196,3643
139,208,3643
139,249,3643
139,253,3643
139,257,3643
141,158,3643
141,193,3643
141,194,3643
141,195,3643
141,196,3643
141,208,3643
141,249,3643
141,253,3643
141,257,3643
144,158,3643
144,193,3643
144,194,3643
144,195,3643
144,196,3643
144,208,3643
144,249,3643
144,253,3643
144,257,3643
145,158,3643
145,193,3643
145,194,3643
145,195,3643
145,196,3643
145,208,3643
145,249,3643
145,253,3643
145,257,3643
146,158,3643
146,193,3643
146,194,3643
146,195,3643
146,196,3643
146,208,3643
146,249,3643
146,253,3643
146,257,3643
147,158,3643
147,193,3643
147,194,3643
147,195,3643
147,196,3643
147,208,3643
147,249,3643
147,253,3643
147,257,3643
148,158,3643
148,193,3643
148,194,3643
148,195,3643
148,196,3643
148,208,3643
148,249,3643
148,253,3643
148,257,3643
149,151,3643
149,152,3643
149,153,3643
149,158,3643
149,171,3643
149,172,3643
149,173,3643
149,174,3643
149,175,3643
149,176,3643
149,177,3643
149,178,3643
149,193,3643
149,194,3643
149,195,3643
149,196,3643
149,208,3643
149,249,3643
149,250,3643
149,253,3643
149,257,3643
150,158,3643
150,193,3643
150,194,3643
150,195,3643
150,196,3643
150,208,3643
150,249,3643
150,253,3643
150,257,3643
151,102,3643
151,108,3643
151,109,3643
151,119,3643
151,122,3643
151,149,3643
152,102,3643
152,108,3643
152,109,3643
152,119,3643
152,122,3643
152,149,3643
153,102,3643
153,108,3643
153,109,3643
153,119,3643
153,122,3643
153,149,3643
155,122,3643
155,127,3643
156,122,3643
156,127,3643
157,122,3643
157,127,3643
158,1,3643
158,2,3643
158,3,3643
158,4,3643
158,5,3643
158,6,3643
158,7,3643
158,8,3643
158,9,3643
158,10,3643
158,11,3643
158,12,3643
158,13,3643
158,14,3643
158,15,3643
158,16,3643
158,17,3643
158,18,3643
158,19,3643
158,20,3643
158,21,3643
158,22,3643
158,23,3643
158,24,3643
158,25,3643
158,26,3643
158,27,3643
158,28,3643
158,29,3643
158,30,3643
158,31,3643
158,32,3643
158,33,3643
158,34,3643
158,35,3643
158,36,3643
158,37,3643
158,38,3643
158,39,3643
158,40,3643
158,41,3643
158,42,3643
158,43,3643
158,44,3643
158,45,3643
158,46,3643
158,47,3643
158,48,3643
158,49,3643
158,50,3643
158,51,3643
158,52,3643
158,53,3643
158,54,3643
158,55,3643
158,56,3643
158,57,3643
158,58,3643
158,59,3643
158,60,3643
158,61,3643
158,62,3643
158,63,3643
158,64,3643
158,65,3643
158,66,3643
158,67,3643
158,68,3643
158,69,3643
158,70,3643
158,71,3643
158,72,3643
158,73,3643
158,74,3643
158,75,3643
158,76,3643
158,77,3643
158,78,3643
158,79,3643
158,80,3643
158,81,3643
158,82,3643
158,83,3643
158,84,3643
158,85,3643
158,86,3643
158,87,3643
158,88,3643
158,89,3643
158,90,3643
158,91,3643
158,92,3643
158,93,3643
158,94,3643
158,95,3643
158,96,3643
158,97,3643
158,98,3643
158,99,3643
158,100,3643
158,101,3643
158,102,3643
158,103,3643
158,104,3643
158,105,3643
158,106,3643
158,107,3643
158,108,3643
158,109,3643
158,110,3643
158,111,3643
158,112,3643
158,113,3643
158,114,3643
158,115,3643
158,116,3643
158,117,3643
158,118,3643
158,119,3643
158,122,3643
158,127,3643
158,128,3643
158,129,3643
158,130,3643
158,131,3643
158,132,3643
158,133,3643
158,134,3643
158,135,3643
158,136,3643
158,137,3643
158,138,3643
158,139,3643
158,141,3643
158,144,3643
158,145,3643
158,146,3643
158,147,3643
158,148,3643
158,149,3643
158,150,3643
171,102,3643
171,108,3643
171,109,3643
171,119,3643
171,122,3643
171,149,3643
172,102,3643
172,108,3643
172,109,3643
172,119,3643
172,122,3643
172,149,3643
173,102,3643
173,108,3643
173,109,3643
173,119,3643
173,122,3643
173,149,3643
174,102,3643
174,108,3643
174,109,3643
174,119,3643
174,122,3643
174,149,3643
175,102,3643
175,108,3643
175,109,3643
175,119,3643
175,122,3643
175,149,3643
176,102,3643
176,108,3643
176,109,3643
176,119,3643
176,122,3643
176,149,3643
177,102,3643
177,108,3643
177,109,3643
177,119,3643
177,122,3643
177,149,3643
178,102,3643
178,108,3643
178,109,3643
178,119,3643
178,122,3643
178,149,3643
183,122,3643
183,127,3643
189,122,3643
190,122,3643
193,1,3643
193,2,3643
193,3,3643
193,4,3643
193,5,3643
193,6,3643
193,7,3643
193,8,3643
193,9,3643
193,10,3643
193,11,3643
193,12,3643
193,13,3643
193,14,3643
193,15,3643
193,16,3643
193,17,3643
193,18,3643
193,19,3643
193,20,3643
193,21,3643
193,22,3643
193,23,3643
193,24,3643
193,25,3643
193,26,3643
193,27,3643
193,28,3643
193,29,3643
193,30,3643
193,31,3643
193,32,3643
193,33,3643
193,34,3643
193,35,3643
193,36,3643
193,37,3643
193,38,3643
193,39,3643
193,40,3643
193,41,3643
193,42,3643
193,43,3643
193,44,3643
193,45,3643
193,46,3643
193,47,3643
193,48,3643
193,49,3643
193,50,3643
193,51,3643
193,52,3643
193,53,3643
193,54,3643
193,55,3643
193,56,3643
193,57,3643
193,58,3643
193,59,3643
193,60,3643
193,61,3643
193,62,3643
193,63,3643
193,64,3643
193,65,3643
193,66,3643
193,67,3643
193,68,3643
193,69,3643
193,70,3643
193,71,3643
193,72,3643
193,73,3643
193,74,3643
193,75,3643
193,76,3643
193,77,3643
193,78,3643
193,79,3643
193,80,3643
193,81,3643
193,82,3643
193,83,3643
193,84,3643
193,85,3643
193,86,3643
193,87,3643
193,88,3643
193,89,3643
193,90,3643
193,91,3643
193,92,3643
193,93,3643
193,94,3643
193,95,3643
193,96,3643
193,97,3643
193,98,3643
193,99,3643
193,100,3643
193,101,3643
193,102,3643
193,103,3643
193,104,3643
193,105,3643
193,106,3643
193,107,3643
193,108,3643
193,109,3643
193,110,3643
193,111,3643
193,112,3643
193,113,3643
193,114,3643
193,115,3643
193,116,3643
193,117,3643
193,118,3643
193,119,3643
193,122,3643
193,127,3643
193,128,3643
193,129,3643
193,130,3643
193,131,3643
193,132,3643
193,133,3643
193,134,3643
193,135,3643
193,136,3643
193,137,3643
193,138,3643
193,139,3643
193,141,3643
193,144,3643
193,145,3643
193,146,3643
193,147,3643
193,148,3643
193,149,3643
193,150,3643
194,1,3643
194,2,3643
194,3,3643
194,4,3643
194,5,3643
194,6,3643
194,7,3643
194,8,3643
194,9,3643
194,10,3643
194,11,3643
194,12,3643
194,13,3643
194,14,3643
194,15,3643
194,16,3643
194,17,3643
194,18,3643
194,19,3643
194,20,3643
194,21,3643
194,22,3643
194,23,3643
194,24,3643
194,25,3643
194,26,3643
194,27,3643
194,28,3643
194,29,3643
194,30,3643
194,31,3643
194,32,3643
194,33,3643
194,34,3643
194,35,3643
194,36,3643
194,37,3643
194,38,3643
194,39,3643
194,40,3643
194,41,3643
194,42,3643
194,43,3643
194,44,3643
194,45,3643
194,46,3643
194,47,3643
194,48,3643
194,49,3643
194,50,3643
194,51,3643
194,52,3643
194,53,3643
194,54,3643
194,55,3643
194,56,3643
194,57,3643
194,58,3643
194,59,3643
194,60,3643
194,61,3643
194,62,3643
194,63,3643
194,64,3643
194,65,3643
194,66,3643
194,67,3643
194,68,3643
194,69,3643
194,70,3643
194,71,3643
194,72,3643
194,73,3643
194,74,3643
194,75,3643
194,76,3643
194,77,3643
194,78,3643
194,79,3643
194,80,3643
194,81,3643
194,82,3643
194,83,3643
194,84,3643
194,85,3643
194,86,3643
194,87,3643
194,88,3643
194,89,3643
194,90,3643
194,91,3643
194,92,3643
194,93,3643
194,94,3643
194,95,3643
194,96,3643
194,97,3643
194,98,3643
194,99,3643
194,100,3643
194,101,3643
194,102,3643
194,103,3643
194,104,3643
194,105,3643
194,106,3643
194,107,3643
194,108,3643
194,109,3643
194,110,3643
194,111,3643
194,112,3643
194,113,3643
194,114,3643
194,115,3643
194,116,3643
194,117,3643
194,118,3643
194,119,3643
194,122,3643
194,127,3643
194,128,3643
194,129,3643
194,130,3643
194,131,3643
194,132,3643
194,133,3643
194,134,3643
194,135,3643
194,136,3643
194,137,3643
194,138,3643
194,139,3643
194,141,3643
194,144,3643
194,145,3643
194,146,3643
194,147,3643
194,148,3643
194,149,3643
194,150,3643
195,1,3643
195,2,3643
195,3,3643
195,4,3643
195,5,3643
195,6,3643
195,7,3643
195,8,3643
195,9,3643
195,10,3643
195,11,3643
195,12,3643
195,13,3643
195,14,3643
195,15,3643
195,16,3643
195,17,3643
195,18,3643
195,19,3643
195,20,3643
195,21,3643
195,22,3643
195,23,3643
195,24,3643
195,25,3643
195,26,3643
195,27,3643
195,28,3643
195,29,3643
195,30,3643
195,31,3643
195,32,3643
195,33,3643
195,34,3643
195,35,3643
195,36,3643
195,37,3643
195,38,3643
195,39,3643
195,40,3643
195,41,3643
195,42,3643
195,43,3643
195,44,3643
195,45,3643
195,46,3643
195,47,3643
195,48,3643
195,49,3643
195,50,3643
195,51,3643
195,52,3643
195,53,3643
195,54,3643
195,55,3643
195,56,3643
195,57,3643
195,58,3643
195,59,3643
195,60,3643
195,61,3643
195,62,3643
195,63,3643
195,64,3643
195,65,3643
195,66,3643
195,67,3643
195,68,3643
195,69,3643
195,70,3643
195,71,3643
195,72,3643
195,73,3643
195,74,3643
195,75,3643
195,76,3643
195,77,3643
195,78,3643
195,79,3643
195,80,3643
195,81,3643
195,82,3643
195,83,3643
195,84,3643
195,85,3643
195,86,3643
195,87,3643
195,88,3643
195,89,3643
195,90,3643
195,91,3643
195,92,3643
195,93,3643
195,94,3643
195,95,3643
195,96,3643
195,97,3643
195,98,3643
195,99,3643
195,100,3643
195,101,3643
195,102,3643
195,103,3643
195,104,3643
195,105,3643
195,106,3643
195,107,3643
195,108,3643
195,109,3643
195,110,3643
195,111,3643
195,112,3643
195,113,3643
195,114,3643
195,115,3643
195,116,3643
195,117,3643
195,118,3643
195,119,3643
195,122,3643
195,127,3643
195,128,3643
195,129,3643
195,130,3643
195,131,3643
195,132,3643
195,133,3643
195,134,3643
195,135,3643
195,136,3643
195,137,3643
195,138,3643
195,139,3643
195,141,3643
195,144,3643
195,145,3643
195,146,3643
195,147,3643
195,148,3643
195,149,3643
195,150,3643
196,1,3643
196,2,3643
196,3,3643
196,4,3643
196,5,3643
196,6,3643
196,7,3643
196,8,3643
196,9,3643
196,10,3643
196,11,3643
196,12,3643
196,13,3643
196,14,3643
196,15,3643
196,16,3643
196,17,3643
196,18,3643
196,19,3643
196,20,3643
196,21,3643
196,22,3643
196,23,3643
196,24,3643
196,25,3643
196,26,3643
196,27,3643
196,28,3643
196,29,3643
196,30,3643
196,31,3643
196,32,3643
196,33,3643
196,34,3643
196,35,3643
196,36,3643
196,37,3643
196,38,3643
196,39,3643
196,40,3643
196,41,3643
196,42,3643
196,43,3643
196,44,3643
196,45,3643
196,46,3643
196,47,3643
196,48,3643
196,49,3643
196,50,3643
196,51,3643
196,52,3643
196,53,3643
196,54,3643
196,55,3643
196,56,3643
196,57,3643
196,58,3643
196,59,3643
196,60,3643
196,61,3643
196,62,3643
196,63,3643
196,64,3643
196,65,3643
196,66,3643
196,67,3643
196,68,3643
196,69,3643
196,70,3643
196,71,3643
196,72,3643
196,73,3643
196,74,3643
196,75,3643
196,76,3643
196,77,3643
196,78,3643
196,79,3643
196,80,3643
196,81,3643
196,82,3643
196,83,3643
196,84,3643
196,85,3643
196,86,3643
196,87,3643
196,88,3643
196,89,3643
196,90,3643
196,91,3643
196,92,3643
196,93,3643
196,94,3643
196,95,3643
196,96,3643
196,97,3643
196,98,3643
196,99,3643
196,100,3643
196,101,3643
196,102,3643
196,103,3643
196,104,3643
196,105,3643
196,106,3643
196,107,3643
196,108,3643
196,109,3643
196,110,3643
196,111,3643
196,112,3643
196,113,3643
196,114,3643
196,115,3643
196,116,3643
196,117,3643
196,118,3643
196,119,3643
196,122,3643
196,127,3643
196,128,3643
196,129,3643
196,130,3643
196,131,3643
196,132,3643
196,133,3643
196,134,3643
196,135,3643
196,136,3643
196,137,3643
196,138,3643
196,139,3643
196,141,3643
196,144,3643
196,145,3643
196,146,3643
196,147,3643
196,148,3643
196,149,3643
196,150,3643
208,1,3643
208,2,3643
208,3,3643
208,4,3643
208,5,3643
208,6,3643
208,7,3643
208,8,3643
208,9,3643
208,10,3643
208,11,3643
208,12,3643
208,13,3643
208,14,3643
208,15,3643
208,16,3643
208,17,3643
208,18,3643
208,19,3643
208,20,3643
208,21,3643
208,22,3643
208,23,3643
208,24,3643
208,25,3643
208,26,3643
208,27,3643
208,28,3643
208,29,3643
208,30,3643
208,31,3643
208,32,3643
208,33,3643
208,34,3643
208,35,3643
208,36,3643
208,37,3643
208,38,3643
208,39,3643
208,40,3643
208,41,3643
208,42,3643
208,43,3643
208,44,3643
208,45,3643
208,46,3643
208,47,3643
208,48,3643
208,49,3643
208,50,3643
208,51,3643
208,52,3643
208,53,3643
208,54,3643
208,55,3643
208,56,3643
208,57,3643
208,58,3643
208,59,3643
208,60,3643
208,61,3643
208,62,3643
208,63,3643
208,64,3643
208,65,3643
208,66,3643
208,67,3643
208,68,3643
208,69,3643
208,70,3643
208,71,3643
208,72,3643
208,73,3643
208,74,3643
208,75,3643
208,76,3643
208,77,3643
208,78,3643
208,79,3643
208,80,3643
208,81,3643
208,82,3643
208,83,3643
208,84,3643
208,85,3643
208,86,3643
208,87,3643
208,88,3643
208,89,3643
208,90,3643
208,91,3643
208,92,3643
208,93,3643
208,94,3643
208,95,3643
208,96,3643
208,97,3643
208,98,3643
208,99,3643
208,100,3643
208,101,3643
208,102,3643
208,103,3643
208,104,3643
208,105,3643
208,106,3643
208,107,3643
208,108,3643
208,109,3643
208,110,3643
208,111,3643
208,112,3643
208,113,3643
208,114,3643
208,115,3643
208,116,3643
208,117,3643
208,118,3643
208,119,3643
208,122,3643
208,127,3643
208,128,3643
208,129,3643
208,130,3643
208,131,3643
208,132,3643
208,133,3643
208,134,3643
208,135,3643
208,136,3643
208,137,3643
208,138,3643
208,139,3643
208,141,3643
208,144,3643
208,145,3643
208,146,3643
208,147,3643
208,148,3643
208,149,3643
208,150,3643
209,122,3643
210,122,3643
210,127,3643
211,122,3643
211,127,3643
220,122,3643
220,127,3643
236,122,3643
236,127,3643
237,122,3643
237,127,3643
238,122,3643
238,127,3643
249,1,3643
249,2,3643
249,3,3643
249,4,3643
249,5,3643
249,6,3643
249,7,3643
249,8,3643
249,9,3643
249,10,3643
249,11,3643
249,12,3643
249,13,3643
249,14,3643
249,15,3643
249,16,3643
249,17,3643
249,18,3643
249,19,3643
249,20,3643
249,21,3643
249,22,3643
249,23,3643
249,24,3643
249,25,3643
249,26,3643
249,27,3643
249,28,3643
249,29,3643
249,30,3643
249,31,3643
249,32,3643
249,33,3643
249,34,3643
249,35,3643
249,36,3643
249,37,3643
249,38,3643
249,39,3643
249,40,3643
249,41,3643
249,42,3643
249,43,3643
249,44,3643
249,45,3643
249,46,3643
249,47,3643
249,48,3643
249,49,3643
249,50,3643
249,51,3643
249,52,3643
249,53,3643
249,54,3643
249,55,3643
249,56,3643
249,57,3643
249,58,3643
249,59,3643
249,60,3643
249,61,3643
249,62,3643
249,63,3643
249,64,3643
249,65,3643
249,66,3643
249,67,3643
249,68,3643
249,69,3643
249,70,3643
249,71,3643
249,72,3643
249,73,3643
249,74,3643
249,75,3643
249,76,3643
249,77,3643
249,78,3643
249,79,3643
249,80,3643
249,81,3643
249,82,3643
249,83,3643
249,84,3643
249,85,3643
249,86,3643
249,87,3643
249,88,3643
249,89,3643
249,90,3643
249,91,3643
249,92,3643
249,93,3643
249,94,3643
249,95,3643
249,96,3643
249,97,3643
249,98,3643
249,99,3643
249,100,3643
249,101,3643
249,102,3643
249,103,3643
249,104,3643
249,105,3643
249,106,3643
249,107,3643
249,108,3643
249,109,3643
249,110,3643
249,111,3643
249,112,3643
249,113,3643
249,114,3643
249,115,3643
249,116,3643
249,117,3643
249,118,3643
249,119,3643
249,122,3643
249,127,3643
249,128,3643
249,129,3643
249,130,3643
249,131,3643
249,132,3643
249,133,3643
249,134,3643
249,135,3643
249,136,3643
249,137,3643
249,138,3643
249,139,3643
249,141,3643
249,144,3643
249,145,3643
249,146,3643
249,147,3643
249,148,3643
249,149,3643
249,150,3643
250,102,3643
250,108,3643
250,109,3643
250,119,3643
250,122,3643
250,149,3643
252,28,3643
252,29,3643
252,99,3643
252,100,3643
252,101,3643
252,105,3643
252,106,3643
252,107,3643
252,122,3643
252,127,3643
252,128,3643
252,129,3643
253,1,3643
253,2,3643
253,3,3643
253,4,3643
253,5,3643
253,6,3643
253,7,3643
253,8,3643
253,9,3643
253,10,3643
253,11,3643
253,12,3643
253,13,3643
253,14,3643
253,15,3643
253,16,3643
253,17,3643
253,18,3643
253,19,3643
253,20,3643
253,21,3643
253,22,3643
253,23,3643
253,24,3643
253,25,3643
253,26,3643
253,27,3643
253,28,3643
253,29,3643
253,30,3643
253,31,3643
253,32,3643
253,33,3643
253,34,3643
253,35,3643
253,36,3643
253,37,3643
253,38,3643
253,39,3643
253,40,3643
253,41,3643
253,42,3643
253,43,3643
253,44,3643
253,45,3643
253,46,3643
253,47,3643
253,48,3643
253,49,3643
253,50,3643
253,51,3643
253,52,3643
253,53,3643
253,54,3643
253,55,3643
253,56,3643
253,57,3643
253,58,3643
253,59,3643
253,60,3643
253,61,3643
253,62,3643
253,63,3643
253,64,3643
253,65,3643
253,66,3643
253,67,3643
253,68,3643
253,69,3643
253,70,3643
253,71,3643
253,72,3643
253,73,3643
253,74,3643
253,75,3643
253,76,3643
253,77,3643
253,78,3643
253,79,3643
253,80,3643
253,81,3643
253,82,3643
253,83,3643
253,84,3643
253,85,3643
253,86,3643
253,87,3643
253,88,3643
253,89,3643
253,90,3643
253,91,3643
253,92,3643
253,93,3643
253,94,3643
253,95,3643
253,96,3643
253,97,3643
253,98,3643
253,99,3643
253,100,3643
253,101,3643
253,102,3643
253,103,3643
253,104,3643
253,105,3643
253,106,3643
253,107,3643
253,108,3643
253,109,3643
253,110,3643
253,111,3643
253,112,3643
253,113,3643
253,114,3643
253,115,3643
253,116,3643
253,117,3643
253,118,3643
253,119,3643
253,122,3643
253,127,3643
253,128,3643
253,129,3643
253,130,3643
253,131,3643
253,132,3643
253,133,3643
253,134,3643
253,135,3643
253,136,3643
253,137,3643
253,138,3643
253,139,3643
253,141,3643
253,144,3643
253,145,3643
253,146,3643
253,147,3643
253,148,3643
253,149,3643
253,150,3643
254,28,3643
254,29,3643
254,99,3643
254,100,3643
254,101,3643
254,105,3643
254,106,3643
254,107,3643
254,122,3643
254,127,3643
254,128,3643
254,129,3643
255,28,3643
255,29,3643
255,99,3643
255,100,3643
255,101,3643
255,105,3643
255,106,3643
255,107,3643
255,122,3643
255,127,3643
255,128,3643
255,129,3643
256,28,3643
256,29,3643
256,99,3643
256,100,3643
256,101,3643
256,105,3643
256,106,3643
256,107,3643
256,122,3643
256,127,3643
256,128,3643
256,129,3643
257,1,3643
257,2,3643
257,3,3643
257,4,3643
257,5,3643
257,6,3643
257,7,3643
257,8,3643
257,9,3643
257,10,3643
257,11,3643
257,12,3643
257,13,3643
257,14,3643
257,15,3643
257,16,3643
257,17,3643
257,18,3643
257,19,3643
257,20,3643
257,21,3643
257,22,3643
257,23,3643
257,24,3643
257,25,3643
257,26,3643
257,27,3643
257,28,3643
257,29,3643
257,30,3643
257,31,3643
257,32,3643
257,33,3643
257,34,3643
257,35,3643
257,36,3643
257,37,3643
257,38,3643
257,39,3643
257,40,3643
257,41,3643
257,42,3643
257,43,3643
257,44,3643
257,45,3643
257,46,3643
257,47,3643
257,48,3643
257,49,3643
257,50,3643
257,51,3643
257,52,3643
257,53,3643
257,54,3643
257,55,3643
257,56,3643
257,57,3643
257,58,3643
257,59,3643
257,60,3643
257,61,3643
257,62,3643
257,63,3643
257,64,3643
257,65,3643
257,66,3643
257,67,3643
257,68,3643
257,69,3643
257,70,3643
257,71,3643
257,72,3643
257,73,3643
257,74,3643
257,75,3643
257,76,3643
257,77,3643
257,78,3643
257,79,3643
257,80,3643
257,81,3643
257,82,3643
257,83,3643
257,84,3643
257,85,3643
257,86,3643
257,87,3643
257,88,3643
257,89,3643
257,90,3643
257,91,3643
257,92,3643
257,93,3643
257,94,3643
257,95,3643
257,96,3643
257,97,3643
257,98,3643
257,99,3643
257,100,3643
257,101,3643
257,102,3643
257,103,3643
257,104,3643
257,105,3643
257,106,3643
257,107,3643
257,108,3643
257,109,3643
257,110,3643
257,111,3643
257,112,3643
257,113,3643
257,114,3643
257,115,3643
257,116,3643
257,117,3643
257,118,3643
257,119,3643
257,122,3643
257,127,3643
257,128,3643
257,129,3643
257,130,3643
257,131,3643
257,132,3643
257,133,3643
257,134,3643
257,135,3643
257,136,3643
257,137,3643
257,138,3643
257,139,3643
257,141,3643
257,144,3643
257,145,3643
257,146,3643
257,147,3643
257,148,3643
257,149,3643
257,150,3643
258,28,3643
258,29,3643
258,99,3643
258,100,3643
258,101,3643
258,105,3643
258,106,3643
258,107,3643
258,122,3643
258,127,3643
258,128,3643
258,129,3643
259,28,3643
259,29,3643
259,99,3643
259,100,3643
259,101,3643
259,105,3643
259,106,3643
259,107,3643
259,122,3643
259,127,3643
259,128,3643
259,129,3643
260,28,3643
260,29,3643
260,99,3643
260,100,3643
260,101,3643
260,105,3643
260,106,3643
260,107,3643
260,122,3643
260,127,3643
260,128,3643
260,129,3643
399,28,3643
399,29,3643
399,99,3643
399,100,3643
399,101,3643
399,105,3643
399,106,3643
399,107,3643
399,122,3643
399,127,3643
399,128,3643
399,129,3643
1,151,3644
1,152,3644
1,153,3644
1,171,3644
1,172,3644
1,173,3644
1,174,3644
1,175,3644
1,176,3644
1,177,3644
1,178,3644
1,185,3644
1,186,3644
1,187,3644
1,191,3644
1,192,3644
1,226,3644
1,227,3644
1,228,3644
1,229,3644
1,231,3644
1,233,3644
1,234,3644
1,235,3644
1,245,3644
1,246,3644
1,247,3644
1,250,3644
1,251,3644
1,267,3644
1,270,3644
2,151,3644
2,152,3644
2,153,3644
2,171,3644
2,172,3644
2,173,3644
2,174,3644
2,175,3644
2,176,3644
2,177,3644
2,178,3644
2,185,3644
2,186,3644
2,187,3644
2,191,3644
2,192,3644
2,226,3644
2,227,3644
2,228,3644
2,229,3644
2,231,3644
2,233,3644
2,234,3644
2,235,3644
2,245,3644
2,246,3644
2,247,3644
2,250,3644
2,251,3644
2,267,3644
2,270,3644
3,151,3644
3,152,3644
3,153,3644
3,171,3644
3,172,3644
3,173,3644
3,174,3644
3,175,3644
3,176,3644
3,177,3644
3,178,3644
3,185,3644
3,186,3644
3,187,3644
3,191,3644
3,192,3644
3,226,3644
3,227,3644
3,228,3644
3,229,3644
3,231,3644
3,233,3644
3,234,3644
3,235,3644
3,245,3644
3,246,3644
3,247,3644
3,250,3644
3,251,3644
3,267,3644
3,270,3644
4,151,3644
4,152,3644
4,153,3644
4,171,3644
4,172,3644
4,173,3644
4,174,3644
4,175,3644
4,176,3644
4,177,3644
4,178,3644
4,185,3644
4,186,3644
4,187,3644
4,191,3644
4,192,3644
4,226,3644
4,227,3644
4,228,3644
4,229,3644
4,231,3644
4,233,3644
4,234,3644
4,235,3644
4,245,3644
4,246,3644
4,247,3644
4,250,3644
4,251,3644
4,267,3644
4,270,3644
5,151,3644
5,152,3644
5,153,3644
5,171,3644
5,172,3644
5,173,3644
5,174,3644
5,175,3644
5,176,3644
5,177,3644
5,178,3644
5,185,3644
5,186,3644
5,187,3644
5,191,3644
5,192,3644
5,226,3644
5,227,3644
5,228,3644
5,229,3644
5,231,3644
5,233,3644
5,234,3644
5,235,3644
5,245,3644
5,246,3644
5,247,3644
5,250,3644
5,251,3644
5,267,3644
5,270,3644
6,151,3644
6,152,3644
6,153,3644
6,171,3644
6,172,3644
6,173,3644
6,174,3644
6,175,3644
6,176,3644
6,177,3644
6,178,3644
6,185,3644
6,186,3644
6,187,3644
6,191,3644
6,192,3644
6,226,3644
6,227,3644
6,228,3644
6,229,3644
6,231,3644
6,233,3644
6,234,3644
6,235,3644
6,245,3644
6,246,3644
6,247,3644
6,250,3644
6,251,3644
6,267,3644
6,270,3644
7,151,3644
7,152,3644
7,153,3644
7,171,3644
7,172,3644
7,173,3644
7,174,3644
7,175,3644
7,176,3644
7,177,3644
7,178,3644
7,185,3644
7,186,3644
7,187,3644
7,191,3644
7,192,3644
7,226,3644
7,227,3644
7,228,3644
7,229,3644
7,231,3644
7,233,3644
7,234,3644
7,235,3644
7,245,3644
7,246,3644
7,247,3644
7,250,3644
7,251,3644
7,267,3644
7,270,3644
8,151,3644
8,152,3644
8,153,3644
8,171,3644
8,172,3644
8,173,3644
8,174,3644
8,175,3644
8,176,3644
8,177,3644
8,178,3644
8,185,3644
8,186,3644
8,187,3644
8,191,3644
8,192,3644
8,226,3644
8,227,3644
8,228,3644
8,229,3644
8,231,3644
8,233,3644
8,234,3644
8,235,3644
8,245,3644
8,246,3644
8,247,3644
8,250,3644
8,251,3644
8,267,3644
8,270,3644
9,151,3644
9,152,3644
9,153,3644
9,171,3644
9,172,3644
9,173,3644
9,174,3644
9,175,3644
9,176,3644
9,177,3644
9,178,3644
9,185,3644
9,186,3644
9,187,3644
9,191,3644
9,192,3644
9,226,3644
9,227,3644
9,228,3644
9,229,3644
9,231,3644
9,233,3644
9,234,3644
9,235,3644
9,245,3644
9,246,3644
9,247,3644
9,250,3644
9,251,3644
9,267,3644
9,270,3644
10,151,3644
10,152,3644
10,153,3644
10,171,3644
10,172,3644
10,173,3644
10,174,3644
10,175,3644
10,176,3644
10,177,3644
10,178,3644
10,185,3644
10,186,3644
10,187,3644
10,191,3644
10,192,3644
10,226,3644
10,227,3644
10,228,3644
10,229,3644
10,231,3644
10,233,3644
10,234,3644
10,235,3644
10,245,3644
10,246,3644
10,247,3644
10,250,3644
10,251,3644
10,267,3644
10,270,3644
11,151,3644
11,152,3644
11,153,3644
11,171,3644
11,172,3644
11,173,3644
11,174,3644
11,175,3644
11,176,3644
11,177,3644
11,178,3644
11,185,3644
11,186,3644
11,187,3644
11,191,3644
11,192,3644
11,226,3644
11,227,3644
11,228,3644
11,229,3644
11,231,3644
11,233,3644
11,234,3644
11,235,3644
11,245,3644
11,246,3644
11,247,3644
11,250,3644
11,251,3644
11,267,3644
11,270,3644
12,151,3644
12,152,3644
12,153,3644
12,171,3644
12,172,3644
12,173,3644
12,174,3644
12,175,3644
12,176,3644
12,177,3644
12,178,3644
12,185,3644
12,186,3644
12,187,3644
12,191,3644
12,192,3644
12,226,3644
12,227,3644
12,228,3644
12,229,3644
12,231,3644
12,233,3644
12,234,3644
12,235,3644
12,245,3644
12,246,3644
12,247,3644
12,250,3644
12,251,3644
12,267,3644
12,270,3644
13,151,3644
13,152,3644
13,153,3644
13,171,3644
13,172,3644
13,173,3644
13,174,3644
13,175,3644
13,176,3644
13,177,3644
13,178,3644
13,185,3644
13,186,3644
13,187,3644
13,191,3644
13,192,3644
13,226,3644
13,227,3644
13,228,3644
13,229,3644
13,231,3644
13,233,3644
13,234,3644
13,235,3644
13,245,3644
13,246,3644
13,247,3644
13,250,3644
13,251,3644
13,267,3644
13,270,3644
14,151,3644
14,152,3644
14,153,3644
14,171,3644
14,172,3644
14,173,3644
14,174,3644
14,175,3644
14,176,3644
14,177,3644
14,178,3644
14,185,3644
14,186,3644
14,187,3644
14,191,3644
14,192,3644
14,226,3644
14,227,3644
14,228,3644
14,229,3644
14,231,3644
14,233,3644
14,234,3644
14,235,3644
14,245,3644
14,246,3644
14,247,3644
14,250,3644
14,251,3644
14,267,3644
14,270,3644
15,151,3644
15,152,3644
15,153,3644
15,171,3644
15,172,3644
15,173,3644
15,174,3644
15,175,3644
15,176,3644
15,177,3644
15,178,3644
15,185,3644
15,186,3644
15,187,3644
15,191,3644
15,192,3644
15,226,3644
15,227,3644
15,228,3644
15,229,3644
15,231,3644
15,233,3644
15,234,3644
15,235,3644
15,245,3644
15,246,3644
15,247,3644
15,250,3644
15,251,3644
15,267,3644
15,270,3644
16,151,3644
16,152,3644
16,153,3644
16,171,3644
16,172,3644
16,173,3644
16,174,3644
16,175,3644
16,176,3644
16,177,3644
16,178,3644
16,185,3644
16,186,3644
16,187,3644
16,191,3644
16,192,3644
16,226,3644
16,227,3644
16,228,3644
16,229,3644
16,231,3644
16,233,3644
16,234,3644
16,235,3644
16,245,3644
16,246,3644
16,247,3644
16,250,3644
16,251,3644
16,267,3644
16,270,3644
17,151,3644
17,152,3644
17,153,3644
17,171,3644
17,172,3644
17,173,3644
17,174,3644
17,175,3644
17,176,3644
17,177,3644
17,178,3644
17,185,3644
17,186,3644
17,187,3644
17,191,3644
17,192,3644
17,226,3644
17,227,3644
17,228,3644
17,229,3644
17,231,3644
17,233,3644
17,234,3644
17,235,3644
17,245,3644
17,246,3644
17,247,3644
17,250,3644
17,251,3644
17,267,3644
17,270,3644
18,151,3644
18,152,3644
18,153,3644
18,171,3644
18,172,3644
18,173,3644
18,174,3644
18,175,3644
18,176,3644
18,177,3644
18,178,3644
18,185,3644
18,186,3644
18,187,3644
18,191,3644
18,192,3644
18,226,3644
18,227,3644
18,228,3644
18,229,3644
18,231,3644
18,233,3644
18,234,3644
18,235,3644
18,245,3644
18,246,3644
18,247,3644
18,250,3644
18,251,3644
18,267,3644
18,270,3644
19,151,3644
19,152,3644
19,153,3644
19,171,3644
19,172,3644
19,173,3644
19,174,3644
19,175,3644
19,176,3644
19,177,3644
19,178,3644
19,185,3644
19,186,3644
19,187,3644
19,191,3644
19,192,3644
19,226,3644
19,227,3644
19,228,3644
19,229,3644
19,231,3644
19,233,3644
19,234,3644
19,235,3644
19,245,3644
19,246,3644
19,247,3644
19,250,3644
19,251,3644
19,267,3644
19,270,3644
20,151,3644
20,152,3644
20,153,3644
20,171,3644
20,172,3644
20,173,3644
20,174,3644
20,175,3644
20,176,3644
20,177,3644
20,178,3644
20,185,3644
20,186,3644
20,187,3644
20,191,3644
20,192,3644
20,226,3644
20,227,3644
20,228,3644
20,229,3644
20,231,3644
20,233,3644
20,234,3644
20,235,3644
20,245,3644
20,246,3644
20,247,3644
20,250,3644
20,251,3644
20,267,3644
20,270,3644
21,151,3644
21,152,3644
21,153,3644
21,171,3644
21,172,3644
21,173,3644
21,174,3644
21,175,3644
21,176,3644
21,177,3644
21,178,3644
21,185,3644
21,186,3644
21,187,3644
21,191,3644
21,192,3644
21,226,3644
21,227,3644
21,228,3644
21,229,3644
21,231,3644
21,233,3644
21,234,3644
21,235,3644
21,245,3644
21,246,3644
21,247,3644
21,250,3644
21,251,3644
21,267,3644
21,270,3644
22,151,3644
22,152,3644
22,153,3644
22,171,3644
22,172,3644
22,173,3644
22,174,3644
22,175,3644
22,176,3644
22,177,3644
22,178,3644
22,185,3644
22,186,3644
22,187,3644
22,191,3644
22,192,3644
22,226,3644
22,227,3644
22,228,3644
22,229,3644
22,231,3644
22,233,3644
22,234,3644
22,235,3644
22,245,3644
22,246,3644
22,247,3644
22,250,3644
22,251,3644
22,267,3644
22,270,3644
23,151,3644
23,152,3644
23,153,3644
23,171,3644
23,172,3644
23,173,3644
23,174,3644
23,175,3644
23,176,3644
23,177,3644
23,178,3644
23,185,3644
23,186,3644
23,187,3644
23,191,3644
23,192,3644
23,226,3644
23,227,3644
23,228,3644
23,229,3644
23,231,3644
23,233,3644
23,234,3644
23,235,3644
23,245,3644
23,246,3644
23,247,3644
23,250,3644
23,251,3644
23,267,3644
23,270,3644
24,151,3644
24,152,3644
24,153,3644
24,171,3644
24,172,3644
24,173,3644
24,174,3644
24,175,3644
24,176,3644
24,177,3644
24,178,3644
24,185,3644
24,186,3644
24,187,3644
24,191,3644
24,192,3644
24,226,3644
24,227,3644
24,228,3644
24,229,3644
24,231,3644
24,233,3644
24,234,3644
24,235,3644
24,245,3644
24,246,3644
24,247,3644
24,250,3644
24,251,3644
24,267,3644
24,270,3644
25,151,3644
25,152,3644
25,153,3644
25,171,3644
25,172,3644
25,173,3644
25,174,3644
25,175,3644
25,176,3644
25,177,3644
25,178,3644
25,185,3644
25,186,3644
25,187,3644
25,191,3644
25,192,3644
25,226,3644
25,227,3644
25,228,3644
25,229,3644
25,231,3644
25,233,3644
25,234,3644
25,235,3644
25,245,3644
25,246,3644
25,247,3644
25,250,3644
25,251,3644
25,267,3644
25,270,3644
26,151,3644
26,152,3644
26,153,3644
26,171,3644
26,172,3644
26,173,3644
26,174,3644
26,175,3644
26,176,3644
26,177,3644
26,178,3644
26,185,3644
26,186,3644
26,187,3644
26,191,3644
26,192,3644
26,226,3644
26,227,3644
26,228,3644
26,229,3644
26,231,3644
26,233,3644
26,234,3644
26,235,3644
26,245,3644
26,246,3644
26,247,3644
26,250,3644
26,251,3644
26,267,3644
26,270,3644
27,151,3644
27,152,3644
27,153,3644
27,171,3644
27,172,3644
27,173,3644
27,174,3644
27,175,3644
27,176,3644
27,177,3644
27,178,3644
27,185,3644
27,186,3644
27,187,3644
27,191,3644
27,192,3644
27,226,3644
27,227,3644
27,228,3644
27,229,3644
27,231,3644
27,233,3644
27,234,3644
27,235,3644
27,245,3644
27,246,3644
27,247,3644
27,250,3644
27,251,3644
27,267,3644
27,270,3644
28,151,3644
28,152,3644
28,153,3644
28,170,3644
28,171,3644
28,172,3644
28,173,3644
28,174,3644
28,175,3644
28,176,3644
28,177,3644
28,178,3644
28,185,3644
28,186,3644
28,187,3644
28,191,3644
28,192,3644
28,199,3644
28,226,3644
28,227,3644
28,228,3644
28,229,3644
28,231,3644
28,233,3644
28,234,3644
28,235,3644
28,245,3644
28,246,3644
28,247,3644
28,250,3644
28,251,3644
28,264,3644
28,265,3644
28,266,3644
28,267,3644
28,270,3644
29,151,3644
29,152,3644
29,153,3644
29,170,3644
29,171,3644
29,172,3644
29,173,3644
29,174,3644
29,175,3644
29,176,3644
29,177,3644
29,178,3644
29,185,3644
29,186,3644
29,187,3644
29,191,3644
29,192,3644
29,199,3644
29,226,3644
29,227,3644
29,228,3644
29,229,3644
29,231,3644
29,233,3644
29,234,3644
29,235,3644
29,245,3644
29,246,3644
29,247,3644
29,250,3644
29,251,3644
29,264,3644
29,265,3644
29,266,3644
29,267,3644
29,270,3644
30,151,3644
30,152,3644
30,153,3644
30,171,3644
30,172,3644
30,173,3644
30,174,3644
30,175,3644
30,176,3644
30,177,3644
30,178,3644
30,185,3644
30,186,3644
30,187,3644
30,191,3644
30,192,3644
30,226,3644
30,227,3644
30,228,3644
30,229,3644
30,231,3644
30,233,3644
30,234,3644
30,235,3644
30,245,3644
30,246,3644
30,247,3644
30,250,3644
30,251,3644
30,267,3644
30,270,3644
31,151,3644
31,152,3644
31,153,3644
31,171,3644
31,172,3644
31,173,3644
31,174,3644
31,175,3644
31,176,3644
31,177,3644
31,178,3644
31,185,3644
31,186,3644
31,187,3644
31,191,3644
31,192,3644
31,226,3644
31,227,3644
31,228,3644
31,229,3644
31,231,3644
31,233,3644
31,234,3644
31,235,3644
31,245,3644
31,246,3644
31,247,3644
31,250,3644
31,251,3644
31,267,3644
31,270,3644
32,151,3644
32,152,3644
32,153,3644
32,171,3644
32,172,3644
32,173,3644
32,174,3644
32,175,3644
32,176,3644
32,177,3644
32,178,3644
32,185,3644
32,186,3644
32,187,3644
32,191,3644
32,192,3644
32,226,3644
32,227,3644
32,228,3644
32,229,3644
32,231,3644
32,233,3644
32,234,3644
32,235,3644
32,245,3644
32,246,3644
32,247,3644
32,250,3644
32,251,3644
32,267,3644
32,270,3644
33,151,3644
33,152,3644
33,153,3644
33,171,3644
33,172,3644
33,173,3644
33,174,3644
33,175,3644
33,176,3644
33,177,3644
33,178,3644
33,185,3644
33,186,3644
33,187,3644
33,191,3644
33,192,3644
33,226,3644
33,227,3644
33,228,3644
33,229,3644
33,231,3644
33,233,3644
33,234,3644
33,235,3644
33,245,3644
33,246,3644
33,247,3644
33,250,3644
33,251,3644
33,267,3644
33,270,3644
34,151,3644
34,152,3644
34,153,3644
34,171,3644
34,172,3644
34,173,3644
34,174,3644
34,175,3644
34,176,3644
34,177,3644
34,178,3644
34,185,3644
34,186,3644
34,187,3644
34,191,3644
34,192,3644
34,226,3644
34,227,3644
34,228,3644
34,229,3644
34,231,3644
34,233,3644
34,234,3644
34,235,3644
34,245,3644
34,246,3644
34,247,3644
34,250,3644
34,251,3644
34,267,3644
34,270,3644
35,151,3644
35,152,3644
35,153,3644
35,171,3644
35,172,3644
35,173,3644
35,174,3644
35,175,3644
35,176,3644
35,177,3644
35,178,3644
35,185,3644
35,186,3644
35,187,3644
35,191,3644
35,192,3644
35,226,3644
35,227,3644
35,228,3644
35,229,3644
35,231,3644
35,233,3644
35,234,3644
35,235,3644
35,245,3644
35,246,3644
35,247,3644
35,250,3644
35,251,3644
35,267,3644
35,270,3644
36,151,3644
36,152,3644
36,153,3644
36,171,3644
36,172,3644
36,173,3644
36,174,3644
36,175,3644
36,176,3644
36,177,3644
36,178,3644
36,185,3644
36,186,3644
36,187,3644
36,191,3644
36,192,3644
36,226,3644
36,227,3644
36,228,3644
36,229,3644
36,231,3644
36,233,3644
36,234,3644
36,235,3644
36,245,3644
36,246,3644
36,247,3644
36,250,3644
36,251,3644
36,267,3644
36,270,3644
37,151,3644
37,152,3644
37,153,3644
37,171,3644
37,172,3644
37,173,3644
37,174,3644
37,175,3644
37,176,3644
37,177,3644
37,178,3644
37,185,3644
37,186,3644
37,187,3644
37,191,3644
37,192,3644
37,226,3644
37,227,3644
37,228,3644
37,229,3644
37,231,3644
37,233,3644
37,234,3644
37,235,3644
37,245,3644
37,246,3644
37,247,3644
37,250,3644
37,251,3644
37,267,3644
37,270,3644
38,151,3644
38,152,3644
38,153,3644
38,171,3644
38,172,3644
38,173,3644
38,174,3644
38,175,3644
38,176,3644
38,177,3644
38,178,3644
38,185,3644
38,186,3644
38,187,3644
38,191,3644
38,192,3644
38,226,3644
38,227,3644
38,228,3644
38,229,3644
38,231,3644
38,233,3644
38,234,3644
38,235,3644
38,245,3644
38,246,3644
38,247,3644
38,250,3644
38,251,3644
38,267,3644
38,270,3644
39,151,3644
39,152,3644
39,153,3644
39,171,3644
39,172,3644
39,173,3644
39,174,3644
39,175,3644
39,176,3644
39,177,3644
39,178,3644
39,185,3644
39,186,3644
39,187,3644
39,191,3644
39,192,3644
39,226,3644
39,227,3644
39,228,3644
39,229,3644
39,231,3644
39,233,3644
39,234,3644
39,235,3644
39,245,3644
39,246,3644
39,247,3644
39,250,3644
39,251,3644
39,267,3644
39,270,3644
40,151,3644
40,152,3644
40,153,3644
40,171,3644
40,172,3644
40,173,3644
40,174,3644
40,175,3644
40,176,3644
40,177,3644
40,178,3644
40,185,3644
40,186,3644
40,187,3644
40,191,3644
40,192,3644
40,226,3644
40,227,3644
40,228,3644
40,229,3644
40,231,3644
40,233,3644
40,234,3644
40,235,3644
40,245,3644
40,246,3644
40,247,3644
40,250,3644
40,251,3644
40,267,3644
40,270,3644
41,151,3644
41,152,3644
41,153,3644
41,171,3644
41,172,3644
41,173,3644
41,174,3644
41,175,3644
41,176,3644
41,177,3644
41,178,3644
41,185,3644
41,186,3644
41,187,3644
41,191,3644
41,192,3644
41,226,3644
41,227,3644
41,228,3644
41,229,3644
41,231,3644
41,233,3644
41,234,3644
41,235,3644
41,245,3644
41,246,3644
41,247,3644
41,250,3644
41,251,3644
41,267,3644
41,270,3644
42,151,3644
42,152,3644
42,153,3644
42,171,3644
42,172,3644
42,173,3644
42,174,3644
42,175,3644
42,176,3644
42,177,3644
42,178,3644
42,185,3644
42,186,3644
42,187,3644
42,191,3644
42,192,3644
42,226,3644
42,227,3644
42,228,3644
42,229,3644
42,231,3644
42,233,3644
42,234,3644
42,235,3644
42,245,3644
42,246,3644
42,247,3644
42,250,3644
42,251,3644
42,267,3644
42,270,3644
43,151,3644
43,152,3644
43,153,3644
43,171,3644
43,172,3644
43,173,3644
43,174,3644
43,175,3644
43,176,3644
43,177,3644
43,178,3644
43,185,3644
43,186,3644
43,187,3644
43,191,3644
43,192,3644
43,226,3644
43,227,3644
43,228,3644
43,229,3644
43,231,3644
43,233,3644
43,234,3644
43,235,3644
43,245,3644
43,246,3644
43,247,3644
43,250,3644
43,251,3644
43,267,3644
43,270,3644
44,151,3644
44,152,3644
44,153,3644
44,171,3644
44,172,3644
44,173,3644
44,174,3644
44,175,3644
44,176,3644
44,177,3644
44,178,3644
44,185,3644
44,186,3644
44,187,3644
44,191,3644
44,192,3644
44,226,3644
44,227,3644
44,228,3644
44,229,3644
44,231,3644
44,233,3644
44,234,3644
44,235,3644
44,245,3644
44,246,3644
44,247,3644
44,250,3644
44,251,3644
44,267,3644
44,270,3644
45,151,3644
45,152,3644
45,153,3644
45,171,3644
45,172,3644
45,173,3644
45,174,3644
45,175,3644
45,176,3644
45,177,3644
45,178,3644
45,185,3644
45,186,3644
45,187,3644
45,191,3644
45,192,3644
45,226,3644
45,227,3644
45,228,3644
45,229,3644
45,231,3644
45,233,3644
45,234,3644
45,235,3644
45,245,3644
45,246,3644
45,247,3644
45,250,3644
45,251,3644
45,267,3644
45,270,3644
46,151,3644
46,152,3644
46,153,3644
46,171,3644
46,172,3644
46,173,3644
46,174,3644
46,175,3644
46,176,3644
46,177,3644
46,178,3644
46,185,3644
46,186,3644
46,187,3644
46,191,3644
46,192,3644
46,226,3644
46,227,3644
46,228,3644
46,229,3644
46,231,3644
46,233,3644
46,234,3644
46,235,3644
46,245,3644
46,246,3644
46,247,3644
46,250,3644
46,251,3644
46,267,3644
46,270,3644
47,151,3644
47,152,3644
47,153,3644
47,171,3644
47,172,3644
47,173,3644
47,174,3644
47,175,3644
47,176,3644
47,177,3644
47,178,3644
47,185,3644
47,186,3644
47,187,3644
47,191,3644
47,192,3644
47,226,3644
47,227,3644
47,228,3644
47,229,3644
47,231,3644
47,233,3644
47,234,3644
47,235,3644
47,245,3644
47,246,3644
47,247,3644
47,250,3644
47,251,3644
47,267,3644
47,270,3644
48,151,3644
48,152,3644
48,153,3644
48,171,3644
48,172,3644
48,173,3644
48,174,3644
48,175,3644
48,176,3644
48,177,3644
48,178,3644
48,185,3644
48,186,3644
48,187,3644
48,191,3644
48,192,3644
48,226,3644
48,227,3644
48,228,3644
48,229,3644
48,231,3644
48,233,3644
48,234,3644
48,235,3644
48,245,3644
48,246,3644
48,247,3644
48,250,3644
48,251,3644
48,267,3644
48,270,3644
49,151,3644
49,152,3644
49,153,3644
49,171,3644
49,172,3644
49,173,3644
49,174,3644
49,175,3644
49,176,3644
49,177,3644
49,178,3644
49,185,3644
49,186,3644
49,187,3644
49,191,3644
49,192,3644
49,226,3644
49,227,3644
49,228,3644
49,229,3644
49,231,3644
49,233,3644
49,234,3644
49,235,3644
49,245,3644
49,246,3644
49,247,3644
49,250,3644
49,251,3644
49,267,3644
49,270,3644
50,151,3644
50,152,3644
50,153,3644
50,171,3644
50,172,3644
50,173,3644
50,174,3644
50,175,3644
50,176,3644
50,177,3644
50,178,3644
50,185,3644
50,186,3644
50,187,3644
50,191,3644
50,192,3644
50,226,3644
50,227,3644
50,228,3644
50,229,3644
50,231,3644
50,233,3644
50,234,3644
50,235,3644
50,245,3644
50,246,3644
50,247,3644
50,250,3644
50,251,3644
50,267,3644
50,270,3644
51,151,3644
51,152,3644
51,153,3644
51,171,3644
51,172,3644
51,173,3644
51,174,3644
51,175,3644
51,176,3644
51,177,3644
51,178,3644
51,185,3644
51,186,3644
51,187,3644
51,191,3644
51,192,3644
51,226,3644
51,227,3644
51,228,3644
51,229,3644
51,231,3644
51,233,3644
51,234,3644
51,235,3644
51,245,3644
51,246,3644
51,247,3644
51,250,3644
51,251,3644
51,267,3644
51,270,3644
52,151,3644
52,152,3644
52,153,3644
52,171,3644
52,172,3644
52,173,3644
52,174,3644
52,175,3644
52,176,3644
52,177,3644
52,178,3644
52,185,3644
52,186,3644
52,187,3644
52,191,3644
52,192,3644
52,226,3644
52,227,3644
52,228,3644
52,229,3644
52,231,3644
52,233,3644
52,234,3644
52,235,3644
52,245,3644
52,246,3644
52,247,3644
52,250,3644
52,251,3644
52,267,3644
52,270,3644
53,151,3644
53,152,3644
53,153,3644
53,171,3644
53,172,3644
53,173,3644
53,174,3644
53,175,3644
53,176,3644
53,177,3644
53,178,3644
53,185,3644
53,186,3644
53,187,3644
53,191,3644
53,192,3644
53,226,3644
53,227,3644
53,228,3644
53,229,3644
53,231,3644
53,233,3644
53,234,3644
53,235,3644
53,245,3644
53,246,3644
53,247,3644
53,250,3644
53,251,3644
53,267,3644
53,270,3644
54,151,3644
54,152,3644
54,153,3644
54,171,3644
54,172,3644
54,173,3644
54,174,3644
54,175,3644
54,176,3644
54,177,3644
54,178,3644
54,185,3644
54,186,3644
54,187,3644
54,191,3644
54,192,3644
54,226,3644
54,227,3644
54,228,3644
54,229,3644
54,231,3644
54,233,3644
54,234,3644
54,235,3644
54,245,3644
54,246,3644
54,247,3644
54,250,3644
54,251,3644
54,267,3644
54,270,3644
55,151,3644
55,152,3644
55,153,3644
55,171,3644
55,172,3644
55,173,3644
55,174,3644
55,175,3644
55,176,3644
55,177,3644
55,178,3644
55,185,3644
55,186,3644
55,187,3644
55,191,3644
55,192,3644
55,226,3644
55,227,3644
55,228,3644
55,229,3644
55,231,3644
55,233,3644
55,234,3644
55,235,3644
55,245,3644
55,246,3644
55,247,3644
55,250,3644
55,251,3644
55,267,3644
55,270,3644
56,151,3644
56,152,3644
56,153,3644
56,171,3644
56,172,3644
56,173,3644
56,174,3644
56,175,3644
56,176,3644
56,177,3644
56,178,3644
56,185,3644
56,186,3644
56,187,3644
56,191,3644
56,192,3644
56,226,3644
56,227,3644
56,228,3644
56,229,3644
56,231,3644
56,233,3644
56,234,3644
56,235,3644
56,245,3644
56,246,3644
56,247,3644
56,250,3644
56,251,3644
56,267,3644
56,270,3644
57,151,3644
57,152,3644
57,153,3644
57,171,3644
57,172,3644
57,173,3644
57,174,3644
57,175,3644
57,176,3644
57,177,3644
57,178,3644
57,185,3644
57,186,3644
57,187,3644
57,191,3644
57,192,3644
57,226,3644
57,227,3644
57,228,3644
57,229,3644
57,231,3644
57,233,3644
57,234,3644
57,235,3644
57,245,3644
57,246,3644
57,247,3644
57,250,3644
57,251,3644
57,267,3644
57,270,3644
58,151,3644
58,152,3644
58,153,3644
58,171,3644
58,172,3644
58,173,3644
58,174,3644
58,175,3644
58,176,3644
58,177,3644
58,178,3644
58,185,3644
58,186,3644
58,187,3644
58,191,3644
58,192,3644
58,226,3644
58,227,3644
58,228,3644
58,229,3644
58,231,3644
58,233,3644
58,234,3644
58,235,3644
58,245,3644
58,246,3644
58,247,3644
58,250,3644
58,251,3644
58,267,3644
58,270,3644
59,151,3644
59,152,3644
59,153,3644
59,171,3644
59,172,3644
59,173,3644
59,174,3644
59,175,3644
59,176,3644
59,177,3644
59,178,3644
59,185,3644
59,186,3644
59,187,3644
59,191,3644
59,192,3644
59,226,3644
59,227,3644
59,228,3644
59,229,3644
59,231,3644
59,233,3644
59,234,3644
59,235,3644
59,245,3644
59,246,3644
59,247,3644
59,250,3644
59,251,3644
59,267,3644
59,270,3644
60,151,3644
60,152,3644
60,153,3644
60,171,3644
60,172,3644
60,173,3644
60,174,3644
60,175,3644
60,176,3644
60,177,3644
60,178,3644
60,185,3644
60,186,3644
60,187,3644
60,191,3644
60,192,3644
60,226,3644
60,227,3644
60,228,3644
60,229,3644
60,231,3644
60,233,3644
60,234,3644
60,235,3644
60,245,3644
60,246,3644
60,247,3644
60,250,3644
60,251,3644
60,267,3644
60,270,3644
61,151,3644
61,152,3644
61,153,3644
61,171,3644
61,172,3644
61,173,3644
61,174,3644
61,175,3644
61,176,3644
61,177,3644
61,178,3644
61,185,3644
61,186,3644
61,187,3644
61,191,3644
61,192,3644
61,226,3644
61,227,3644
61,228,3644
61,229,3644
61,231,3644
61,233,3644
61,234,3644
61,235,3644
61,245,3644
61,246,3644
61,247,3644
61,250,3644
61,251,3644
61,267,3644
61,270,3644
62,151,3644
62,152,3644
62,153,3644
62,171,3644
62,172,3644
62,173,3644
62,174,3644
62,175,3644
62,176,3644
62,177,3644
62,178,3644
62,185,3644
62,186,3644
62,187,3644
62,191,3644
62,192,3644
62,226,3644
62,227,3644
62,228,3644
62,229,3644
62,231,3644
62,233,3644
62,234,3644
62,235,3644
62,245,3644
62,246,3644
62,247,3644
62,250,3644
62,251,3644
62,267,3644
62,270,3644
63,151,3644
63,152,3644
63,153,3644
63,171,3644
63,172,3644
63,173,3644
63,174,3644
63,175,3644
63,176,3644
63,177,3644
63,178,3644
63,185,3644
63,186,3644
63,187,3644
63,191,3644
63,192,3644
63,226,3644
63,227,3644
63,228,3644
63,229,3644
63,231,3644
63,233,3644
63,234,3644
63,235,3644
63,245,3644
63,246,3644
63,247,3644
63,250,3644
63,251,3644
63,267,3644
63,270,3644
64,151,3644
64,152,3644
64,153,3644
64,171,3644
64,172,3644
64,173,3644
64,174,3644
64,175,3644
64,176,3644
64,177,3644
64,178,3644
64,185,3644
64,186,3644
64,187,3644
64,191,3644
64,192,3644
64,226,3644
64,227,3644
64,228,3644
64,229,3644
64,231,3644
64,233,3644
64,234,3644
64,235,3644
64,245,3644
64,246,3644
64,247,3644
64,250,3644
64,251,3644
64,267,3644
64,270,3644
65,151,3644
65,152,3644
65,153,3644
65,171,3644
65,172,3644
65,173,3644
65,174,3644
65,175,3644
65,176,3644
65,177,3644
65,178,3644
65,185,3644
65,186,3644
65,187,3644
65,191,3644
65,192,3644
65,226,3644
65,227,3644
65,228,3644
65,229,3644
65,231,3644
65,233,3644
65,234,3644
65,235,3644
65,245,3644
65,246,3644
65,247,3644
65,250,3644
65,251,3644
65,267,3644
65,270,3644
66,151,3644
66,152,3644
66,153,3644
66,171,3644
66,172,3644
66,173,3644
66,174,3644
66,175,3644
66,176,3644
66,177,3644
66,178,3644
66,185,3644
66,186,3644
66,187,3644
66,191,3644
66,192,3644
66,226,3644
66,227,3644
66,228,3644
66,229,3644
66,231,3644
66,233,3644
66,234,3644
66,235,3644
66,245,3644
66,246,3644
66,247,3644
66,250,3644
66,251,3644
66,267,3644
66,270,3644
67,151,3644
67,152,3644
67,153,3644
67,171,3644
67,172,3644
67,173,3644
67,174,3644
67,175,3644
67,176,3644
67,177,3644
67,178,3644
67,185,3644
67,186,3644
67,187,3644
67,191,3644
67,192,3644
67,226,3644
67,227,3644
67,228,3644
67,229,3644
67,231,3644
67,233,3644
67,234,3644
67,235,3644
67,245,3644
67,246,3644
67,247,3644
67,250,3644
67,251,3644
67,267,3644
67,270,3644
68,151,3644
68,152,3644
68,153,3644
68,171,3644
68,172,3644
68,173,3644
68,174,3644
68,175,3644
68,176,3644
68,177,3644
68,178,3644
68,185,3644
68,186,3644
68,187,3644
68,191,3644
68,192,3644
68,226,3644
68,227,3644
68,228,3644
68,229,3644
68,231,3644
68,233,3644
68,234,3644
68,235,3644
68,245,3644
68,246,3644
68,247,3644
68,250,3644
68,251,3644
68,267,3644
68,270,3644
69,151,3644
69,152,3644
69,153,3644
69,171,3644
69,172,3644
69,173,3644
69,174,3644
69,175,3644
69,176,3644
69,177,3644
69,178,3644
69,185,3644
69,186,3644
69,187,3644
69,191,3644
69,192,3644
69,226,3644
69,227,3644
69,228,3644
69,229,3644
69,231,3644
69,233,3644
69,234,3644
69,235,3644
69,245,3644
69,246,3644
69,247,3644
69,250,3644
69,251,3644
69,267,3644
69,270,3644
70,151,3644
70,152,3644
70,153,3644
70,171,3644
70,172,3644
70,173,3644
70,174,3644
70,175,3644
70,176,3644
70,177,3644
70,178,3644
70,185,3644
70,186,3644
70,187,3644
70,191,3644
70,192,3644
70,226,3644
70,227,3644
70,228,3644
70,229,3644
70,231,3644
70,233,3644
70,234,3644
70,235,3644
70,245,3644
70,246,3644
70,247,3644
70,250,3644
70,251,3644
70,267,3644
70,270,3644
71,151,3644
71,152,3644
71,153,3644
71,171,3644
71,172,3644
71,173,3644
71,174,3644
71,175,3644
71,176,3644
71,177,3644
71,178,3644
71,185,3644
71,186,3644
71,187,3644
71,191,3644
71,192,3644
71,226,3644
71,227,3644
71,228,3644
71,229,3644
71,231,3644
71,233,3644
71,234,3644
71,235,3644
71,245,3644
71,246,3644
71,247,3644
71,250,3644
71,251,3644
71,267,3644
71,270,3644
72,151,3644
72,152,3644
72,153,3644
72,171,3644
72,172,3644
72,173,3644
72,174,3644
72,175,3644
72,176,3644
72,177,3644
72,178,3644
72,185,3644
72,186,3644
72,187,3644
72,191,3644
72,192,3644
72,226,3644
72,227,3644
72,228,3644
72,229,3644
72,231,3644
72,233,3644
72,234,3644
72,235,3644
72,245,3644
72,246,3644
72,247,3644
72,250,3644
72,251,3644
72,267,3644
72,270,3644
73,151,3644
73,152,3644
73,153,3644
73,171,3644
73,172,3644
73,173,3644
73,174,3644
73,175,3644
73,176,3644
73,177,3644
73,178,3644
73,185,3644
73,186,3644
73,187,3644
73,191,3644
73,192,3644
73,226,3644
73,227,3644
73,228,3644
73,229,3644
73,231,3644
73,233,3644
73,234,3644
73,235,3644
73,245,3644
73,246,3644
73,247,3644
73,250,3644
73,251,3644
73,267,3644
73,270,3644
74,151,3644
74,152,3644
74,153,3644
74,171,3644
74,172,3644
74,173,3644
74,174,3644
74,175,3644
74,176,3644
74,177,3644
74,178,3644
74,185,3644
74,186,3644
74,187,3644
74,191,3644
74,192,3644
74,226,3644
74,227,3644
74,228,3644
74,229,3644
74,231,3644
74,233,3644
74,234,3644
74,235,3644
74,245,3644
74,246,3644
74,247,3644
74,250,3644
74,251,3644
74,267,3644
74,270,3644
75,151,3644
75,152,3644
75,153,3644
75,171,3644
75,172,3644
75,173,3644
75,174,3644
75,175,3644
75,176,3644
75,177,3644
75,178,3644
75,185,3644
75,186,3644
75,187,3644
75,191,3644
75,192,3644
75,226,3644
75,227,3644
75,228,3644
75,229,3644
75,231,3644
75,233,3644
75,234,3644
75,235,3644
75,245,3644
75,246,3644
75,247,3644
75,250,3644
75,251,3644
75,267,3644
75,270,3644
76,151,3644
76,152,3644
76,153,3644
76,171,3644
76,172,3644
76,173,3644
76,174,3644
76,175,3644
76,176,3644
76,177,3644
76,178,3644
76,185,3644
76,186,3644
76,187,3644
76,191,3644
76,192,3644
76,226,3644
76,227,3644
76,228,3644
76,229,3644
76,231,3644
76,233,3644
76,234,3644
76,235,3644
76,245,3644
76,246,3644
76,247,3644
76,250,3644
76,251,3644
76,267,3644
76,270,3644
77,151,3644
77,152,3644
77,153,3644
77,171,3644
77,172,3644
77,173,3644
77,174,3644
77,175,3644
77,176,3644
77,177,3644
77,178,3644
77,185,3644
77,186,3644
77,187,3644
77,191,3644
77,192,3644
77,226,3644
77,227,3644
77,228,3644
77,229,3644
77,231,3644
77,233,3644
77,234,3644
77,235,3644
77,245,3644
77,246,3644
77,247,3644
77,250,3644
77,251,3644
77,267,3644
77,270,3644
78,151,3644
78,152,3644
78,153,3644
78,171,3644
78,172,3644
78,173,3644
78,174,3644
78,175,3644
78,176,3644
78,177,3644
78,178,3644
78,185,3644
78,186,3644
78,187,3644
78,191,3644
78,192,3644
78,226,3644
78,227,3644
78,228,3644
78,229,3644
78,231,3644
78,233,3644
78,234,3644
78,235,3644
78,245,3644
78,246,3644
78,247,3644
78,250,3644
78,251,3644
78,267,3644
78,270,3644
79,151,3644
79,152,3644
79,153,3644
79,171,3644
79,172,3644
79,173,3644
79,174,3644
79,175,3644
79,176,3644
79,177,3644
79,178,3644
79,185,3644
79,186,3644
79,187,3644
79,191,3644
79,192,3644
79,226,3644
79,227,3644
79,228,3644
79,229,3644
79,231,3644
79,233,3644
79,234,3644
79,235,3644
79,245,3644
79,246,3644
79,247,3644
79,250,3644
79,251,3644
79,267,3644
79,270,3644
80,151,3644
80,152,3644
80,153,3644
80,171,3644
80,172,3644
80,173,3644
80,174,3644
80,175,3644
80,176,3644
80,177,3644
80,178,3644
80,185,3644
80,186,3644
80,187,3644
80,191,3644
80,192,3644
80,226,3644
80,227,3644
80,228,3644
80,229,3644
80,231,3644
80,233,3644
80,234,3644
80,235,3644
80,245,3644
80,246,3644
80,247,3644
80,250,3644
80,251,3644
80,267,3644
80,270,3644
81,151,3644
81,152,3644
81,153,3644
81,171,3644
81,172,3644
81,173,3644
81,174,3644
81,175,3644
81,176,3644
81,177,3644
81,178,3644
81,185,3644
81,186,3644
81,187,3644
81,191,3644
81,192,3644
81,226,3644
81,227,3644
81,228,3644
81,229,3644
81,231,3644
81,233,3644
81,234,3644
81,235,3644
81,245,3644
81,246,3644
81,247,3644
81,250,3644
81,251,3644
81,267,3644
81,270,3644
82,151,3644
82,152,3644
82,153,3644
82,171,3644
82,172,3644
82,173,3644
82,174,3644
82,175,3644
82,176,3644
82,177,3644
82,178,3644
82,185,3644
82,186,3644
82,187,3644
82,191,3644
82,192,3644
82,226,3644
82,227,3644
82,228,3644
82,229,3644
82,231,3644
82,233,3644
82,234,3644
82,235,3644
82,245,3644
82,246,3644
82,247,3644
82,250,3644
82,251,3644
82,267,3644
82,270,3644
83,151,3644
83,152,3644
83,153,3644
83,171,3644
83,172,3644
83,173,3644
83,174,3644
83,175,3644
83,176,3644
83,177,3644
83,178,3644
83,185,3644
83,186,3644
83,187,3644
83,191,3644
83,192,3644
83,226,3644
83,227,3644
83,228,3644
83,229,3644
83,231,3644
83,233,3644
83,234,3644
83,235,3644
83,245,3644
83,246,3644
83,247,3644
83,250,3644
83,251,3644
83,267,3644
83,270,3644
84,151,3644
84,152,3644
84,153,3644
84,171,3644
84,172,3644
84,173,3644
84,174,3644
84,175,3644
84,176,3644
84,177,3644
84,178,3644
84,185,3644
84,186,3644
84,187,3644
84,191,3644
84,192,3644
84,226,3644
84,227,3644
84,228,3644
84,229,3644
84,231,3644
84,233,3644
84,234,3644
84,235,3644
84,245,3644
84,246,3644
84,247,3644
84,250,3644
84,251,3644
84,267,3644
84,270,3644
85,151,3644
85,152,3644
85,153,3644
85,171,3644
85,172,3644
85,173,3644
85,174,3644
85,175,3644
85,176,3644
85,177,3644
85,178,3644
85,185,3644
85,186,3644
85,187,3644
85,191,3644
85,192,3644
85,226,3644
85,227,3644
85,228,3644
85,229,3644
85,231,3644
85,233,3644
85,234,3644
85,235,3644
85,245,3644
85,246,3644
85,247,3644
85,250,3644
85,251,3644
85,267,3644
85,270,3644
86,151,3644
86,152,3644
86,153,3644
86,171,3644
86,172,3644
86,173,3644
86,174,3644
86,175,3644
86,176,3644
86,177,3644
86,178,3644
86,185,3644
86,186,3644
86,187,3644
86,191,3644
86,192,3644
86,226,3644
86,227,3644
86,228,3644
86,229,3644
86,231,3644
86,233,3644
86,234,3644
86,235,3644
86,245,3644
86,246,3644
86,247,3644
86,250,3644
86,251,3644
86,267,3644
86,270,3644
87,151,3644
87,152,3644
87,153,3644
87,171,3644
87,172,3644
87,173,3644
87,174,3644
87,175,3644
87,176,3644
87,177,3644
87,178,3644
87,185,3644
87,186,3644
87,187,3644
87,191,3644
87,192,3644
87,226,3644
87,227,3644
87,228,3644
87,229,3644
87,231,3644
87,233,3644
87,234,3644
87,235,3644
87,245,3644
87,246,3644
87,247,3644
87,250,3644
87,251,3644
87,267,3644
87,270,3644
88,151,3644
88,152,3644
88,153,3644
88,171,3644
88,172,3644
88,173,3644
88,174,3644
88,175,3644
88,176,3644
88,177,3644
88,178,3644
88,185,3644
88,186,3644
88,187,3644
88,191,3644
88,192,3644
88,226,3644
88,227,3644
88,228,3644
88,229,3644
88,231,3644
88,233,3644
88,234,3644
88,235,3644
88,245,3644
88,246,3644
88,247,3644
88,250,3644
88,251,3644
88,267,3644
88,270,3644
89,151,3644
89,152,3644
89,153,3644
89,171,3644
89,172,3644
89,173,3644
89,174,3644
89,175,3644
89,176,3644
89,177,3644
89,178,3644
89,185,3644
89,186,3644
89,187,3644
89,191,3644
89,192,3644
89,226,3644
89,227,3644
89,228,3644
89,229,3644
89,231,3644
89,233,3644
89,234,3644
89,235,3644
89,245,3644
89,246,3644
89,247,3644
89,250,3644
89,251,3644
89,267,3644
89,270,3644
90,151,3644
90,152,3644
90,153,3644
90,171,3644
90,172,3644
90,173,3644
90,174,3644
90,175,3644
90,176,3644
90,177,3644
90,178,3644
90,185,3644
90,186,3644
90,187,3644
90,191,3644
90,192,3644
90,226,3644
90,227,3644
90,228,3644
90,229,3644
90,231,3644
90,233,3644
90,234,3644
90,235,3644
90,245,3644
90,246,3644
90,247,3644
90,250,3644
90,251,3644
90,267,3644
90,270,3644
91,151,3644
91,152,3644
91,153,3644
91,171,3644
91,172,3644
91,173,3644
91,174,3644
91,175,3644
91,176,3644
91,177,3644
91,178,3644
91,185,3644
91,186,3644
91,187,3644
91,191,3644
91,192,3644
91,226,3644
91,227,3644
91,228,3644
91,229,3644
91,231,3644
91,233,3644
91,234,3644
91,235,3644
91,245,3644
91,246,3644
91,247,3644
91,250,3644
91,251,3644
91,267,3644
91,270,3644
92,151,3644
92,152,3644
92,153,3644
92,170,3644
92,171,3644
92,172,3644
92,173,3644
92,174,3644
92,175,3644
92,176,3644
92,177,3644
92,178,3644
92,185,3644
92,186,3644
92,187,3644
92,191,3644
92,192,3644
92,199,3644
92,226,3644
92,227,3644
92,228,3644
92,229,3644
92,231,3644
92,233,3644
92,234,3644
92,235,3644
92,245,3644
92,246,3644
92,247,3644
92,250,3644
92,251,3644
92,264,3644
92,265,3644
92,266,3644
92,267,3644
92,270,3644
93,151,3644
93,152,3644
93,153,3644
93,170,3644
93,171,3644
93,172,3644
93,173,3644
93,174,3644
93,175,3644
93,176,3644
93,177,3644
93,178,3644
93,185,3644
93,186,3644
93,187,3644
93,191,3644
93,192,3644
93,199,3644
93,226,3644
93,227,3644
93,228,3644
93,229,3644
93,231,3644
93,233,3644
93,234,3644
93,235,3644
93,245,3644
93,246,3644
93,247,3644
93,250,3644
93,251,3644
93,264,3644
93,265,3644
93,266,3644
93,267,3644
93,270,3644
94,151,3644
94,152,3644
94,153,3644
94,170,3644
94,171,3644
94,172,3644
94,173,3644
94,174,3644
94,175,3644
94,176,3644
94,177,3644
94,178,3644
94,185,3644
94,186,3644
94,187,3644
94,191,3644
94,192,3644
94,199,3644
94,226,3644
94,227,3644
94,228,3644
94,229,3644
94,231,3644
94,233,3644
94,234,3644
94,235,3644
94,245,3644
94,246,3644
94,247,3644
94,250,3644
94,251,3644
94,264,3644
94,265,3644
94,266,3644
94,267,3644
94,270,3644
95,151,3644
95,152,3644
95,153,3644
95,170,3644
95,171,3644
95,172,3644
95,173,3644
95,174,3644
95,175,3644
95,176,3644
95,177,3644
95,178,3644
95,185,3644
95,186,3644
95,187,3644
95,191,3644
95,192,3644
95,199,3644
95,226,3644
95,227,3644
95,228,3644
95,229,3644
95,231,3644
95,233,3644
95,234,3644
95,235,3644
95,245,3644
95,246,3644
95,247,3644
95,250,3644
95,251,3644
95,264,3644
95,265,3644
95,266,3644
95,267,3644
95,270,3644
96,151,3644
96,152,3644
96,153,3644
96,170,3644
96,171,3644
96,172,3644
96,173,3644
96,174,3644
96,175,3644
96,176,3644
96,177,3644
96,178,3644
96,185,3644
96,186,3644
96,187,3644
96,191,3644
96,192,3644
96,199,3644
96,226,3644
96,227,3644
96,228,3644
96,229,3644
96,231,3644
96,233,3644
96,234,3644
96,235,3644
96,245,3644
96,246,3644
96,247,3644
96,250,3644
96,251,3644
96,264,3644
96,265,3644
96,266,3644
96,267,3644
96,270,3644
97,151,3644
97,152,3644
97,153,3644
97,170,3644
97,171,3644
97,172,3644
97,173,3644
97,174,3644
97,175,3644
97,176,3644
97,177,3644
97,178,3644
97,185,3644
97,186,3644
97,187,3644
97,191,3644
97,192,3644
97,199,3644
97,226,3644
97,227,3644
97,228,3644
97,229,3644
97,231,3644
97,233,3644
97,234,3644
97,235,3644
97,245,3644
97,246,3644
97,247,3644
97,250,3644
97,251,3644
97,264,3644
97,265,3644
97,266,3644
97,267,3644
97,270,3644
98,151,3644
98,152,3644
98,153,3644
98,170,3644
98,171,3644
98,172,3644
98,173,3644
98,174,3644
98,175,3644
98,176,3644
98,177,3644
98,178,3644
98,185,3644
98,186,3644
98,187,3644
98,191,3644
98,192,3644
98,199,3644
98,226,3644
98,227,3644
98,228,3644
98,229,3644
98,231,3644
98,233,3644
98,234,3644
98,235,3644
98,245,3644
98,246,3644
98,247,3644
98,250,3644
98,251,3644
98,264,3644
98,265,3644
98,266,3644
98,267,3644
98,270,3644
99,151,3644
99,152,3644
99,153,3644
99,170,3644
99,171,3644
99,172,3644
99,173,3644
99,174,3644
99,175,3644
99,176,3644
99,177,3644
99,178,3644
99,185,3644
99,186,3644
99,187,3644
99,191,3644
99,192,3644
99,199,3644
99,226,3644
99,227,3644
99,228,3644
99,229,3644
99,231,3644
99,233,3644
99,234,3644
99,235,3644
99,245,3644
99,246,3644
99,247,3644
99,250,3644
99,251,3644
99,264,3644
99,265,3644
99,266,3644
99,267,3644
99,270,3644
100,151,3644
100,152,3644
100,153,3644
100,170,3644
100,171,3644
100,172,3644
100,173,3644
100,174,3644
100,175,3644
100,176,3644
100,177,3644
100,178,3644
100,185,3644
100,186,3644
100,187,3644
100,191,3644
100,192,3644
100,199,3644
100,226,3644
100,227,3644
100,228,3644
100,229,3644
100,231,3644
100,233,3644
100,234,3644
100,235,3644
100,245,3644
100,246,3644
100,247,3644
100,250,3644
100,251,3644
100,264,3644
100,265,3644
100,266,3644
100,267,3644
100,270,3644
101,151,3644
101,152,3644
101,153,3644
101,170,3644
101,171,3644
101,172,3644
101,173,3644
101,174,3644
101,175,3644
101,176,3644
101,177,3644
101,178,3644
101,185,3644
101,186,3644
101,187,3644
101,191,3644
101,192,3644
101,199,3644
101,226,3644
101,227,3644
101,228,3644
101,229,3644
101,231,3644
101,233,3644
101,234,3644
101,235,3644
101,245,3644
101,246,3644
101,247,3644
101,250,3644
101,251,3644
101,264,3644
101,265,3644
101,266,3644
101,267,3644
101,270,3644
102,170,3644
102,185,3644
102,186,3644
102,187,3644
102,191,3644
102,192,3644
102,199,3644
102,226,3644
102,227,3644
102,228,3644
102,229,3644
102,231,3644
102,233,3644
102,234,3644
102,235,3644
102,245,3644
102,246,3644
102,247,3644
102,251,3644
102,264,3644
102,265,3644
102,266,3644
102,267,3644
102,270,3644
103,151,3644
103,152,3644
103,153,3644
103,170,3644
103,171,3644
103,172,3644
103,173,3644
103,174,3644
103,175,3644
103,176,3644
103,177,3644
103,178,3644
103,185,3644
103,186,3644
103,187,3644
103,191,3644
103,192,3644
103,199,3644
103,226,3644
103,227,3644
103,228,3644
103,229,3644
103,231,3644
103,233,3644
103,234,3644
103,235,3644
103,245,3644
103,246,3644
103,247,3644
103,250,3644
103,251,3644
103,264,3644
103,265,3644
103,266,3644
103,267,3644
103,270,3644
104,151,3644
104,152,3644
104,153,3644
104,170,3644
104,171,3644
104,172,3644
104,173,3644
104,174,3644
104,175,3644
104,176,3644
104,177,3644
104,178,3644
104,185,3644
104,186,3644
104,187,3644
104,191,3644
104,192,3644
104,199,3644
104,226,3644
104,227,3644
104,228,3644
104,229,3644
104,231,3644
104,233,3644
104,234,3644
104,235,3644
104,245,3644
104,246,3644
104,247,3644
104,250,3644
104,251,3644
104,264,3644
104,265,3644
104,266,3644
104,267,3644
104,270,3644
105,151,3644
105,152,3644
105,153,3644
105,170,3644
105,171,3644
105,172,3644
105,173,3644
105,174,3644
105,175,3644
105,176,3644
105,177,3644
105,178,3644
105,185,3644
105,186,3644
105,187,3644
105,191,3644
105,192,3644
105,199,3644
105,226,3644
105,227,3644
105,228,3644
105,229,3644
105,231,3644
105,233,3644
105,234,3644
105,235,3644
105,245,3644
105,246,3644
105,247,3644
105,250,3644
105,251,3644
105,264,3644
105,265,3644
105,266,3644
105,267,3644
105,270,3644
106,151,3644
106,152,3644
106,153,3644
106,170,3644
106,171,3644
106,172,3644
106,173,3644
106,174,3644
106,175,3644
106,176,3644
106,177,3644
106,178,3644
106,185,3644
106,186,3644
106,187,3644
106,191,3644
106,192,3644
106,199,3644
106,226,3644
106,227,3644
106,228,3644
106,229,3644
106,231,3644
106,233,3644
106,234,3644
106,235,3644
106,245,3644
106,246,3644
106,247,3644
106,250,3644
106,251,3644
106,264,3644
106,265,3644
106,266,3644
106,267,3644
106,270,3644
107,151,3644
107,152,3644
107,153,3644
107,170,3644
107,171,3644
107,172,3644
107,173,3644
107,174,3644
107,175,3644
107,176,3644
107,177,3644
107,178,3644
107,185,3644
107,186,3644
107,187,3644
107,191,3644
107,192,3644
107,199,3644
107,226,3644
107,227,3644
107,228,3644
107,229,3644
107,231,3644
107,233,3644
107,234,3644
107,235,3644
107,245,3644
107,246,3644
107,247,3644
107,250,3644
107,251,3644
107,264,3644
107,265,3644
107,266,3644
107,267,3644
107,270,3644
108,170,3644
108,185,3644
108,186,3644
108,187,3644
108,191,3644
108,192,3644
108,199,3644
108,226,3644
108,227,3644
108,228,3644
108,229,3644
108,231,3644
108,233,3644
108,234,3644
108,235,3644
108,245,3644
108,246,3644
108,247,3644
108,251,3644
108,264,3644
108,265,3644
108,266,3644
108,267,3644
108,270,3644
109,170,3644
109,185,3644
109,186,3644
109,187,3644
109,191,3644
109,192,3644
109,199,3644
109,226,3644
109,227,3644
109,228,3644
109,229,3644
109,231,3644
109,233,3644
109,234,3644
109,235,3644
109,245,3644
109,246,3644
109,247,3644
109,251,3644
109,264,3644
109,265,3644
109,266,3644
109,267,3644
109,270,3644
110,151,3644
110,152,3644
110,153,3644
110,171,3644
110,172,3644
110,173,3644
110,174,3644
110,175,3644
110,176,3644
110,177,3644
110,178,3644
110,185,3644
110,186,3644
110,187,3644
110,191,3644
110,192,3644
110,226,3644
110,227,3644
110,228,3644
110,229,3644
110,231,3644
110,233,3644
110,234,3644
110,235,3644
110,245,3644
110,246,3644
110,247,3644
110,250,3644
110,251,3644
110,267,3644
110,270,3644
111,151,3644
111,152,3644
111,153,3644
111,171,3644
111,172,3644
111,173,3644
111,174,3644
111,175,3644
111,176,3644
111,177,3644
111,178,3644
111,185,3644
111,186,3644
111,187,3644
111,191,3644
111,192,3644
111,226,3644
111,227,3644
111,228,3644
111,229,3644
111,231,3644
111,233,3644
111,234,3644
111,235,3644
111,245,3644
111,246,3644
111,247,3644
111,250,3644
111,251,3644
111,267,3644
111,270,3644
112,151,3644
112,152,3644
112,153,3644
112,171,3644
112,172,3644
112,173,3644
112,174,3644
112,175,3644
112,176,3644
112,177,3644
112,178,3644
112,185,3644
112,186,3644
112,187,3644
112,191,3644
112,192,3644
112,226,3644
112,227,3644
112,228,3644
112,229,3644
112,231,3644
112,233,3644
112,234,3644
112,235,3644
112,245,3644
112,246,3644
112,247,3644
112,250,3644
112,251,3644
112,267,3644
112,270,3644
113,151,3644
113,152,3644
113,153,3644
113,171,3644
113,172,3644
113,173,3644
113,174,3644
113,175,3644
113,176,3644
113,177,3644
113,178,3644
113,185,3644
113,186,3644
113,187,3644
113,191,3644
113,192,3644
113,226,3644
113,227,3644
113,228,3644
113,229,3644
113,231,3644
113,233,3644
113,234,3644
113,235,3644
113,245,3644
113,246,3644
113,247,3644
113,250,3644
113,251,3644
113,267,3644
113,270,3644
114,151,3644
114,152,3644
114,153,3644
114,171,3644
114,172,3644
114,173,3644
114,174,3644
114,175,3644
114,176,3644
114,177,3644
114,178,3644
114,185,3644
114,186,3644
114,187,3644
114,191,3644
114,192,3644
114,226,3644
114,227,3644
114,228,3644
114,229,3644
114,231,3644
114,233,3644
114,234,3644
114,235,3644
114,245,3644
114,246,3644
114,247,3644
114,250,3644
114,251,3644
114,267,3644
114,270,3644
115,151,3644
115,152,3644
115,153,3644
115,171,3644
115,172,3644
115,173,3644
115,174,3644
115,175,3644
115,176,3644
115,177,3644
115,178,3644
115,185,3644
115,186,3644
115,187,3644
115,191,3644
115,192,3644
115,226,3644
115,227,3644
115,228,3644
115,229,3644
115,231,3644
115,233,3644
115,234,3644
115,235,3644
115,245,3644
115,246,3644
115,247,3644
115,250,3644
115,251,3644
115,267,3644
115,270,3644
116,151,3644
116,152,3644
116,153,3644
116,170,3644
116,171,3644
116,172,3644
116,173,3644
116,174,3644
116,175,3644
116,176,3644
116,177,3644
116,178,3644
116,185,3644
116,186,3644
116,187,3644
116,191,3644
116,192,3644
116,199,3644
116,226,3644
116,227,3644
116,228,3644
116,229,3644
116,231,3644
116,233,3644
116,234,3644
116,235,3644
116,245,3644
116,246,3644
116,247,3644
116,250,3644
116,251,3644
116,264,3644
116,265,3644
116,266,3644
116,267,3644
116,270,3644
117,151,3644
117,152,3644
117,153,3644
117,170,3644
117,171,3644
117,172,3644
117,173,3644
117,174,3644
117,175,3644
117,176,3644
117,177,3644
117,178,3644
117,185,3644
117,186,3644
117,187,3644
117,191,3644
117,192,3644
117,199,3644
117,226,3644
117,227,3644
117,228,3644
117,229,3644
117,231,3644
117,233,3644
117,234,3644
117,235,3644
117,245,3644
117,246,3644
117,247,3644
117,250,3644
117,251,3644
117,264,3644
117,265,3644
117,266,3644
117,267,3644
117,270,3644
118,151,3644
118,152,3644
118,153,3644
118,170,3644
118,171,3644
118,172,3644
118,173,3644
118,174,3644
118,175,3644
118,176,3644
118,177,3644
118,178,3644
118,185,3644
118,186,3644
118,187,3644
118,191,3644
118,192,3644
118,199,3644
118,226,3644
118,227,3644
118,228,3644
118,229,3644
118,231,3644
118,233,3644
118,234,3644
118,235,3644
118,245,3644
118,246,3644
118,247,3644
118,250,3644
118,251,3644
118,264,3644
118,265,3644
118,266,3644
118,267,3644
118,270,3644
119,170,3644
119,185,3644
119,186,3644
119,187,3644
119,191,3644
119,192,3644
119,199,3644
119,226,3644
119,227,3644
119,228,3644
119,229,3644
119,231,3644
119,233,3644
119,234,3644
119,235,3644
119,245,3644
119,246,3644
119,247,3644
119,251,3644
119,264,3644
119,265,3644
119,266,3644
119,267,3644
119,270,3644
120,151,3644
120,152,3644
120,153,3644
120,171,3644
120,172,3644
120,173,3644
120,174,3644
120,175,3644
120,176,3644
120,177,3644
120,178,3644
120,185,3644
120,186,3644
120,187,3644
120,191,3644
120,192,3644
120,226,3644
120,227,3644
120,228,3644
120,229,3644
120,231,3644
120,233,3644
120,234,3644
120,235,3644
120,245,3644
120,246,3644
120,247,3644
120,250,3644
120,251,3644
120,267,3644
120,270,3644
121,151,3644
121,152,3644
121,153,3644
121,171,3644
121,172,3644
121,173,3644
121,174,3644
121,175,3644
121,176,3644
121,177,3644
121,178,3644
121,185,3644
121,186,3644
121,187,3644
121,191,3644
121,192,3644
121,226,3644
121,227,3644
121,228,3644
121,229,3644
121,231,3644
121,233,3644
121,234,3644
121,235,3644
121,245,3644
121,246,3644
121,247,3644
121,250,3644
121,251,3644
121,267,3644
121,270,3644
122,170,3644
122,185,3644
122,186,3644
122,187,3644
122,191,3644
122,192,3644
122,199,3644
122,226,3644
122,227,3644
122,228,3644
122,229,3644
122,231,3644
122,233,3644
122,234,3644
122,235,3644
122,245,3644
122,246,3644
122,247,3644
122,251,3644
122,264,3644
122,265,3644
122,266,3644
122,267,3644
122,270,3644
123,185,3644
123,186,3644
123,187,3644
123,191,3644
123,192,3644
123,226,3644
123,227,3644
123,228,3644
123,229,3644
123,231,3644
123,233,3644
123,234,3644
123,235,3644
123,245,3644
123,246,3644
123,247,3644
123,251,3644
123,267,3644
123,270,3644
124,185,3644
124,186,3644
124,187,3644
124,191,3644
124,192,3644
124,226,3644
124,227,3644
124,228,3644
124,229,3644
124,231,3644
124,233,3644
124,234,3644
124,235,3644
124,245,3644
124,246,3644
124,247,3644
124,251,3644
124,267,3644
124,270,3644
125,185,3644
125,186,3644
125,187,3644
125,191,3644
125,192,3644
125,226,3644
125,227,3644
125,228,3644
125,229,3644
125,231,3644
125,233,3644
125,234,3644
125,235,3644
125,245,3644
125,246,3644
125,247,3644
125,251,3644
125,267,3644
125,270,3644
126,170,3644
126,185,3644
126,186,3644
126,187,3644
126,191,3644
126,192,3644
126,199,3644
126,226,3644
126,227,3644
126,228,3644
126,229,3644
126,231,3644
126,233,3644
126,234,3644
126,235,3644
126,245,3644
126,246,3644
126,247,3644
126,251,3644
126,264,3644
126,265,3644
126,266,3644
126,267,3644
126,270,3644
127,151,3644
127,152,3644
127,153,3644
127,170,3644
127,171,3644
127,172,3644
127,173,3644
127,174,3644
127,175,3644
127,176,3644
127,177,3644
127,178,3644
127,185,3644
127,186,3644
127,187,3644
127,191,3644
127,192,3644
127,199,3644
127,226,3644
127,227,3644
127,228,3644
127,229,3644
127,231,3644
127,233,3644
127,234,3644
127,235,3644
127,245,3644
127,246,3644
127,247,3644
127,250,3644
127,251,3644
127,264,3644
127,265,3644
127,266,3644
127,267,3644
127,270,3644
128,151,3644
128,152,3644
128,153,3644
128,171,3644
128,172,3644
128,173,3644
128,174,3644
128,175,3644
128,176,3644
128,177,3644
128,178,3644
128,185,3644
128,186,3644
128,187,3644
128,191,3644
128,192,3644
128,226,3644
128,227,3644
128,228,3644
128,229,3644
128,231,3644
128,233,3644
128,234,3644
128,235,3644
128,245,3644
128,246,3644
128,247,3644
128,250,3644
128,251,3644
128,270,3644
129,151,3644
129,152,3644
129,153,3644
129,171,3644
129,172,3644
129,173,3644
129,174,3644
129,175,3644
129,176,3644
129,177,3644
129,178,3644
129,185,3644
129,186,3644
129,187,3644
129,191,3644
129,192,3644
129,226,3644
129,227,3644
129,228,3644
129,229,3644
129,231,3644
129,233,3644
129,234,3644
129,245,3644
129,246,3644
129,247,3644
129,250,3644
129,251,3644
129,270,3644
130,151,3644
130,152,3644
130,153,3644
130,171,3644
130,172,3644
130,173,3644
130,174,3644
130,175,3644
130,176,3644
130,177,3644
130,178,3644
130,185,3644
130,186,3644
130,187,3644
130,191,3644
130,192,3644
130,226,3644
130,227,3644
130,228,3644
130,229,3644
130,231,3644
130,233,3644
130,234,3644
130,235,3644
130,245,3644
130,246,3644
130,247,3644
130,250,3644
130,251,3644
130,267,3644
130,270,3644
131,151,3644
131,152,3644
131,153,3644
131,171,3644
131,172,3644
131,173,3644
131,174,3644
131,175,3644
131,176,3644
131,177,3644
131,178,3644
131,185,3644
131,186,3644
131,187,3644
131,191,3644
131,192,3644
131,226,3644
131,227,3644
131,228,3644
131,229,3644
131,231,3644
131,233,3644
131,234,3644
131,235,3644
131,245,3644
131,246,3644
131,247,3644
131,250,3644
131,251,3644
131,267,3644
131,270,3644
132,151,3644
132,152,3644
132,153,3644
132,171,3644
132,172,3644
132,173,3644
132,174,3644
132,175,3644
132,176,3644
132,177,3644
132,178,3644
132,185,3644
132,186,3644
132,187,3644
132,191,3644
132,192,3644
132,226,3644
132,227,3644
132,228,3644
132,229,3644
132,231,3644
132,233,3644
132,234,3644
132,235,3644
132,245,3644
132,246,3644
132,247,3644
132,250,3644
132,251,3644
132,267,3644
132,270,3644
133,151,3644
133,152,3644
133,153,3644
133,171,3644
133,172,3644
133,173,3644
133,174,3644
133,175,3644
133,176,3644
133,177,3644
133,178,3644
133,185,3644
133,186,3644
133,187,3644
133,191,3644
133,192,3644
133,226,3644
133,227,3644
133,228,3644
133,229,3644
133,231,3644
133,233,3644
133,234,3644
133,235,3644
133,245,3644
133,246,3644
133,247,3644
133,250,3644
133,251,3644
133,267,3644
133,270,3644
134,151,3644
134,152,3644
134,153,3644
134,171,3644
134,172,3644
134,173,3644
134,174,3644
134,175,3644
134,176,3644
134,177,3644
134,178,3644
134,185,3644
134,186,3644
134,187,3644
134,191,3644
134,192,3644
134,226,3644
134,227,3644
134,228,3644
134,229,3644
134,231,3644
134,233,3644
134,234,3644
134,235,3644
134,245,3644
134,246,3644
134,247,3644
134,250,3644
134,251,3644
134,267,3644
134,270,3644
135,151,3644
135,152,3644
135,153,3644
135,171,3644
135,172,3644
135,173,3644
135,174,3644
135,175,3644
135,176,3644
135,177,3644
135,178,3644
135,185,3644
135,186,3644
135,187,3644
135,191,3644
135,192,3644
135,226,3644
135,227,3644
135,228,3644
135,229,3644
135,231,3644
135,233,3644
135,234,3644
135,235,3644
135,245,3644
135,246,3644
135,247,3644
135,250,3644
135,251,3644
135,267,3644
135,270,3644
136,151,3644
136,152,3644
136,153,3644
136,170,3644
136,171,3644
136,172,3644
136,173,3644
136,174,3644
136,175,3644
136,176,3644
136,177,3644
136,178,3644
136,185,3644
136,186,3644
136,187,3644
136,191,3644
136,192,3644
136,199,3644
136,226,3644
136,227,3644
136,228,3644
136,229,3644
136,231,3644
136,233,3644
136,234,3644
136,235,3644
136,245,3644
136,246,3644
136,247,3644
136,250,3644
136,251,3644
136,264,3644
136,265,3644
136,266,3644
136,267,3644
136,270,3644
137,151,3644
137,152,3644
137,153,3644
137,171,3644
137,172,3644
137,173,3644
137,174,3644
137,175,3644
137,176,3644
137,177,3644
137,178,3644
137,185,3644
137,186,3644
137,187,3644
137,191,3644
137,192,3644
137,226,3644
137,227,3644
137,228,3644
137,229,3644
137,231,3644
137,233,3644
137,234,3644
137,235,3644
137,245,3644
137,246,3644
137,247,3644
137,250,3644
137,251,3644
137,267,3644
137,270,3644
138,151,3644
138,152,3644
138,153,3644
138,171,3644
138,172,3644
138,173,3644
138,174,3644
138,175,3644
138,176,3644
138,177,3644
138,178,3644
138,185,3644
138,186,3644
138,187,3644
138,191,3644
138,192,3644
138,226,3644
138,227,3644
138,228,3644
138,229,3644
138,231,3644
138,233,3644
138,234,3644
138,235,3644
138,245,3644
138,246,3644
138,247,3644
138,250,3644
138,251,3644
138,267,3644
138,270,3644
139,151,3644
139,152,3644
139,153,3644
139,171,3644
139,172,3644
139,173,3644
139,174,3644
139,175,3644
139,176,3644
139,177,3644
139,178,3644
139,185,3644
139,186,3644
139,187,3644
139,191,3644
139,192,3644
139,226,3644
139,227,3644
139,228,3644
139,229,3644
139,231,3644
139,233,3644
139,234,3644
139,235,3644
139,245,3644
139,246,3644
139,247,3644
139,250,3644
139,251,3644
139,267,3644
139,270,3644
141,151,3644
141,152,3644
141,153,3644
141,171,3644
141,172,3644
141,173,3644
141,174,3644
141,175,3644
141,176,3644
141,177,3644
141,178,3644
141,185,3644
141,186,3644
141,187,3644
141,191,3644
141,192,3644
141,226,3644
141,227,3644
141,228,3644
141,229,3644
141,231,3644
141,233,3644
141,234,3644
141,235,3644
141,245,3644
141,246,3644
141,247,3644
141,250,3644
141,251,3644
141,267,3644
141,270,3644
142,185,3644
142,186,3644
142,187,3644
142,191,3644
142,192,3644
142,226,3644
142,227,3644
142,228,3644
142,229,3644
142,231,3644
142,233,3644
142,234,3644
142,235,3644
142,245,3644
142,246,3644
142,247,3644
142,251,3644
142,267,3644
142,270,3644
144,151,3644
144,152,3644
144,153,3644
144,171,3644
144,172,3644
144,173,3644
144,174,3644
144,175,3644
144,176,3644
144,177,3644
144,178,3644
144,185,3644
144,186,3644
144,187,3644
144,191,3644
144,192,3644
144,226,3644
144,227,3644
144,228,3644
144,229,3644
144,231,3644
144,233,3644
144,234,3644
144,235,3644
144,245,3644
144,246,3644
144,247,3644
144,250,3644
144,251,3644
144,267,3644
144,270,3644
145,151,3644
145,152,3644
145,153,3644
145,171,3644
145,172,3644
145,173,3644
145,174,3644
145,175,3644
145,176,3644
145,177,3644
145,178,3644
145,185,3644
145,186,3644
145,187,3644
145,191,3644
145,192,3644
145,226,3644
145,227,3644
145,228,3644
145,229,3644
145,231,3644
145,233,3644
145,234,3644
145,235,3644
145,245,3644
145,246,3644
145,247,3644
145,250,3644
145,251,3644
145,267,3644
145,270,3644
146,151,3644
146,152,3644
146,153,3644
146,171,3644
146,172,3644
146,173,3644
146,174,3644
146,175,3644
146,176,3644
146,177,3644
146,178,3644
146,185,3644
146,186,3644
146,187,3644
146,191,3644
146,192,3644
146,226,3644
146,227,3644
146,228,3644
146,229,3644
146,231,3644
146,233,3644
146,234,3644
146,235,3644
146,245,3644
146,246,3644
146,247,3644
146,250,3644
146,251,3644
146,267,3644
146,270,3644
147,151,3644
147,152,3644
147,153,3644
147,171,3644
147,172,3644
147,173,3644
147,174,3644
147,175,3644
147,176,3644
147,177,3644
147,178,3644
147,185,3644
147,186,3644
147,187,3644
147,191,3644
147,192,3644
147,226,3644
147,227,3644
147,228,3644
147,229,3644
147,231,3644
147,233,3644
147,234,3644
147,235,3644
147,245,3644
147,246,3644
147,247,3644
147,250,3644
147,251,3644
147,267,3644
147,270,3644
148,151,3644
148,152,3644
148,153,3644
148,171,3644
148,172,3644
148,173,3644
148,174,3644
148,175,3644
148,176,3644
148,177,3644
148,178,3644
148,185,3644
148,186,3644
148,187,3644
148,191,3644
148,192,3644
148,226,3644
148,227,3644
148,228,3644
148,229,3644
148,231,3644
148,233,3644
148,234,3644
148,235,3644
148,245,3644
148,246,3644
148,247,3644
148,250,3644
148,251,3644
148,267,3644
148,270,3644
149,170,3644
149,185,3644
149,186,3644
149,187,3644
149,191,3644
149,192,3644
149,199,3644
149,226,3644
149,227,3644
149,228,3644
149,229,3644
149,231,3644
149,233,3644
149,234,3644
149,235,3644
149,245,3644
149,246,3644
149,247,3644
149,251,3644
149,264,3644
149,265,3644
149,266,3644
149,267,3644
149,270,3644
150,151,3644
150,152,3644
150,153,3644
150,171,3644
150,172,3644
150,173,3644
150,174,3644
150,175,3644
150,176,3644
150,177,3644
150,178,3644
150,185,3644
150,186,3644
150,187,3644
150,191,3644
150,192,3644
150,226,3644
150,227,3644
150,228,3644
150,229,3644
150,231,3644
150,233,3644
150,234,3644
150,235,3644
150,245,3644
150,246,3644
150,247,3644
150,250,3644
150,251,3644
150,267,3644
150,270,3644
151,1,3644
151,2,3644
151,3,3644
151,4,3644
151,5,3644
151,6,3644
151,7,3644
151,8,3644
151,9,3644
151,10,3644
151,11,3644
151,12,3644
151,13,3644
151,14,3644
151,15,3644
151,16,3644
151,17,3644
151,18,3644
151,19,3644
151,20,3644
151,21,3644
151,22,3644
151,23,3644
151,24,3644
151,25,3644
151,26,3644
151,27,3644
151,28,3644
151,29,3644
151,30,3644
151,31,3644
151,32,3644
151,33,3644
151,34,3644
151,35,3644
151,36,3644
151,37,3644
151,38,3644
151,39,3644
151,40,3644
151,41,3644
151,42,3644
151,43,3644
151,44,3644
151,45,3644
151,46,3644
151,47,3644
151,48,3644
151,49,3644
151,50,3644
151,51,3644
151,52,3644
151,53,3644
151,54,3644
151,55,3644
151,56,3644
151,57,3644
151,58,3644
151,59,3644
151,60,3644
151,61,3644
151,62,3644
151,63,3644
151,64,3644
151,65,3644
151,66,3644
151,67,3644
151,68,3644
151,69,3644
151,70,3644
151,71,3644
151,72,3644
151,73,3644
151,74,3644
151,75,3644
151,76,3644
151,77,3644
151,78,3644
151,79,3644
151,80,3644
151,81,3644
151,82,3644
151,83,3644
151,84,3644
151,85,3644
151,86,3644
151,87,3644
151,88,3644
151,89,3644
151,90,3644
151,91,3644
151,92,3644
151,93,3644
151,94,3644
151,95,3644
151,96,3644
151,97,3644
151,98,3644
151,99,3644
151,100,3644
151,101,3644
151,103,3644
151,104,3644
151,105,3644
151,106,3644
151,107,3644
151,110,3644
151,111,3644
151,112,3644
151,113,3644
151,114,3644
151,115,3644
151,116,3644
151,117,3644
151,118,3644
151,120,3644
151,121,3644
151,127,3644
151,128,3644
151,129,3644
151,130,3644
151,131,3644
151,132,3644
151,133,3644
151,134,3644
151,135,3644
151,136,3644
151,137,3644
151,138,3644
151,139,3644
151,141,3644
151,144,3644
151,145,3644
151,146,3644
151,147,3644
151,148,3644
151,150,3644
152,1,3644
152,2,3644
152,3,3644
152,4,3644
152,5,3644
152,6,3644
152,7,3644
152,8,3644
152,9,3644
152,10,3644
152,11,3644
152,12,3644
152,13,3644
152,14,3644
152,15,3644
152,16,3644
152,17,3644
152,18,3644
152,19,3644
152,20,3644
152,21,3644
152,22,3644
152,23,3644
152,24,3644
152,25,3644
152,26,3644
152,27,3644
152,28,3644
152,29,3644
152,30,3644
152,31,3644
152,32,3644
152,33,3644
152,34,3644
152,35,3644
152,36,3644
152,37,3644
152,38,3644
152,39,3644
152,40,3644
152,41,3644
152,42,3644
152,43,3644
152,44,3644
152,45,3644
152,46,3644
152,47,3644
152,48,3644
152,49,3644
152,50,3644
152,51,3644
152,52,3644
152,53,3644
152,54,3644
152,55,3644
152,56,3644
152,57,3644
152,58,3644
152,59,3644
152,60,3644
152,61,3644
152,62,3644
152,63,3644
152,64,3644
152,65,3644
152,66,3644
152,67,3644
152,68,3644
152,69,3644
152,70,3644
152,71,3644
152,72,3644
152,73,3644
152,74,3644
152,75,3644
152,76,3644
152,77,3644
152,78,3644
152,79,3644
152,80,3644
152,81,3644
152,82,3644
152,83,3644
152,84,3644
152,85,3644
152,86,3644
152,87,3644
152,88,3644
152,89,3644
152,90,3644
152,91,3644
152,92,3644
152,93,3644
152,94,3644
152,95,3644
152,96,3644
152,97,3644
152,98,3644
152,99,3644
152,100,3644
152,101,3644
152,103,3644
152,104,3644
152,105,3644
152,106,3644
152,107,3644
152,110,3644
152,111,3644
152,112,3644
152,113,3644
152,114,3644
152,115,3644
152,116,3644
152,117,3644
152,118,3644
152,120,3644
152,121,3644
152,127,3644
152,128,3644
152,129,3644
152,130,3644
152,131,3644
152,132,3644
152,133,3644
152,134,3644
152,135,3644
152,136,3644
152,137,3644
152,138,3644
152,139,3644
152,141,3644
152,144,3644
152,145,3644
152,146,3644
152,147,3644
152,148,3644
152,150,3644
153,1,3644
153,2,3644
153,3,3644
153,4,3644
153,5,3644
153,6,3644
153,7,3644
153,8,3644
153,9,3644
153,10,3644
153,11,3644
153,12,3644
153,13,3644
153,14,3644
153,15,3644
153,16,3644
153,17,3644
153,18,3644
153,19,3644
153,20,3644
153,21,3644
153,22,3644
153,23,3644
153,24,3644
153,25,3644
153,26,3644
153,27,3644
153,28,3644
153,29,3644
153,30,3644
153,31,3644
153,32,3644
153,33,3644
153,34,3644
153,35,3644
153,36,3644
153,37,3644
153,38,3644
153,39,3644
153,40,3644
153,41,3644
153,42,3644
153,43,3644
153,44,3644
153,45,3644
153,46,3644
153,47,3644
153,48,3644
153,49,3644
153,50,3644
153,51,3644
153,52,3644
153,53,3644
153,54,3644
153,55,3644
153,56,3644
153,57,3644
153,58,3644
153,59,3644
153,60,3644
153,61,3644
153,62,3644
153,63,3644
153,64,3644
153,65,3644
153,66,3644
153,67,3644
153,68,3644
153,69,3644
153,70,3644
153,71,3644
153,72,3644
153,73,3644
153,74,3644
153,75,3644
153,76,3644
153,77,3644
153,78,3644
153,79,3644
153,80,3644
153,81,3644
153,82,3644
153,83,3644
153,84,3644
153,85,3644
153,86,3644
153,87,3644
153,88,3644
153,89,3644
153,90,3644
153,91,3644
153,92,3644
153,93,3644
153,94,3644
153,95,3644
153,96,3644
153,97,3644
153,98,3644
153,99,3644
153,100,3644
153,101,3644
153,103,3644
153,104,3644
153,105,3644
153,106,3644
153,107,3644
153,110,3644
153,111,3644
153,112,3644
153,113,3644
153,114,3644
153,115,3644
153,116,3644
153,117,3644
153,118,3644
153,120,3644
153,121,3644
153,127,3644
153,128,3644
153,129,3644
153,130,3644
153,131,3644
153,132,3644
153,133,3644
153,134,3644
153,135,3644
153,136,3644
153,137,3644
153,138,3644
153,139,3644
153,141,3644
153,144,3644
153,145,3644
153,146,3644
153,147,3644
153,148,3644
153,150,3644
170,28,3644
170,29,3644
170,94,3644
170,95,3644
170,98,3644
170,99,3644
170,100,3644
170,101,3644
170,102,3644
170,103,3644
170,104,3644
170,105,3644
170,106,3644
170,107,3644
170,108,3644
170,109,3644
170,119,3644
170,122,3644
170,127,3644
170,149,3644
171,1,3644
171,2,3644
171,3,3644
171,4,3644
171,5,3644
171,6,3644
171,7,3644
171,8,3644
171,9,3644
171,10,3644
171,11,3644
171,12,3644
171,13,3644
171,14,3644
171,15,3644
171,16,3644
171,17,3644
171,18,3644
171,19,3644
171,20,3644
171,21,3644
171,22,3644
171,23,3644
171,24,3644
171,25,3644
171,26,3644
171,27,3644
171,28,3644
171,29,3644
171,30,3644
171,31,3644
171,32,3644
171,33,3644
171,34,3644
171,35,3644
171,36,3644
171,37,3644
171,38,3644
171,39,3644
171,40,3644
171,41,3644
171,42,3644
171,43,3644
171,44,3644
171,45,3644
171,46,3644
171,47,3644
171,48,3644
171,49,3644
171,50,3644
171,51,3644
171,52,3644
171,53,3644
171,54,3644
171,55,3644
171,56,3644
171,57,3644
171,58,3644
171,59,3644
171,60,3644
171,61,3644
171,62,3644
171,63,3644
171,64,3644
171,65,3644
171,66,3644
171,67,3644
171,68,3644
171,69,3644
171,70,3644
171,71,3644
171,72,3644
171,73,3644
171,74,3644
171,75,3644
171,76,3644
171,77,3644
171,78,3644
171,79,3644
171,80,3644
171,81,3644
171,82,3644
171,83,3644
171,84,3644
171,85,3644
171,86,3644
171,87,3644
171,88,3644
171,89,3644
171,90,3644
171,91,3644
171,92,3644
171,93,3644
171,94,3644
171,95,3644
171,96,3644
171,97,3644
171,98,3644
171,99,3644
171,100,3644
171,101,3644
171,103,3644
171,104,3644
171,105,3644
171,106,3644
171,107,3644
171,110,3644
171,111,3644
171,112,3644
171,113,3644
171,114,3644
171,115,3644
171,116,3644
171,117,3644
171,118,3644
171,120,3644
171,121,3644
171,127,3644
171,128,3644
171,129,3644
171,130,3644
171,131,3644
171,132,3644
171,133,3644
171,134,3644
171,135,3644
171,136,3644
171,137,3644
171,138,3644
171,139,3644
171,141,3644
171,144,3644
171,145,3644
171,146,3644
171,147,3644
171,148,3644
171,150,3644
172,1,3644
172,2,3644
172,3,3644
172,4,3644
172,5,3644
172,6,3644
172,7,3644
172,8,3644
172,9,3644
172,10,3644
172,11,3644
172,12,3644
172,13,3644
172,14,3644
172,15,3644
172,16,3644
172,17,3644
172,18,3644
172,19,3644
172,20,3644
172,21,3644
172,22,3644
172,23,3644
172,24,3644
172,25,3644
172,26,3644
172,27,3644
172,28,3644
172,29,3644
172,30,3644
172,31,3644
172,32,3644
172,33,3644
172,34,3644
172,35,3644
172,36,3644
172,37,3644
172,38,3644
172,39,3644
172,40,3644
172,41,3644
172,42,3644
172,43,3644
172,44,3644
172,45,3644
172,46,3644
172,47,3644
172,48,3644
172,49,3644
172,50,3644
172,51,3644
172,52,3644
172,53,3644
172,54,3644
172,55,3644
172,56,3644
172,57,3644
172,58,3644
172,59,3644
172,60,3644
172,61,3644
172,62,3644
172,63,3644
172,64,3644
172,65,3644
172,66,3644
172,67,3644
172,68,3644
172,69,3644
172,70,3644
172,71,3644
172,72,3644
172,73,3644
172,74,3644
172,75,3644
172,76,3644
172,77,3644
172,78,3644
172,79,3644
172,80,3644
172,81,3644
172,82,3644
172,83,3644
172,84,3644
172,85,3644
172,86,3644
172,87,3644
172,88,3644
172,89,3644
172,90,3644
172,91,3644
172,92,3644
172,93,3644
172,94,3644
172,95,3644
172,96,3644
172,97,3644
172,98,3644
172,99,3644
172,100,3644
172,101,3644
172,103,3644
172,104,3644
172,105,3644
172,106,3644
172,107,3644
172,110,3644
172,111,3644
172,112,3644
172,113,3644
172,114,3644
172,115,3644
172,116,3644
172,117,3644
172,118,3644
172,120,3644
172,121,3644
172,127,3644
172,128,3644
172,129,3644
172,130,3644
172,131,3644
172,132,3644
172,133,3644
172,134,3644
172,135,3644
172,136,3644
172,137,3644
172,138,3644
172,139,3644
172,141,3644
172,144,3644
172,145,3644
172,146,3644
172,147,3644
172,148,3644
172,150,3644
173,1,3644
173,2,3644
173,3,3644
173,4,3644
173,5,3644
173,6,3644
173,7,3644
173,8,3644
173,9,3644
173,10,3644
173,11,3644
173,12,3644
173,13,3644
173,14,3644
173,15,3644
173,16,3644
173,17,3644
173,18,3644
173,19,3644
173,20,3644
173,21,3644
173,22,3644
173,23,3644
173,24,3644
173,25,3644
173,26,3644
173,27,3644
173,28,3644
173,29,3644
173,30,3644
173,31,3644
173,32,3644
173,33,3644
173,34,3644
173,35,3644
173,36,3644
173,37,3644
173,38,3644
173,39,3644
173,40,3644
173,41,3644
173,42,3644
173,43,3644
173,44,3644
173,45,3644
173,46,3644
173,47,3644
173,48,3644
173,49,3644
173,50,3644
173,51,3644
173,52,3644
173,53,3644
173,54,3644
173,55,3644
173,56,3644
173,57,3644
173,58,3644
173,59,3644
173,60,3644
173,61,3644
173,62,3644
173,63,3644
173,64,3644
173,65,3644
173,66,3644
173,67,3644
173,68,3644
173,69,3644
173,70,3644
173,71,3644
173,72,3644
173,73,3644
173,74,3644
173,75,3644
173,76,3644
173,77,3644
173,78,3644
173,79,3644
173,80,3644
173,81,3644
173,82,3644
173,83,3644
173,84,3644
173,85,3644
173,86,3644
173,87,3644
173,88,3644
173,89,3644
173,90,3644
173,91,3644
173,92,3644
173,93,3644
173,94,3644
173,95,3644
173,96,3644
173,97,3644
173,98,3644
173,99,3644
173,100,3644
173,101,3644
173,103,3644
173,104,3644
173,105,3644
173,106,3644
173,107,3644
173,110,3644
173,111,3644
173,112,3644
173,113,3644
173,114,3644
173,115,3644
173,116,3644
173,117,3644
173,118,3644
173,120,3644
173,121,3644
173,127,3644
173,128,3644
173,129,3644
173,130,3644
173,131,3644
173,132,3644
173,133,3644
173,134,3644
173,135,3644
173,136,3644
173,137,3644
173,138,3644
173,139,3644
173,141,3644
173,144,3644
173,145,3644
173,146,3644
173,147,3644
173,148,3644
173,150,3644
174,1,3644
174,2,3644
174,3,3644
174,4,3644
174,5,3644
174,6,3644
174,7,3644
174,8,3644
174,9,3644
174,10,3644
174,11,3644
174,12,3644
174,13,3644
174,14,3644
174,15,3644
174,16,3644
174,17,3644
174,18,3644
174,19,3644
174,20,3644
174,21,3644
174,22,3644
174,23,3644
174,24,3644
174,25,3644
174,26,3644
174,27,3644
174,28,3644
174,29,3644
174,30,3644
174,31,3644
174,32,3644
174,33,3644
174,34,3644
174,35,3644
174,36,3644
174,37,3644
174,38,3644
174,39,3644
174,40,3644
174,41,3644
174,42,3644
174,43,3644
174,44,3644
174,45,3644
174,46,3644
174,47,3644
174,48,3644
174,49,3644
174,50,3644
174,51,3644
174,52,3644
174,53,3644
174,54,3644
174,55,3644
174,56,3644
174,57,3644
174,58,3644
174,59,3644
174,60,3644
174,61,3644
174,62,3644
174,63,3644
174,64,3644
174,65,3644
174,66,3644
174,67,3644
174,68,3644
174,69,3644
174,70,3644
174,71,3644
174,72,3644
174,73,3644
174,74,3644
174,75,3644
174,76,3644
174,77,3644
174,78,3644
174,79,3644
174,80,3644
174,81,3644
174,82,3644
174,83,3644
174,84,3644
174,85,3644
174,86,3644
174,87,3644
174,88,3644
174,89,3644
174,90,3644
174,91,3644
174,92,3644
174,93,3644
174,94,3644
174,95,3644
174,96,3644
174,97,3644
174,98,3644
174,99,3644
174,100,3644
174,101,3644
174,103,3644
174,104,3644
174,105,3644
174,106,3644
174,107,3644
174,110,3644
174,111,3644
174,112,3644
174,113,3644
174,114,3644
174,115,3644
174,116,3644
174,117,3644
174,118,3644
174,120,3644
174,121,3644
174,127,3644
174,128,3644
174,129,3644
174,130,3644
174,131,3644
174,132,3644
174,133,3644
174,134,3644
174,135,3644
174,136,3644
174,137,3644
174,138,3644
174,139,3644
174,141,3644
174,144,3644
174,145,3644
174,146,3644
174,147,3644
174,148,3644
174,150,3644
175,1,3644
175,2,3644
175,3,3644
175,4,3644
175,5,3644
175,6,3644
175,7,3644
175,8,3644
175,9,3644
175,10,3644
175,11,3644
175,12,3644
175,13,3644
175,14,3644
175,15,3644
175,16,3644
175,17,3644
175,18,3644
175,19,3644
175,20,3644
175,21,3644
175,22,3644
175,23,3644
175,24,3644
175,25,3644
175,26,3644
175,27,3644
175,28,3644
175,29,3644
175,30,3644
175,31,3644
175,32,3644
175,33,3644
175,34,3644
175,35,3644
175,36,3644
175,37,3644
175,38,3644
175,39,3644
175,40,3644
175,41,3644
175,42,3644
175,43,3644
175,44,3644
175,45,3644
175,46,3644
175,47,3644
175,48,3644
175,49,3644
175,50,3644
175,51,3644
175,52,3644
175,53,3644
175,54,3644
175,55,3644
175,56,3644
175,57,3644
175,58,3644
175,59,3644
175,60,3644
175,61,3644
175,62,3644
175,63,3644
175,64,3644
175,65,3644
175,66,3644
175,67,3644
175,68,3644
175,69,3644
175,70,3644
175,71,3644
175,72,3644
175,73,3644
175,74,3644
175,75,3644
175,76,3644
175,77,3644
175,78,3644
175,79,3644
175,80,3644
175,81,3644
175,82,3644
175,83,3644
175,84,3644
175,85,3644
175,86,3644
175,87,3644
175,88,3644
175,89,3644
175,90,3644
175,91,3644
175,92,3644
175,93,3644
175,94,3644
175,95,3644
175,96,3644
175,97,3644
175,98,3644
175,99,3644
175,100,3644
175,101,3644
175,103,3644
175,104,3644
175,105,3644
175,106,3644
175,107,3644
175,110,3644
175,111,3644
175,112,3644
175,113,3644
175,114,3644
175,115,3644
175,116,3644
175,117,3644
175,118,3644
175,120,3644
175,121,3644
175,127,3644
175,128,3644
175,129,3644
175,130,3644
175,131,3644
175,132,3644
175,133,3644
175,134,3644
175,135,3644
175,136,3644
175,137,3644
175,138,3644
175,139,3644
175,141,3644
175,144,3644
175,145,3644
175,146,3644
175,147,3644
175,148,3644
175,150,3644
176,1,3644
176,2,3644
176,3,3644
176,4,3644
176,5,3644
176,6,3644
176,7,3644
176,8,3644
176,9,3644
176,10,3644
176,11,3644
176,12,3644
176,13,3644
176,14,3644
176,15,3644
176,16,3644
176,17,3644
176,18,3644
176,19,3644
176,20,3644
176,21,3644
176,22,3644
176,23,3644
176,24,3644
176,25,3644
176,26,3644
176,27,3644
176,28,3644
176,29,3644
176,30,3644
176,31,3644
176,32,3644
176,33,3644
176,34,3644
176,35,3644
176,36,3644
176,37,3644
176,38,3644
176,39,3644
176,40,3644
176,41,3644
176,42,3644
176,43,3644
176,44,3644
176,45,3644
176,46,3644
176,47,3644
176,48,3644
176,49,3644
176,50,3644
176,51,3644
176,52,3644
176,53,3644
176,54,3644
176,55,3644
176,56,3644
176,57,3644
176,58,3644
176,59,3644
176,60,3644
176,61,3644
176,62,3644
176,63,3644
176,64,3644
176,65,3644
176,66,3644
176,67,3644
176,68,3644
176,69,3644
176,70,3644
176,71,3644
176,72,3644
176,73,3644
176,74,3644
176,75,3644
176,76,3644
176,77,3644
176,78,3644
176,79,3644
176,80,3644
176,81,3644
176,82,3644
176,83,3644
176,84,3644
176,85,3644
176,86,3644
176,87,3644
176,88,3644
176,89,3644
176,90,3644
176,91,3644
176,92,3644
176,93,3644
176,94,3644
176,95,3644
176,96,3644
176,97,3644
176,98,3644
176,99,3644
176,100,3644
176,101,3644
176,103,3644
176,104,3644
176,105,3644
176,106,3644
176,107,3644
176,110,3644
176,111,3644
176,112,3644
176,113,3644
176,114,3644
176,115,3644
176,116,3644
176,117,3644
176,118,3644
176,120,3644
176,121,3644
176,127,3644
176,128,3644
176,129,3644
176,130,3644
176,131,3644
176,132,3644
176,133,3644
176,134,3644
176,135,3644
176,136,3644
176,137,3644
176,138,3644
176,139,3644
176,141,3644
176,144,3644
176,145,3644
176,146,3644
176,147,3644
176,148,3644
176,150,3644
177,1,3644
177,2,3644
177,3,3644
177,4,3644
177,5,3644
177,6,3644
177,7,3644
177,8,3644
177,9,3644
177,10,3644
177,11,3644
177,12,3644
177,13,3644
177,14,3644
177,15,3644
177,16,3644
177,17,3644
177,18,3644
177,19,3644
177,20,3644
177,21,3644
177,22,3644
177,23,3644
177,24,3644
177,25,3644
177,26,3644
177,27,3644
177,28,3644
177,29,3644
177,30,3644
177,31,3644
177,32,3644
177,33,3644
177,34,3644
177,35,3644
177,36,3644
177,37,3644
177,38,3644
177,39,3644
177,40,3644
177,41,3644
177,42,3644
177,43,3644
177,44,3644
177,45,3644
177,46,3644
177,47,3644
177,48,3644
177,49,3644
177,50,3644
177,51,3644
177,52,3644
177,53,3644
177,54,3644
177,55,3644
177,56,3644
177,57,3644
177,58,3644
177,59,3644
177,60,3644
177,61,3644
177,62,3644
177,63,3644
177,64,3644
177,65,3644
177,66,3644
177,67,3644
177,68,3644
177,69,3644
177,70,3644
177,71,3644
177,72,3644
177,73,3644
177,74,3644
177,75,3644
177,76,3644
177,77,3644
177,78,3644
177,79,3644
177,80,3644
177,81,3644
177,82,3644
177,83,3644
177,84,3644
177,85,3644
177,86,3644
177,87,3644
177,88,3644
177,89,3644
177,90,3644
177,91,3644
177,92,3644
177,93,3644
177,94,3644
177,95,3644
177,96,3644
177,97,3644
177,98,3644
177,99,3644
177,100,3644
177,101,3644
177,103,3644
177,104,3644
177,105,3644
177,106,3644
177,107,3644
177,110,3644
177,111,3644
177,112,3644
177,113,3644
177,114,3644
177,115,3644
177,116,3644
177,117,3644
177,118,3644
177,120,3644
177,121,3644
177,127,3644
177,128,3644
177,129,3644
177,130,3644
177,131,3644
177,132,3644
177,133,3644
177,134,3644
177,135,3644
177,136,3644
177,137,3644
177,138,3644
177,139,3644
177,141,3644
177,144,3644
177,145,3644
177,146,3644
177,147,3644
177,148,3644
177,150,3644
178,1,3644
178,2,3644
178,3,3644
178,4,3644
178,5,3644
178,6,3644
178,7,3644
178,8,3644
178,9,3644
178,10,3644
178,11,3644
178,12,3644
178,13,3644
178,14,3644
178,15,3644
178,16,3644
178,17,3644
178,18,3644
178,19,3644
178,20,3644
178,21,3644
178,22,3644
178,23,3644
178,24,3644
178,25,3644
178,26,3644
178,27,3644
178,28,3644
178,29,3644
178,30,3644
178,31,3644
178,32,3644
178,33,3644
178,34,3644
178,35,3644
178,36,3644
178,37,3644
178,38,3644
178,39,3644
178,40,3644
178,41,3644
178,42,3644
178,43,3644
178,44,3644
178,45,3644
178,46,3644
178,47,3644
178,48,3644
178,49,3644
178,50,3644
178,51,3644
178,52,3644
178,53,3644
178,54,3644
178,55,3644
178,56,3644
178,57,3644
178,58,3644
178,59,3644
178,60,3644
178,61,3644
178,62,3644
178,63,3644
178,64,3644
178,65,3644
178,66,3644
178,67,3644
178,68,3644
178,69,3644
178,70,3644
178,71,3644
178,72,3644
178,73,3644
178,74,3644
178,75,3644
178,76,3644
178,77,3644
178,78,3644
178,79,3644
178,80,3644
178,81,3644
178,82,3644
178,83,3644
178,84,3644
178,85,3644
178,86,3644
178,87,3644
178,88,3644
178,89,3644
178,90,3644
178,91,3644
178,92,3644
178,93,3644
178,94,3644
178,95,3644
178,96,3644
178,97,3644
178,98,3644
178,99,3644
178,100,3644
178,101,3644
178,103,3644
178,104,3644
178,105,3644
178,106,3644
178,107,3644
178,110,3644
178,111,3644
178,112,3644
178,113,3644
178,114,3644
178,115,3644
178,116,3644
178,117,3644
178,118,3644
178,120,3644
178,121,3644
178,127,3644
178,128,3644
178,129,3644
178,130,3644
178,131,3644
178,132,3644
178,133,3644
178,134,3644
178,135,3644
178,136,3644
178,137,3644
178,138,3644
178,139,3644
178,141,3644
178,144,3644
178,145,3644
178,146,3644
178,147,3644
178,148,3644
178,150,3644
185,1,3644
185,2,3644
185,3,3644
185,4,3644
185,5,3644
185,6,3644
185,7,3644
185,8,3644
185,9,3644
185,10,3644
185,11,3644
185,12,3644
185,13,3644
185,14,3644
185,15,3644
185,16,3644
185,17,3644
185,18,3644
185,19,3644
185,20,3644
185,21,3644
185,22,3644
185,23,3644
185,24,3644
185,25,3644
185,26,3644
185,27,3644
185,28,3644
185,29,3644
185,30,3644
185,31,3644
185,32,3644
185,33,3644
185,34,3644
185,35,3644
185,36,3644
185,37,3644
185,38,3644
185,39,3644
185,40,3644
185,41,3644
185,42,3644
185,43,3644
185,44,3644
185,45,3644
185,46,3644
185,47,3644
185,48,3644
185,49,3644
185,50,3644
185,51,3644
185,52,3644
185,53,3644
185,54,3644
185,55,3644
185,56,3644
185,57,3644
185,58,3644
185,59,3644
185,60,3644
185,61,3644
185,62,3644
185,63,3644
185,64,3644
185,65,3644
185,66,3644
185,67,3644
185,68,3644
185,69,3644
185,70,3644
185,71,3644
185,72,3644
185,73,3644
185,74,3644
185,75,3644
185,76,3644
185,77,3644
185,78,3644
185,79,3644
185,80,3644
185,81,3644
185,82,3644
185,83,3644
185,84,3644
185,85,3644
185,86,3644
185,87,3644
185,88,3644
185,89,3644
185,90,3644
185,91,3644
185,92,3644
185,93,3644
185,94,3644
185,95,3644
185,96,3644
185,97,3644
185,98,3644
185,99,3644
185,100,3644
185,101,3644
185,102,3644
185,103,3644
185,104,3644
185,105,3644
185,106,3644
185,107,3644
185,108,3644
185,109,3644
185,110,3644
185,111,3644
185,112,3644
185,113,3644
185,114,3644
185,115,3644
185,116,3644
185,117,3644
185,118,3644
185,119,3644
185,120,3644
185,121,3644
185,122,3644
185,123,3644
185,124,3644
185,125,3644
185,126,3644
185,127,3644
185,128,3644
185,129,3644
185,130,3644
185,131,3644
185,132,3644
185,133,3644
185,134,3644
185,135,3644
185,136,3644
185,137,3644
185,138,3644
185,139,3644
185,141,3644
185,142,3644
185,144,3644
185,145,3644
185,146,3644
185,147,3644
185,148,3644
185,149,3644
185,150,3644
186,1,3644
186,2,3644
186,3,3644
186,4,3644
186,5,3644
186,6,3644
186,7,3644
186,8,3644
186,9,3644
186,10,3644
186,11,3644
186,12,3644
186,13,3644
186,14,3644
186,15,3644
186,16,3644
186,17,3644
186,18,3644
186,19,3644
186,20,3644
186,21,3644
186,22,3644
186,23,3644
186,24,3644
186,25,3644
186,26,3644
186,27,3644
186,28,3644
186,29,3644
186,30,3644
186,31,3644
186,32,3644
186,33,3644
186,34,3644
186,35,3644
186,36,3644
186,37,3644
186,38,3644
186,39,3644
186,40,3644
186,41,3644
186,42,3644
186,43,3644
186,44,3644
186,45,3644
186,46,3644
186,47,3644
186,48,3644
186,49,3644
186,50,3644
186,51,3644
186,52,3644
186,53,3644
186,54,3644
186,55,3644
186,56,3644
186,57,3644
186,58,3644
186,59,3644
186,60,3644
186,61,3644
186,62,3644
186,63,3644
186,64,3644
186,65,3644
186,66,3644
186,67,3644
186,68,3644
186,69,3644
186,70,3644
186,71,3644
186,72,3644
186,73,3644
186,74,3644
186,75,3644
186,76,3644
186,77,3644
186,78,3644
186,79,3644
186,80,3644
186,81,3644
186,82,3644
186,83,3644
186,84,3644
186,85,3644
186,86,3644
186,87,3644
186,88,3644
186,89,3644
186,90,3644
186,91,3644
186,92,3644
186,93,3644
186,94,3644
186,95,3644
186,96,3644
186,97,3644
186,98,3644
186,99,3644
186,100,3644
186,101,3644
186,102,3644
186,103,3644
186,104,3644
186,105,3644
186,106,3644
186,107,3644
186,108,3644
186,109,3644
186,110,3644
186,111,3644
186,112,3644
186,113,3644
186,114,3644
186,115,3644
186,116,3644
186,117,3644
186,118,3644
186,119,3644
186,120,3644
186,121,3644
186,122,3644
186,123,3644
186,124,3644
186,125,3644
186,126,3644
186,127,3644
186,128,3644
186,129,3644
186,130,3644
186,131,3644
186,132,3644
186,133,3644
186,134,3644
186,135,3644
186,136,3644
186,137,3644
186,138,3644
186,139,3644
186,141,3644
186,142,3644
186,144,3644
186,145,3644
186,146,3644
186,147,3644
186,148,3644
186,149,3644
186,150,3644
187,1,3644
187,2,3644
187,3,3644
187,4,3644
187,5,3644
187,6,3644
187,7,3644
187,8,3644
187,9,3644
187,10,3644
187,11,3644
187,12,3644
187,13,3644
187,14,3644
187,15,3644
187,16,3644
187,17,3644
187,18,3644
187,19,3644
187,20,3644
187,21,3644
187,22,3644
187,23,3644
187,24,3644
187,25,3644
187,26,3644
187,27,3644
187,28,3644
187,29,3644
187,30,3644
187,31,3644
187,32,3644
187,33,3644
187,34,3644
187,35,3644
187,36,3644
187,37,3644
187,38,3644
187,39,3644
187,40,3644
187,41,3644
187,42,3644
187,43,3644
187,44,3644
187,45,3644
187,46,3644
187,47,3644
187,48,3644
187,49,3644
187,50,3644
187,51,3644
187,52,3644
187,53,3644
187,54,3644
187,55,3644
187,56,3644
187,57,3644
187,58,3644
187,59,3644
187,60,3644
187,61,3644
187,62,3644
187,63,3644
187,64,3644
187,65,3644
187,66,3644
187,67,3644
187,68,3644
187,69,3644
187,70,3644
187,71,3644
187,72,3644
187,73,3644
187,74,3644
187,75,3644
187,76,3644
187,77,3644
187,78,3644
187,79,3644
187,80,3644
187,81,3644
187,82,3644
187,83,3644
187,84,3644
187,85,3644
187,86,3644
187,87,3644
187,88,3644
187,89,3644
187,90,3644
187,91,3644
187,92,3644
187,93,3644
187,94,3644
187,95,3644
187,96,3644
187,97,3644
187,98,3644
187,99,3644
187,100,3644
187,101,3644
187,102,3644
187,103,3644
187,104,3644
187,105,3644
187,106,3644
187,107,3644
187,108,3644
187,109,3644
187,110,3644
187,111,3644
187,112,3644
187,113,3644
187,114,3644
187,115,3644
187,116,3644
187,117,3644
187,118,3644
187,119,3644
187,120,3644
187,121,3644
187,122,3644
187,123,3644
187,124,3644
187,125,3644
187,126,3644
187,127,3644
187,128,3644
187,129,3644
187,130,3644
187,131,3644
187,132,3644
187,133,3644
187,134,3644
187,135,3644
187,136,3644
187,137,3644
187,138,3644
187,139,3644
187,141,3644
187,142,3644
187,144,3644
187,145,3644
187,146,3644
187,147,3644
187,148,3644
187,149,3644
187,150,3644
191,1,3644
191,2,3644
191,3,3644
191,4,3644
191,5,3644
191,6,3644
191,7,3644
191,8,3644
191,9,3644
191,10,3644
191,11,3644
191,12,3644
191,13,3644
191,14,3644
191,15,3644
191,16,3644
191,17,3644
191,18,3644
191,19,3644
191,20,3644
191,21,3644
191,22,3644
191,23,3644
191,24,3644
191,25,3644
191,26,3644
191,27,3644
191,28,3644
191,29,3644
191,30,3644
191,31,3644
191,32,3644
191,33,3644
191,34,3644
191,35,3644
191,36,3644
191,37,3644
191,38,3644
191,39,3644
191,40,3644
191,41,3644
191,42,3644
191,43,3644
191,44,3644
191,45,3644
191,46,3644
191,47,3644
191,48,3644
191,49,3644
191,50,3644
191,51,3644
191,52,3644
191,53,3644
191,54,3644
191,55,3644
191,56,3644
191,57,3644
191,58,3644
191,59,3644
191,60,3644
191,61,3644
191,62,3644
191,63,3644
191,64,3644
191,65,3644
191,66,3644
191,67,3644
191,68,3644
191,69,3644
191,70,3644
191,71,3644
191,72,3644
191,73,3644
191,74,3644
191,75,3644
191,76,3644
191,77,3644
191,78,3644
191,79,3644
191,80,3644
191,81,3644
191,82,3644
191,83,3644
191,84,3644
191,85,3644
191,86,3644
191,87,3644
191,88,3644
191,89,3644
191,90,3644
191,91,3644
191,92,3644
191,93,3644
191,94,3644
191,95,3644
191,96,3644
191,97,3644
191,98,3644
191,99,3644
191,100,3644
191,101,3644
191,102,3644
191,103,3644
191,104,3644
191,105,3644
191,106,3644
191,107,3644
191,108,3644
191,109,3644
191,110,3644
191,111,3644
191,112,3644
191,113,3644
191,114,3644
191,115,3644
191,116,3644
191,117,3644
191,118,3644
191,119,3644
191,120,3644
191,121,3644
191,122,3644
191,123,3644
191,124,3644
191,125,3644
191,126,3644
191,127,3644
191,128,3644
191,129,3644
191,130,3644
191,131,3644
191,132,3644
191,133,3644
191,134,3644
191,135,3644
191,136,3644
191,137,3644
191,138,3644
191,139,3644
191,141,3644
191,142,3644
191,144,3644
191,145,3644
191,146,3644
191,147,3644
191,148,3644
191,149,3644
191,150,3644
192,1,3644
192,2,3644
192,3,3644
192,4,3644
192,5,3644
192,6,3644
192,7,3644
192,8,3644
192,9,3644
192,10,3644
192,11,3644
192,12,3644
192,13,3644
192,14,3644
192,15,3644
192,16,3644
192,17,3644
192,18,3644
192,19,3644
192,20,3644
192,21,3644
192,22,3644
192,23,3644
192,24,3644
192,25,3644
192,26,3644
192,27,3644
192,28,3644
192,29,3644
192,30,3644
192,31,3644
192,32,3644
192,33,3644
192,34,3644
192,35,3644
192,36,3644
192,37,3644
192,38,3644
192,39,3644
192,40,3644
192,41,3644
192,42,3644
192,43,3644
192,44,3644
192,45,3644
192,46,3644
192,47,3644
192,48,3644
192,49,3644
192,50,3644
192,51,3644
192,52,3644
192,53,3644
192,54,3644
192,55,3644
192,56,3644
192,57,3644
192,58,3644
192,59,3644
192,60,3644
192,61,3644
192,62,3644
192,63,3644
192,64,3644
192,65,3644
192,66,3644
192,67,3644
192,68,3644
192,69,3644
192,70,3644
192,71,3644
192,72,3644
192,73,3644
192,74,3644
192,75,3644
192,76,3644
192,77,3644
192,78,3644
192,79,3644
192,80,3644
192,81,3644
192,82,3644
192,83,3644
192,84,3644
192,85,3644
192,86,3644
192,87,3644
192,88,3644
192,89,3644
192,90,3644
192,91,3644
192,92,3644
192,93,3644
192,94,3644
192,95,3644
192,96,3644
192,97,3644
192,98,3644
192,99,3644
192,100,3644
192,101,3644
192,102,3644
192,103,3644
192,104,3644
192,105,3644
192,106,3644
192,107,3644
192,108,3644
192,109,3644
192,110,3644
192,111,3644
192,112,3644
192,113,3644
192,114,3644
192,115,3644
192,116,3644
192,117,3644
192,118,3644
192,119,3644
192,120,3644
192,121,3644
192,122,3644
192,123,3644
192,124,3644
192,125,3644
192,126,3644
192,127,3644
192,128,3644
192,129,3644
192,130,3644
192,131,3644
192,132,3644
192,133,3644
192,134,3644
192,135,3644
192,136,3644
192,137,3644
192,138,3644
192,139,3644
192,141,3644
192,142,3644
192,144,3644
192,145,3644
192,146,3644
192,147,3644
192,148,3644
192,149,3644
192,150,3644
199,28,3644
199,29,3644
199,94,3644
199,95,3644
199,98,3644
199,99,3644
199,100,3644
199,101,3644
199,102,3644
199,103,3644
199,104,3644
199,105,3644
199,106,3644
199,107,3644
199,108,3644
199,109,3644
199,119,3644
199,122,3644
199,127,3644
199,149,3644
226,1,3644
226,2,3644
226,3,3644
226,4,3644
226,5,3644
226,6,3644
226,7,3644
226,8,3644
226,9,3644
226,10,3644
226,11,3644
226,12,3644
226,13,3644
226,14,3644
226,15,3644
226,16,3644
226,17,3644
226,18,3644
226,19,3644
226,20,3644
226,21,3644
226,22,3644
226,23,3644
226,24,3644
226,25,3644
226,26,3644
226,27,3644
226,28,3644
226,29,3644
226,30,3644
226,31,3644
226,32,3644
226,33,3644
226,34,3644
226,35,3644
226,36,3644
226,37,3644
226,38,3644
226,39,3644
226,40,3644
226,41,3644
226,42,3644
226,43,3644
226,44,3644
226,45,3644
226,46,3644
226,47,3644
226,48,3644
226,49,3644
226,50,3644
226,51,3644
226,52,3644
226,53,3644
226,54,3644
226,55,3644
226,56,3644
226,57,3644
226,58,3644
226,59,3644
226,60,3644
226,61,3644
226,62,3644
226,63,3644
226,64,3644
226,65,3644
226,66,3644
226,67,3644
226,68,3644
226,69,3644
226,70,3644
226,71,3644
226,72,3644
226,73,3644
226,74,3644
226,75,3644
226,76,3644
226,77,3644
226,78,3644
226,79,3644
226,80,3644
226,81,3644
226,82,3644
226,83,3644
226,84,3644
226,85,3644
226,86,3644
226,87,3644
226,88,3644
226,89,3644
226,90,3644
226,91,3644
226,92,3644
226,93,3644
226,94,3644
226,95,3644
226,96,3644
226,97,3644
226,98,3644
226,99,3644
226,100,3644
226,101,3644
226,102,3644
226,103,3644
226,104,3644
226,105,3644
226,106,3644
226,107,3644
226,108,3644
226,109,3644
226,110,3644
226,111,3644
226,112,3644
226,113,3644
226,114,3644
226,115,3644
226,116,3644
226,117,3644
226,118,3644
226,119,3644
226,120,3644
226,121,3644
226,122,3644
226,123,3644
226,124,3644
226,125,3644
226,126,3644
226,127,3644
226,128,3644
226,129,3644
226,130,3644
226,131,3644
226,132,3644
226,133,3644
226,134,3644
226,135,3644
226,136,3644
226,137,3644
226,138,3644
226,139,3644
226,141,3644
226,142,3644
226,144,3644
226,145,3644
226,146,3644
226,147,3644
226,148,3644
226,149,3644
226,150,3644
227,1,3644
227,2,3644
227,3,3644
227,4,3644
227,5,3644
227,6,3644
227,7,3644
227,8,3644
227,9,3644
227,10,3644
227,11,3644
227,12,3644
227,13,3644
227,14,3644
227,15,3644
227,16,3644
227,17,3644
227,18,3644
227,19,3644
227,20,3644
227,21,3644
227,22,3644
227,23,3644
227,24,3644
227,25,3644
227,26,3644
227,27,3644
227,28,3644
227,29,3644
227,30,3644
227,31,3644
227,32,3644
227,33,3644
227,34,3644
227,35,3644
227,36,3644
227,37,3644
227,38,3644
227,39,3644
227,40,3644
227,41,3644
227,42,3644
227,43,3644
227,44,3644
227,45,3644
227,46,3644
227,47,3644
227,48,3644
227,49,3644
227,50,3644
227,51,3644
227,52,3644
227,53,3644
227,54,3644
227,55,3644
227,56,3644
227,57,3644
227,58,3644
227,59,3644
227,60,3644
227,61,3644
227,62,3644
227,63,3644
227,64,3644
227,65,3644
227,66,3644
227,67,3644
227,68,3644
227,69,3644
227,70,3644
227,71,3644
227,72,3644
227,73,3644
227,74,3644
227,75,3644
227,76,3644
227,77,3644
227,78,3644
227,79,3644
227,80,3644
227,81,3644
227,82,3644
227,83,3644
227,84,3644
227,85,3644
227,86,3644
227,87,3644
227,88,3644
227,89,3644
227,90,3644
227,91,3644
227,92,3644
227,93,3644
227,94,3644
227,95,3644
227,96,3644
227,97,3644
227,98,3644
227,99,3644
227,100,3644
227,101,3644
227,102,3644
227,103,3644
227,104,3644
227,105,3644
227,106,3644
227,107,3644
227,108,3644
227,109,3644
227,110,3644
227,111,3644
227,112,3644
227,113,3644
227,114,3644
227,115,3644
227,116,3644
227,117,3644
227,118,3644
227,119,3644
227,120,3644
227,121,3644
227,122,3644
227,123,3644
227,124,3644
227,125,3644
227,126,3644
227,127,3644
227,128,3644
227,129,3644
227,130,3644
227,131,3644
227,132,3644
227,133,3644
227,134,3644
227,135,3644
227,136,3644
227,137,3644
227,138,3644
227,139,3644
227,141,3644
227,142,3644
227,144,3644
227,145,3644
227,146,3644
227,147,3644
227,148,3644
227,149,3644
227,150,3644
228,1,3644
228,2,3644
228,3,3644
228,4,3644
228,5,3644
228,6,3644
228,7,3644
228,8,3644
228,9,3644
228,10,3644
228,11,3644
228,12,3644
228,13,3644
228,14,3644
228,15,3644
228,16,3644
228,17,3644
228,18,3644
228,19,3644
228,20,3644
228,21,3644
228,22,3644
228,23,3644
228,24,3644
228,25,3644
228,26,3644
228,27,3644
228,28,3644
228,29,3644
228,30,3644
228,31,3644
228,32,3644
228,33,3644
228,34,3644
228,35,3644
228,36,3644
228,37,3644
228,38,3644
228,39,3644
228,40,3644
228,41,3644
228,42,3644
228,43,3644
228,44,3644
228,45,3644
228,46,3644
228,47,3644
228,48,3644
228,49,3644
228,50,3644
228,51,3644
228,52,3644
228,53,3644
228,54,3644
228,55,3644
228,56,3644
228,57,3644
228,58,3644
228,59,3644
228,60,3644
228,61,3644
228,62,3644
228,63,3644
228,64,3644
228,65,3644
228,66,3644
228,67,3644
228,68,3644
228,69,3644
228,70,3644
228,71,3644
228,72,3644
228,73,3644
228,74,3644
228,75,3644
228,76,3644
228,77,3644
228,78,3644
228,79,3644
228,80,3644
228,81,3644
228,82,3644
228,83,3644
228,84,3644
228,85,3644
228,86,3644
228,87,3644
228,88,3644
228,89,3644
228,90,3644
228,91,3644
228,92,3644
228,93,3644
228,94,3644
228,95,3644
228,96,3644
228,97,3644
228,98,3644
228,99,3644
228,100,3644
228,101,3644
228,102,3644
228,103,3644
228,104,3644
228,105,3644
228,106,3644
228,107,3644
228,108,3644
228,109,3644
228,110,3644
228,111,3644
228,112,3644
228,113,3644
228,114,3644
228,115,3644
228,116,3644
228,117,3644
228,118,3644
228,119,3644
228,120,3644
228,121,3644
228,122,3644
228,123,3644
228,124,3644
228,125,3644
228,126,3644
228,127,3644
228,128,3644
228,129,3644
228,130,3644
228,131,3644
228,132,3644
228,133,3644
228,134,3644
228,135,3644
228,136,3644
228,137,3644
228,138,3644
228,139,3644
228,141,3644
228,142,3644
228,144,3644
228,145,3644
228,146,3644
228,147,3644
228,148,3644
228,149,3644
228,150,3644
229,1,3644
229,2,3644
229,3,3644
229,4,3644
229,5,3644
229,6,3644
229,7,3644
229,8,3644
229,9,3644
229,10,3644
229,11,3644
229,12,3644
229,13,3644
229,14,3644
229,15,3644
229,16,3644
229,17,3644
229,18,3644
229,19,3644
229,20,3644
229,21,3644
229,22,3644
229,23,3644
229,24,3644
229,25,3644
229,26,3644
229,27,3644
229,28,3644
229,29,3644
229,30,3644
229,31,3644
229,32,3644
229,33,3644
229,34,3644
229,35,3644
229,36,3644
229,37,3644
229,38,3644
229,39,3644
229,40,3644
229,41,3644
229,42,3644
229,43,3644
229,44,3644
229,45,3644
229,46,3644
229,47,3644
229,48,3644
229,49,3644
229,50,3644
229,51,3644
229,52,3644
229,53,3644
229,54,3644
229,55,3644
229,56,3644
229,57,3644
229,58,3644
229,59,3644
229,60,3644
229,61,3644
229,62,3644
229,63,3644
229,64,3644
229,65,3644
229,66,3644
229,67,3644
229,68,3644
229,69,3644
229,70,3644
229,71,3644
229,72,3644
229,73,3644
229,74,3644
229,75,3644
229,76,3644
229,77,3644
229,78,3644
229,79,3644
229,80,3644
229,81,3644
229,82,3644
229,83,3644
229,84,3644
229,85,3644
229,86,3644
229,87,3644
229,88,3644
229,89,3644
229,90,3644
229,91,3644
229,92,3644
229,93,3644
229,94,3644
229,95,3644
229,96,3644
229,97,3644
229,98,3644
229,99,3644
229,100,3644
229,101,3644
229,102,3644
229,103,3644
229,104,3644
229,105,3644
229,106,3644
229,107,3644
229,108,3644
229,109,3644
229,110,3644
229,111,3644
229,112,3644
229,113,3644
229,114,3644
229,115,3644
229,116,3644
229,117,3644
229,118,3644
229,119,3644
229,120,3644
229,121,3644
229,122,3644
229,123,3644
229,124,3644
229,125,3644
229,126,3644
229,127,3644
229,128,3644
229,129,3644
229,130,3644
229,131,3644
229,132,3644
229,133,3644
229,134,3644
229,135,3644
229,136,3644
229,137,3644
229,138,3644
229,139,3644
229,141,3644
229,142,3644
229,144,3644
229,145,3644
229,146,3644
229,147,3644
229,148,3644
229,149,3644
229,150,3644
231,1,3644
231,2,3644
231,3,3644
231,4,3644
231,5,3644
231,6,3644
231,7,3644
231,8,3644
231,9,3644
231,10,3644
231,11,3644
231,12,3644
231,13,3644
231,14,3644
231,15,3644
231,16,3644
231,17,3644
231,18,3644
231,19,3644
231,20,3644
231,21,3644
231,22,3644
231,23,3644
231,24,3644
231,25,3644
231,26,3644
231,27,3644
231,28,3644
231,29,3644
231,30,3644
231,31,3644
231,32,3644
231,33,3644
231,34,3644
231,35,3644
231,36,3644
231,37,3644
231,38,3644
231,39,3644
231,40,3644
231,41,3644
231,42,3644
231,43,3644
231,44,3644
231,45,3644
231,46,3644
231,47,3644
231,48,3644
231,49,3644
231,50,3644
231,51,3644
231,52,3644
231,53,3644
231,54,3644
231,55,3644
231,56,3644
231,57,3644
231,58,3644
231,59,3644
231,60,3644
231,61,3644
231,62,3644
231,63,3644
231,64,3644
231,65,3644
231,66,3644
231,67,3644
231,68,3644
231,69,3644
231,70,3644
231,71,3644
231,72,3644
231,73,3644
231,74,3644
231,75,3644
231,76,3644
231,77,3644
231,78,3644
231,79,3644
231,80,3644
231,81,3644
231,82,3644
231,83,3644
231,84,3644
231,85,3644
231,86,3644
231,87,3644
231,88,3644
231,89,3644
231,90,3644
231,91,3644
231,92,3644
231,93,3644
231,94,3644
231,95,3644
231,96,3644
231,97,3644
231,98,3644
231,99,3644
231,100,3644
231,101,3644
231,102,3644
231,103,3644
231,104,3644
231,105,3644
231,106,3644
231,107,3644
231,108,3644
231,109,3644
231,110,3644
231,111,3644
231,112,3644
231,113,3644
231,114,3644
231,115,3644
231,116,3644
231,117,3644
231,118,3644
231,119,3644
231,120,3644
231,121,3644
231,122,3644
231,123,3644
231,124,3644
231,125,3644
231,126,3644
231,127,3644
231,128,3644
231,129,3644
231,130,3644
231,131,3644
231,132,3644
231,133,3644
231,134,3644
231,135,3644
231,136,3644
231,137,3644
231,138,3644
231,139,3644
231,141,3644
231,142,3644
231,144,3644
231,145,3644
231,146,3644
231,147,3644
231,148,3644
231,149,3644
231,150,3644
233,1,3644
233,2,3644
233,3,3644
233,4,3644
233,5,3644
233,6,3644
233,7,3644
233,8,3644
233,9,3644
233,10,3644
233,11,3644
233,12,3644
233,13,3644
233,14,3644
233,15,3644
233,16,3644
233,17,3644
233,18,3644
233,19,3644
233,20,3644
233,21,3644
233,22,3644
233,23,3644
233,24,3644
233,25,3644
233,26,3644
233,27,3644
233,28,3644
233,29,3644
233,30,3644
233,31,3644
233,32,3644
233,33,3644
233,34,3644
233,35,3644
233,36,3644
233,37,3644
233,38,3644
233,39,3644
233,40,3644
233,41,3644
233,42,3644
233,43,3644
233,44,3644
233,45,3644
233,46,3644
233,47,3644
233,48,3644
233,49,3644
233,50,3644
233,51,3644
233,52,3644
233,53,3644
233,54,3644
233,55,3644
233,56,3644
233,57,3644
233,58,3644
233,59,3644
233,60,3644
233,61,3644
233,62,3644
233,63,3644
233,64,3644
233,65,3644
233,66,3644
233,67,3644
233,68,3644
233,69,3644
233,70,3644
233,71,3644
233,72,3644
233,73,3644
233,74,3644
233,75,3644
233,76,3644
233,77,3644
233,78,3644
233,79,3644
233,80,3644
233,81,3644
233,82,3644
233,83,3644
233,84,3644
233,85,3644
233,86,3644
233,87,3644
233,88,3644
233,89,3644
233,90,3644
233,91,3644
233,92,3644
233,93,3644
233,94,3644
233,95,3644
233,96,3644
233,97,3644
233,98,3644
233,99,3644
233,100,3644
233,101,3644
233,102,3644
233,103,3644
233,104,3644
233,105,3644
233,106,3644
233,107,3644
233,108,3644
233,109,3644
233,110,3644
233,111,3644
233,112,3644
233,113,3644
233,114,3644
233,115,3644
233,116,3644
233,117,3644
233,118,3644
233,119,3644
233,120,3644
233,121,3644
233,122,3644
233,123,3644
233,124,3644
233,125,3644
233,126,3644
233,127,3644
233,128,3644
233,129,3644
233,130,3644
233,131,3644
233,132,3644
233,133,3644
233,134,3644
233,135,3644
233,136,3644
233,137,3644
233,138,3644
233,139,3644
233,141,3644
233,142,3644
233,144,3644
233,145,3644
233,146,3644
233,147,3644
233,148,3644
233,149,3644
233,150,3644
234,1,3644
234,2,3644
234,3,3644
234,4,3644
234,5,3644
234,6,3644
234,7,3644
234,8,3644
234,9,3644
234,10,3644
234,11,3644
234,12,3644
234,13,3644
234,14,3644
234,15,3644
234,16,3644
234,17,3644
234,18,3644
234,19,3644
234,20,3644
234,21,3644
234,22,3644
234,23,3644
234,24,3644
234,25,3644
234,26,3644
234,27,3644
234,28,3644
234,29,3644
234,30,3644
234,31,3644
234,32,3644
234,33,3644
234,34,3644
234,35,3644
234,36,3644
234,37,3644
234,38,3644
234,39,3644
234,40,3644
234,41,3644
234,42,3644
234,43,3644
234,44,3644
234,45,3644
234,46,3644
234,47,3644
234,48,3644
234,49,3644
234,50,3644
234,51,3644
234,52,3644
234,53,3644
234,54,3644
234,55,3644
234,56,3644
234,57,3644
234,58,3644
234,59,3644
234,60,3644
234,61,3644
234,62,3644
234,63,3644
234,64,3644
234,65,3644
234,66,3644
234,67,3644
234,68,3644
234,69,3644
234,70,3644
234,71,3644
234,72,3644
234,73,3644
234,74,3644
234,75,3644
234,76,3644
234,77,3644
234,78,3644
234,79,3644
234,80,3644
234,81,3644
234,82,3644
234,83,3644
234,84,3644
234,85,3644
234,86,3644
234,87,3644
234,88,3644
234,89,3644
234,90,3644
234,91,3644
234,92,3644
234,93,3644
234,94,3644
234,95,3644
234,96,3644
234,97,3644
234,98,3644
234,99,3644
234,100,3644
234,101,3644
234,102,3644
234,103,3644
234,104,3644
234,105,3644
234,106,3644
234,107,3644
234,108,3644
234,109,3644
234,110,3644
234,111,3644
234,112,3644
234,113,3644
234,114,3644
234,115,3644
234,116,3644
234,117,3644
234,118,3644
234,119,3644
234,120,3644
234,121,3644
234,122,3644
234,123,3644
234,124,3644
234,125,3644
234,126,3644
234,127,3644
234,128,3644
234,129,3644
234,130,3644
234,131,3644
234,132,3644
234,133,3644
234,134,3644
234,135,3644
234,136,3644
234,137,3644
234,138,3644
234,139,3644
234,141,3644
234,142,3644
234,144,3644
234,145,3644
234,146,3644
234,147,3644
234,148,3644
234,149,3644
234,150,3644
235,1,3644
235,2,3644
235,3,3644
235,4,3644
235,5,3644
235,6,3644
235,7,3644
235,8,3644
235,9,3644
235,10,3644
235,11,3644
235,12,3644
235,13,3644
235,14,3644
235,15,3644
235,16,3644
235,17,3644
235,18,3644
235,19,3644
235,20,3644
235,21,3644
235,22,3644
235,23,3644
235,24,3644
235,25,3644
235,26,3644
235,27,3644
235,28,3644
235,29,3644
235,30,3644
235,31,3644
235,32,3644
235,33,3644
235,34,3644
235,35,3644
235,36,3644
235,37,3644
235,38,3644
235,39,3644
235,40,3644
235,41,3644
235,42,3644
235,43,3644
235,44,3644
235,45,3644
235,46,3644
235,47,3644
235,48,3644
235,49,3644
235,50,3644
235,51,3644
235,52,3644
235,53,3644
235,54,3644
235,55,3644
235,56,3644
235,57,3644
235,58,3644
235,59,3644
235,60,3644
235,61,3644
235,62,3644
235,63,3644
235,64,3644
235,65,3644
235,66,3644
235,67,3644
235,68,3644
235,69,3644
235,70,3644
235,71,3644
235,72,3644
235,73,3644
235,74,3644
235,75,3644
235,76,3644
235,77,3644
235,78,3644
235,79,3644
235,80,3644
235,81,3644
235,82,3644
235,83,3644
235,84,3644
235,85,3644
235,86,3644
235,87,3644
235,88,3644
235,89,3644
235,90,3644
235,91,3644
235,92,3644
235,93,3644
235,94,3644
235,95,3644
235,96,3644
235,97,3644
235,98,3644
235,99,3644
235,100,3644
235,101,3644
235,102,3644
235,103,3644
235,104,3644
235,105,3644
235,106,3644
235,107,3644
235,108,3644
235,109,3644
235,110,3644
235,111,3644
235,112,3644
235,113,3644
235,114,3644
235,115,3644
235,116,3644
235,117,3644
235,118,3644
235,119,3644
235,120,3644
235,121,3644
235,122,3644
235,123,3644
235,124,3644
235,125,3644
235,126,3644
235,127,3644
235,128,3644
235,130,3644
235,131,3644
235,132,3644
235,133,3644
235,134,3644
235,135,3644
235,136,3644
235,137,3644
235,138,3644
235,139,3644
235,141,3644
235,142,3644
235,144,3644
235,145,3644
235,146,3644
235,147,3644
235,148,3644
235,149,3644
235,150,3644
245,1,3644
245,2,3644
245,3,3644
245,4,3644
245,5,3644
245,6,3644
245,7,3644
245,8,3644
245,9,3644
245,10,3644
245,11,3644
245,12,3644
245,13,3644
245,14,3644
245,15,3644
245,16,3644
245,17,3644
245,18,3644
245,19,3644
245,20,3644
245,21,3644
245,22,3644
245,23,3644
245,24,3644
245,25,3644
245,26,3644
245,27,3644
245,28,3644
245,29,3644
245,30,3644
245,31,3644
245,32,3644
245,33,3644
245,34,3644
245,35,3644
245,36,3644
245,37,3644
245,38,3644
245,39,3644
245,40,3644
245,41,3644
245,42,3644
245,43,3644
245,44,3644
245,45,3644
245,46,3644
245,47,3644
245,48,3644
245,49,3644
245,50,3644
245,51,3644
245,52,3644
245,53,3644
245,54,3644
245,55,3644
245,56,3644
245,57,3644
245,58,3644
245,59,3644
245,60,3644
245,61,3644
245,62,3644
245,63,3644
245,64,3644
245,65,3644
245,66,3644
245,67,3644
245,68,3644
245,69,3644
245,70,3644
245,71,3644
245,72,3644
245,73,3644
245,74,3644
245,75,3644
245,76,3644
245,77,3644
245,78,3644
245,79,3644
245,80,3644
245,81,3644
245,82,3644
245,83,3644
245,84,3644
245,85,3644
245,86,3644
245,87,3644
245,88,3644
245,89,3644
245,90,3644
245,91,3644
245,92,3644
245,93,3644
245,94,3644
245,95,3644
245,96,3644
245,97,3644
245,98,3644
245,99,3644
245,100,3644
245,101,3644
245,102,3644
245,103,3644
245,104,3644
245,105,3644
245,106,3644
245,107,3644
245,108,3644
245,109,3644
245,110,3644
245,111,3644
245,112,3644
245,113,3644
245,114,3644
245,115,3644
245,116,3644
245,117,3644
245,118,3644
245,119,3644
245,120,3644
245,121,3644
245,122,3644
245,123,3644
245,124,3644
245,125,3644
245,126,3644
245,127,3644
245,128,3644
245,129,3644
245,130,3644
245,131,3644
245,132,3644
245,133,3644
245,134,3644
245,135,3644
245,136,3644
245,137,3644
245,138,3644
245,139,3644
245,141,3644
245,142,3644
245,144,3644
245,145,3644
245,146,3644
245,147,3644
245,148,3644
245,149,3644
245,150,3644
246,1,3644
246,2,3644
246,3,3644
246,4,3644
246,5,3644
246,6,3644
246,7,3644
246,8,3644
246,9,3644
246,10,3644
246,11,3644
246,12,3644
246,13,3644
246,14,3644
246,15,3644
246,16,3644
246,17,3644
246,18,3644
246,19,3644
246,20,3644
246,21,3644
246,22,3644
246,23,3644
246,24,3644
246,25,3644
246,26,3644
246,27,3644
246,28,3644
246,29,3644
246,30,3644
246,31,3644
246,32,3644
246,33,3644
246,34,3644
246,35,3644
246,36,3644
246,37,3644
246,38,3644
246,39,3644
246,40,3644
246,41,3644
246,42,3644
246,43,3644
246,44,3644
246,45,3644
246,46,3644
246,47,3644
246,48,3644
246,49,3644
246,50,3644
246,51,3644
246,52,3644
246,53,3644
246,54,3644
246,55,3644
246,56,3644
246,57,3644
246,58,3644
246,59,3644
246,60,3644
246,61,3644
246,62,3644
246,63,3644
246,64,3644
246,65,3644
246,66,3644
246,67,3644
246,68,3644
246,69,3644
246,70,3644
246,71,3644
246,72,3644
246,73,3644
246,74,3644
246,75,3644
246,76,3644
246,77,3644
246,78,3644
246,79,3644
246,80,3644
246,81,3644
246,82,3644
246,83,3644
246,84,3644
246,85,3644
246,86,3644
246,87,3644
246,88,3644
246,89,3644
246,90,3644
246,91,3644
246,92,3644
246,93,3644
246,94,3644
246,95,3644
246,96,3644
246,97,3644
246,98,3644
246,99,3644
246,100,3644
246,101,3644
246,102,3644
246,103,3644
246,104,3644
246,105,3644
246,106,3644
246,107,3644
246,108,3644
246,109,3644
246,110,3644
246,111,3644
246,112,3644
246,113,3644
246,114,3644
246,115,3644
246,116,3644
246,117,3644
246,118,3644
246,119,3644
246,120,3644
246,121,3644
246,122,3644
246,123,3644
246,124,3644
246,125,3644
246,126,3644
246,127,3644
246,128,3644
246,129,3644
246,130,3644
246,131,3644
246,132,3644
246,133,3644
246,134,3644
246,135,3644
246,136,3644
246,137,3644
246,138,3644
246,139,3644
246,141,3644
246,142,3644
246,144,3644
246,145,3644
246,146,3644
246,147,3644
246,148,3644
246,149,3644
246,150,3644
247,1,3644
247,2,3644
247,3,3644
247,4,3644
247,5,3644
247,6,3644
247,7,3644
247,8,3644
247,9,3644
247,10,3644
247,11,3644
247,12,3644
247,13,3644
247,14,3644
247,15,3644
247,16,3644
247,17,3644
247,18,3644
247,19,3644
247,20,3644
247,21,3644
247,22,3644
247,23,3644
247,24,3644
247,25,3644
247,26,3644
247,27,3644
247,28,3644
247,29,3644
247,30,3644
247,31,3644
247,32,3644
247,33,3644
247,34,3644
247,35,3644
247,36,3644
247,37,3644
247,38,3644
247,39,3644
247,40,3644
247,41,3644
247,42,3644
247,43,3644
247,44,3644
247,45,3644
247,46,3644
247,47,3644
247,48,3644
247,49,3644
247,50,3644
247,51,3644
247,52,3644
247,53,3644
247,54,3644
247,55,3644
247,56,3644
247,57,3644
247,58,3644
247,59,3644
247,60,3644
247,61,3644
247,62,3644
247,63,3644
247,64,3644
247,65,3644
247,66,3644
247,67,3644
247,68,3644
247,69,3644
247,70,3644
247,71,3644
247,72,3644
247,73,3644
247,74,3644
247,75,3644
247,76,3644
247,77,3644
247,78,3644
247,79,3644
247,80,3644
247,81,3644
247,82,3644
247,83,3644
247,84,3644
247,85,3644
247,86,3644
247,87,3644
247,88,3644
247,89,3644
247,90,3644
247,91,3644
247,92,3644
247,93,3644
247,94,3644
247,95,3644
247,96,3644
247,97,3644
247,98,3644
247,99,3644
247,100,3644
247,101,3644
247,102,3644
247,103,3644
247,104,3644
247,105,3644
247,106,3644
247,107,3644
247,108,3644
247,109,3644
247,110,3644
247,111,3644
247,112,3644
247,113,3644
247,114,3644
247,115,3644
247,116,3644
247,117,3644
247,118,3644
247,119,3644
247,120,3644
247,121,3644
247,122,3644
247,123,3644
247,124,3644
247,125,3644
247,126,3644
247,127,3644
247,128,3644
247,129,3644
247,130,3644
247,131,3644
247,132,3644
247,133,3644
247,134,3644
247,135,3644
247,136,3644
247,137,3644
247,138,3644
247,139,3644
247,141,3644
247,142,3644
247,144,3644
247,145,3644
247,146,3644
247,147,3644
247,148,3644
247,149,3644
247,150,3644
250,1,3644
250,2,3644
250,3,3644
250,4,3644
250,5,3644
250,6,3644
250,7,3644
250,8,3644
250,9,3644
250,10,3644
250,11,3644
250,12,3644
250,13,3644
250,14,3644
250,15,3644
250,16,3644
250,17,3644
250,18,3644
250,19,3644
250,20,3644
250,21,3644
250,22,3644
250,23,3644
250,24,3644
250,25,3644
250,26,3644
250,27,3644
250,28,3644
250,29,3644
250,30,3644
250,31,3644
250,32,3644
250,33,3644
250,34,3644
250,35,3644
250,36,3644
250,37,3644
250,38,3644
250,39,3644
250,40,3644
250,41,3644
250,42,3644
250,43,3644
250,44,3644
250,45,3644
250,46,3644
250,47,3644
250,48,3644
250,49,3644
250,50,3644
250,51,3644
250,52,3644
250,53,3644
250,54,3644
250,55,3644
250,56,3644
250,57,3644
250,58,3644
250,59,3644
250,60,3644
250,61,3644
250,62,3644
250,63,3644
250,64,3644
250,65,3644
250,66,3644
250,67,3644
250,68,3644
250,69,3644
250,70,3644
250,71,3644
250,72,3644
250,73,3644
250,74,3644
250,75,3644
250,76,3644
250,77,3644
250,78,3644
250,79,3644
250,80,3644
250,81,3644
250,82,3644
250,83,3644
250,84,3644
250,85,3644
250,86,3644
250,87,3644
250,88,3644
250,89,3644
250,90,3644
250,91,3644
250,92,3644
250,93,3644
250,94,3644
250,95,3644
250,96,3644
250,97,3644
250,98,3644
250,99,3644
250,100,3644
250,101,3644
250,103,3644
250,104,3644
250,105,3644
250,106,3644
250,107,3644
250,110,3644
250,111,3644
250,112,3644
250,113,3644
250,114,3644
250,115,3644
250,116,3644
250,117,3644
250,118,3644
250,120,3644
250,121,3644
250,127,3644
250,128,3644
250,129,3644
250,130,3644
250,131,3644
250,132,3644
250,133,3644
250,134,3644
250,135,3644
250,136,3644
250,137,3644
250,138,3644
250,139,3644
250,141,3644
250,144,3644
250,145,3644
250,146,3644
250,147,3644
250,148,3644
250,150,3644
251,1,3644
251,2,3644
251,3,3644
251,4,3644
251,5,3644
251,6,3644
251,7,3644
251,8,3644
251,9,3644
251,10,3644
251,11,3644
251,12,3644
251,13,3644
251,14,3644
251,15,3644
251,16,3644
251,17,3644
251,18,3644
251,19,3644
251,20,3644
251,21,3644
251,22,3644
251,23,3644
251,24,3644
251,25,3644
251,26,3644
251,27,3644
251,28,3644
251,29,3644
251,30,3644
251,31,3644
251,32,3644
251,33,3644
251,34,3644
251,35,3644
251,36,3644
251,37,3644
251,38,3644
251,39,3644
251,40,3644
251,41,3644
251,42,3644
251,43,3644
251,44,3644
251,45,3644
251,46,3644
251,47,3644
251,48,3644
251,49,3644
251,50,3644
251,51,3644
251,52,3644
251,53,3644
251,54,3644
251,55,3644
251,56,3644
251,57,3644
251,58,3644
251,59,3644
251,60,3644
251,61,3644
251,62,3644
251,63,3644
251,64,3644
251,65,3644
251,66,3644
251,67,3644
251,68,3644
251,69,3644
251,70,3644
251,71,3644
251,72,3644
251,73,3644
251,74,3644
251,75,3644
251,76,3644
251,77,3644
251,78,3644
251,79,3644
251,80,3644
251,81,3644
251,82,3644
251,83,3644
251,84,3644
251,85,3644
251,86,3644
251,87,3644
251,88,3644
251,89,3644
251,90,3644
251,91,3644
251,92,3644
251,93,3644
251,94,3644
251,95,3644
251,96,3644
251,97,3644
251,98,3644
251,99,3644
251,100,3644
251,101,3644
251,102,3644
251,103,3644
251,104,3644
251,105,3644
251,106,3644
251,107,3644
251,108,3644
251,109,3644
251,110,3644
251,111,3644
251,112,3644
251,113,3644
251,114,3644
251,115,3644
251,116,3644
251,117,3644
251,118,3644
251,119,3644
251,120,3644
251,121,3644
251,122,3644
251,123,3644
251,124,3644
251,125,3644
251,126,3644
251,127,3644
251,128,3644
251,129,3644
251,130,3644
251,131,3644
251,132,3644
251,133,3644
251,134,3644
251,135,3644
251,136,3644
251,137,3644
251,138,3644
251,139,3644
251,141,3644
251,142,3644
251,144,3644
251,145,3644
251,146,3644
251,147,3644
251,148,3644
251,149,3644
251,150,3644
264,28,3644
264,29,3644
264,94,3644
264,95,3644
264,98,3644
264,99,3644
264,100,3644
264,101,3644
264,102,3644
264,103,3644
264,104,3644
264,105,3644
264,106,3644
264,107,3644
264,108,3644
264,109,3644
264,119,3644
264,122,3644
264,127,3644
264,149,3644
265,28,3644
265,29,3644
265,94,3644
265,95,3644
265,98,3644
265,99,3644
265,100,3644
265,101,3644
265,102,3644
265,103,3644
265,104,3644
265,105,3644
265,106,3644
265,107,3644
265,108,3644
265,109,3644
265,119,3644
265,122,3644
265,127,3644
265,149,3644
266,28,3644
266,29,3644
266,94,3644
266,95,3644
266,98,3644
266,99,3644
266,100,3644
266,101,3644
266,102,3644
266,103,3644
266,104,3644
266,105,3644
266,106,3644
266,107,3644
266,108,3644
266,109,3644
266,119,3644
266,122,3644
266,127,3644
266,149,3644
267,1,3644
267,2,3644
267,3,3644
267,4,3644
267,5,3644
267,6,3644
267,7,3644
267,8,3644
267,9,3644
267,10,3644
267,11,3644
267,12,3644
267,13,3644
267,14,3644
267,15,3644
267,16,3644
267,17,3644
267,18,3644
267,19,3644
267,20,3644
267,21,3644
267,22,3644
267,23,3644
267,24,3644
267,25,3644
267,26,3644
267,27,3644
267,28,3644
267,29,3644
267,30,3644
267,31,3644
267,32,3644
267,33,3644
267,34,3644
267,35,3644
267,36,3644
267,37,3644
267,38,3644
267,39,3644
267,40,3644
267,41,3644
267,42,3644
267,43,3644
267,44,3644
267,45,3644
267,46,3644
267,47,3644
267,48,3644
267,49,3644
267,50,3644
267,51,3644
267,52,3644
267,53,3644
267,54,3644
267,55,3644
267,56,3644
267,57,3644
267,58,3644
267,59,3644
267,60,3644
267,61,3644
267,62,3644
267,63,3644
267,64,3644
267,65,3644
267,66,3644
267,67,3644
267,68,3644
267,69,3644
267,70,3644
267,71,3644
267,72,3644
267,73,3644
267,74,3644
267,75,3644
267,76,3644
267,77,3644
267,78,3644
267,79,3644
267,80,3644
267,81,3644
267,82,3644
267,83,3644
267,84,3644
267,85,3644
267,86,3644
267,87,3644
267,88,3644
267,89,3644
267,90,3644
267,91,3644
267,92,3644
267,93,3644
267,94,3644
267,95,3644
267,96,3644
267,97,3644
267,98,3644
267,99,3644
267,100,3644
267,101,3644
267,102,3644
267,103,3644
267,104,3644
267,105,3644
267,106,3644
267,107,3644
267,108,3644
267,109,3644
267,110,3644
267,111,3644
267,112,3644
267,113,3644
267,114,3644
267,115,3644
267,116,3644
267,117,3644
267,118,3644
267,119,3644
267,120,3644
267,121,3644
267,122,3644
267,123,3644
267,124,3644
267,125,3644
267,126,3644
267,127,3644
267,130,3644
267,131,3644
267,132,3644
267,133,3644
267,134,3644
267,135,3644
267,136,3644
267,137,3644
267,138,3644
267,139,3644
267,141,3644
267,142,3644
267,144,3644
267,145,3644
267,146,3644
267,147,3644
267,148,3644
267,149,3644
267,150,3644
270,1,3644
270,2,3644
270,3,3644
270,4,3644
270,5,3644
270,6,3644
270,7,3644
270,8,3644
270,9,3644
270,10,3644
270,11,3644
270,12,3644
270,13,3644
270,14,3644
270,15,3644
270,16,3644
270,17,3644
270,18,3644
270,19,3644
270,20,3644
270,21,3644
270,22,3644
270,23,3644
270,24,3644
270,25,3644
270,26,3644
270,27,3644
270,28,3644
270,29,3644
270,30,3644
270,31,3644
270,32,3644
270,33,3644
270,34,3644
270,35,3644
270,36,3644
270,37,3644
270,38,3644
270,39,3644
270,40,3644
270,41,3644
270,42,3644
270,43,3644
270,44,3644
270,45,3644
270,46,3644
270,47,3644
270,48,3644
270,49,3644
270,50,3644
270,51,3644
270,52,3644
270,53,3644
270,54,3644
270,55,3644
270,56,3644
270,57,3644
270,58,3644
270,59,3644
270,60,3644
270,61,3644
270,62,3644
270,63,3644
270,64,3644
270,65,3644
270,66,3644
270,67,3644
270,68,3644
270,69,3644
270,70,3644
270,71,3644
270,72,3644
270,73,3644
270,74,3644
270,75,3644
270,76,3644
270,77,3644
270,78,3644
270,79,3644
270,80,3644
270,81,3644
270,82,3644
270,83,3644
270,84,3644
270,85,3644
270,86,3644
270,87,3644
270,88,3644
270,89,3644
270,90,3644
270,91,3644
270,92,3644
270,93,3644
270,94,3644
270,95,3644
270,96,3644
270,97,3644
270,98,3644
270,99,3644
270,100,3644
270,101,3644
270,102,3644
270,103,3644
270,104,3644
270,105,3644
270,106,3644
270,107,3644
270,108,3644
270,109,3644
270,110,3644
270,111,3644
270,112,3644
270,113,3644
270,114,3644
270,115,3644
270,116,3644
270,117,3644
270,118,3644
270,119,3644
270,120,3644
270,121,3644
270,122,3644
270,123,3644
270,124,3644
270,125,3644
270,126,3644
270,127,3644
270,128,3644
270,129,3644
270,130,3644
270,131,3644
270,132,3644
270,133,3644
270,134,3644
270,135,3644
270,136,3644
270,137,3644
270,138,3644
270,139,3644
270,141,3644
270,142,3644
270,144,3644
270,145,3644
270,146,3644
270,147,3644
270,148,3644
270,149,3644
270,150,3644
1,166,3647
1,167,3647
1,168,3647
1,169,3647
1,170,3647
1,197,3647
1,198,3647
1,199,3647
1,200,3647
1,201,3647
1,202,3647
1,203,3647
1,216,3647
1,217,3647
1,218,3647
1,219,3647
1,221,3647
1,222,3647
1,223,3647
1,224,3647
1,225,3647
1,232,3647
1,241,3647
1,242,3647
1,243,3647
1,244,3647
1,263,3647
1,264,3647
1,265,3647
1,266,3647
2,166,3647
2,167,3647
2,168,3647
2,169,3647
2,170,3647
2,197,3647
2,198,3647
2,199,3647
2,200,3647
2,201,3647
2,202,3647
2,203,3647
2,216,3647
2,217,3647
2,218,3647
2,219,3647
2,221,3647
2,222,3647
2,223,3647
2,224,3647
2,225,3647
2,232,3647
2,241,3647
2,242,3647
2,243,3647
2,244,3647
2,263,3647
2,264,3647
2,265,3647
2,266,3647
3,166,3647
3,167,3647
3,168,3647
3,169,3647
3,170,3647
3,197,3647
3,198,3647
3,199,3647
3,200,3647
3,201,3647
3,202,3647
3,203,3647
3,216,3647
3,217,3647
3,218,3647
3,219,3647
3,221,3647
3,222,3647
3,223,3647
3,224,3647
3,225,3647
3,232,3647
3,241,3647
3,242,3647
3,243,3647
3,244,3647
3,263,3647
3,264,3647
3,265,3647
3,266,3647
4,166,3647
4,167,3647
4,168,3647
4,169,3647
4,170,3647
4,197,3647
4,198,3647
4,199,3647
4,200,3647
4,201,3647
4,202,3647
4,203,3647
4,216,3647
4,217,3647
4,218,3647
4,219,3647
4,221,3647
4,222,3647
4,223,3647
4,224,3647
4,225,3647
4,232,3647
4,241,3647
4,242,3647
4,243,3647
4,244,3647
4,263,3647
4,264,3647
4,265,3647
4,266,3647
5,166,3647
5,167,3647
5,168,3647
5,169,3647
5,170,3647
5,197,3647
5,198,3647
5,199,3647
5,200,3647
5,201,3647
5,202,3647
5,203,3647
5,216,3647
5,217,3647
5,218,3647
5,219,3647
5,221,3647
5,222,3647
5,223,3647
5,224,3647
5,225,3647
5,232,3647
5,241,3647
5,242,3647
5,243,3647
5,244,3647
5,263,3647
5,264,3647
5,265,3647
5,266,3647
6,166,3647
6,167,3647
6,168,3647
6,169,3647
6,170,3647
6,197,3647
6,198,3647
6,199,3647
6,200,3647
6,201,3647
6,202,3647
6,203,3647
6,216,3647
6,217,3647
6,218,3647
6,219,3647
6,221,3647
6,222,3647
6,223,3647
6,224,3647
6,225,3647
6,232,3647
6,241,3647
6,242,3647
6,243,3647
6,244,3647
6,263,3647
6,264,3647
6,265,3647
6,266,3647
7,166,3647
7,167,3647
7,168,3647
7,169,3647
7,170,3647
7,197,3647
7,198,3647
7,199,3647
7,200,3647
7,201,3647
7,202,3647
7,203,3647
7,216,3647
7,217,3647
7,218,3647
7,219,3647
7,221,3647
7,222,3647
7,223,3647
7,224,3647
7,225,3647
7,232,3647
7,241,3647
7,242,3647
7,243,3647
7,244,3647
7,263,3647
7,264,3647
7,265,3647
7,266,3647
8,166,3647
8,167,3647
8,168,3647
8,169,3647
8,170,3647
8,197,3647
8,198,3647
8,199,3647
8,200,3647
8,201,3647
8,202,3647
8,203,3647
8,216,3647
8,217,3647
8,218,3647
8,219,3647
8,221,3647
8,222,3647
8,223,3647
8,224,3647
8,225,3647
8,232,3647
8,241,3647
8,242,3647
8,243,3647
8,244,3647
8,263,3647
8,264,3647
8,265,3647
8,266,3647
9,166,3647
9,167,3647
9,168,3647
9,169,3647
9,170,3647
9,197,3647
9,198,3647
9,199,3647
9,200,3647
9,201,3647
9,202,3647
9,203,3647
9,216,3647
9,217,3647
9,218,3647
9,219,3647
9,221,3647
9,222,3647
9,223,3647
9,224,3647
9,225,3647
9,232,3647
9,241,3647
9,242,3647
9,243,3647
9,244,3647
9,263,3647
9,264,3647
9,265,3647
9,266,3647
10,166,3647
10,167,3647
10,168,3647
10,169,3647
10,170,3647
10,197,3647
10,198,3647
10,199,3647
10,200,3647
10,201,3647
10,202,3647
10,203,3647
10,216,3647
10,217,3647
10,218,3647
10,219,3647
10,221,3647
10,222,3647
10,223,3647
10,224,3647
10,225,3647
10,232,3647
10,241,3647
10,242,3647
10,243,3647
10,244,3647
10,263,3647
10,264,3647
10,265,3647
10,266,3647
11,166,3647
11,167,3647
11,168,3647
11,169,3647
11,170,3647
11,197,3647
11,198,3647
11,199,3647
11,200,3647
11,201,3647
11,202,3647
11,203,3647
11,216,3647
11,217,3647
11,218,3647
11,219,3647
11,221,3647
11,222,3647
11,223,3647
11,224,3647
11,225,3647
11,232,3647
11,241,3647
11,242,3647
11,243,3647
11,244,3647
11,263,3647
11,264,3647
11,265,3647
11,266,3647
12,166,3647
12,167,3647
12,168,3647
12,169,3647
12,170,3647
12,197,3647
12,198,3647
12,199,3647
12,200,3647
12,201,3647
12,202,3647
12,203,3647
12,216,3647
12,217,3647
12,218,3647
12,219,3647
12,221,3647
12,222,3647
12,223,3647
12,224,3647
12,225,3647
12,232,3647
12,241,3647
12,242,3647
12,243,3647
12,244,3647
12,263,3647
12,264,3647
12,265,3647
12,266,3647
13,166,3647
13,167,3647
13,168,3647
13,169,3647
13,170,3647
13,197,3647
13,198,3647
13,199,3647
13,200,3647
13,201,3647
13,202,3647
13,203,3647
13,216,3647
13,217,3647
13,218,3647
13,219,3647
13,221,3647
13,222,3647
13,223,3647
13,224,3647
13,225,3647
13,232,3647
13,241,3647
13,242,3647
13,243,3647
13,244,3647
13,263,3647
13,264,3647
13,265,3647
13,266,3647
14,166,3647
14,167,3647
14,168,3647
14,169,3647
14,170,3647
14,197,3647
14,198,3647
14,199,3647
14,200,3647
14,201,3647
14,202,3647
14,203,3647
14,216,3647
14,217,3647
14,218,3647
14,219,3647
14,221,3647
14,222,3647
14,223,3647
14,224,3647
14,225,3647
14,232,3647
14,241,3647
14,242,3647
14,243,3647
14,244,3647
14,263,3647
14,264,3647
14,265,3647
14,266,3647
15,166,3647
15,167,3647
15,168,3647
15,169,3647
15,170,3647
15,197,3647
15,198,3647
15,199,3647
15,200,3647
15,201,3647
15,202,3647
15,203,3647
15,216,3647
15,217,3647
15,218,3647
15,219,3647
15,221,3647
15,222,3647
15,223,3647
15,224,3647
15,225,3647
15,232,3647
15,241,3647
15,242,3647
15,243,3647
15,244,3647
15,263,3647
15,264,3647
15,265,3647
15,266,3647
16,166,3647
16,167,3647
16,168,3647
16,169,3647
16,170,3647
16,197,3647
16,198,3647
16,199,3647
16,200,3647
16,201,3647
16,202,3647
16,203,3647
16,216,3647
16,217,3647
16,218,3647
16,219,3647
16,221,3647
16,222,3647
16,223,3647
16,224,3647
16,225,3647
16,232,3647
16,241,3647
16,242,3647
16,243,3647
16,244,3647
16,263,3647
16,264,3647
16,265,3647
16,266,3647
17,166,3647
17,167,3647
17,168,3647
17,169,3647
17,170,3647
17,197,3647
17,198,3647
17,199,3647
17,200,3647
17,201,3647
17,202,3647
17,203,3647
17,216,3647
17,217,3647
17,218,3647
17,219,3647
17,221,3647
17,222,3647
17,223,3647
17,224,3647
17,225,3647
17,232,3647
17,241,3647
17,242,3647
17,243,3647
17,244,3647
17,263,3647
17,264,3647
17,265,3647
17,266,3647
18,166,3647
18,167,3647
18,168,3647
18,169,3647
18,170,3647
18,197,3647
18,198,3647
18,199,3647
18,200,3647
18,201,3647
18,202,3647
18,203,3647
18,216,3647
18,217,3647
18,218,3647
18,219,3647
18,221,3647
18,222,3647
18,223,3647
18,224,3647
18,225,3647
18,232,3647
18,241,3647
18,242,3647
18,243,3647
18,244,3647
18,263,3647
18,264,3647
18,265,3647
18,266,3647
19,166,3647
19,167,3647
19,168,3647
19,169,3647
19,170,3647
19,197,3647
19,198,3647
19,199,3647
19,200,3647
19,201,3647
19,202,3647
19,203,3647
19,216,3647
19,217,3647
19,218,3647
19,219,3647
19,221,3647
19,222,3647
19,223,3647
19,224,3647
19,225,3647
19,232,3647
19,241,3647
19,242,3647
19,243,3647
19,244,3647
19,263,3647
19,264,3647
19,265,3647
19,266,3647
20,166,3647
20,167,3647
20,168,3647
20,169,3647
20,170,3647
20,197,3647
20,198,3647
20,199,3647
20,200,3647
20,201,3647
20,202,3647
20,203,3647
20,216,3647
20,217,3647
20,218,3647
20,219,3647
20,221,3647
20,222,3647
20,223,3647
20,224,3647
20,225,3647
20,232,3647
20,241,3647
20,242,3647
20,243,3647
20,244,3647
20,263,3647
20,264,3647
20,265,3647
20,266,3647
21,166,3647
21,167,3647
21,168,3647
21,169,3647
21,170,3647
21,197,3647
21,198,3647
21,199,3647
21,200,3647
21,201,3647
21,202,3647
21,203,3647
21,216,3647
21,217,3647
21,218,3647
21,219,3647
21,221,3647
21,222,3647
21,223,3647
21,224,3647
21,225,3647
21,232,3647
21,241,3647
21,242,3647
21,243,3647
21,244,3647
21,263,3647
21,264,3647
21,265,3647
21,266,3647
22,166,3647
22,167,3647
22,168,3647
22,169,3647
22,170,3647
22,197,3647
22,198,3647
22,199,3647
22,200,3647
22,201,3647
22,202,3647
22,203,3647
22,216,3647
22,217,3647
22,218,3647
22,219,3647
22,221,3647
22,222,3647
22,223,3647
22,224,3647
22,225,3647
22,232,3647
22,241,3647
22,242,3647
22,243,3647
22,244,3647
22,263,3647
22,264,3647
22,265,3647
22,266,3647
23,166,3647
23,167,3647
23,168,3647
23,169,3647
23,170,3647
23,197,3647
23,198,3647
23,199,3647
23,200,3647
23,201,3647
23,202,3647
23,203,3647
23,216,3647
23,217,3647
23,218,3647
23,219,3647
23,221,3647
23,222,3647
23,223,3647
23,224,3647
23,225,3647
23,232,3647
23,241,3647
23,242,3647
23,243,3647
23,244,3647
23,263,3647
23,264,3647
23,265,3647
23,266,3647
24,166,3647
24,167,3647
24,168,3647
24,169,3647
24,170,3647
24,197,3647
24,198,3647
24,199,3647
24,200,3647
24,201,3647
24,202,3647
24,203,3647
24,216,3647
24,217,3647
24,218,3647
24,219,3647
24,221,3647
24,222,3647
24,223,3647
24,224,3647
24,225,3647
24,232,3647
24,241,3647
24,242,3647
24,243,3647
24,244,3647
24,263,3647
24,264,3647
24,265,3647
24,266,3647
25,166,3647
25,167,3647
25,168,3647
25,169,3647
25,170,3647
25,197,3647
25,198,3647
25,199,3647
25,200,3647
25,201,3647
25,202,3647
25,203,3647
25,216,3647
25,217,3647
25,218,3647
25,219,3647
25,221,3647
25,222,3647
25,223,3647
25,224,3647
25,225,3647
25,232,3647
25,241,3647
25,242,3647
25,243,3647
25,244,3647
25,263,3647
25,264,3647
25,265,3647
25,266,3647
26,166,3647
26,167,3647
26,168,3647
26,169,3647
26,170,3647
26,197,3647
26,198,3647
26,199,3647
26,200,3647
26,201,3647
26,202,3647
26,203,3647
26,216,3647
26,217,3647
26,218,3647
26,219,3647
26,221,3647
26,222,3647
26,223,3647
26,224,3647
26,225,3647
26,232,3647
26,241,3647
26,242,3647
26,243,3647
26,244,3647
26,263,3647
26,264,3647
26,265,3647
26,266,3647
27,166,3647
27,167,3647
27,168,3647
27,169,3647
27,170,3647
27,197,3647
27,198,3647
27,199,3647
27,200,3647
27,201,3647
27,202,3647
27,203,3647
27,216,3647
27,217,3647
27,218,3647
27,219,3647
27,221,3647
27,222,3647
27,223,3647
27,224,3647
27,225,3647
27,232,3647
27,241,3647
27,242,3647
27,243,3647
27,244,3647
27,263,3647
27,264,3647
27,265,3647
27,266,3647
28,166,3647
28,167,3647
28,168,3647
28,169,3647
28,197,3647
28,198,3647
28,200,3647
28,201,3647
28,202,3647
28,203,3647
28,216,3647
28,217,3647
28,218,3647
28,219,3647
28,221,3647
28,222,3647
28,223,3647
28,224,3647
28,225,3647
28,232,3647
28,241,3647
28,242,3647
28,243,3647
28,244,3647
28,263,3647
29,166,3647
29,167,3647
29,168,3647
29,169,3647
29,197,3647
29,198,3647
29,200,3647
29,201,3647
29,202,3647
29,203,3647
29,216,3647
29,217,3647
29,218,3647
29,219,3647
29,221,3647
29,222,3647
29,223,3647
29,224,3647
29,225,3647
29,232,3647
29,241,3647
29,242,3647
29,243,3647
29,244,3647
29,263,3647
30,166,3647
30,167,3647
30,168,3647
30,169,3647
30,170,3647
30,197,3647
30,198,3647
30,199,3647
30,200,3647
30,201,3647
30,202,3647
30,203,3647
30,216,3647
30,217,3647
30,218,3647
30,219,3647
30,221,3647
30,222,3647
30,223,3647
30,224,3647
30,225,3647
30,232,3647
30,241,3647
30,242,3647
30,243,3647
30,244,3647
30,263,3647
30,264,3647
30,265,3647
30,266,3647
31,166,3647
31,167,3647
31,168,3647
31,169,3647
31,170,3647
31,197,3647
31,198,3647
31,199,3647
31,200,3647
31,201,3647
31,202,3647
31,203,3647
31,216,3647
31,217,3647
31,218,3647
31,219,3647
31,221,3647
31,222,3647
31,223,3647
31,224,3647
31,225,3647
31,232,3647
31,241,3647
31,242,3647
31,243,3647
31,244,3647
31,263,3647
31,264,3647
31,265,3647
31,266,3647
32,166,3647
32,167,3647
32,168,3647
32,169,3647
32,170,3647
32,197,3647
32,198,3647
32,199,3647
32,200,3647
32,201,3647
32,202,3647
32,203,3647
32,216,3647
32,217,3647
32,218,3647
32,219,3647
32,221,3647
32,222,3647
32,223,3647
32,224,3647
32,225,3647
32,232,3647
32,241,3647
32,242,3647
32,243,3647
32,244,3647
32,263,3647
32,264,3647
32,265,3647
32,266,3647
33,166,3647
33,167,3647
33,168,3647
33,169,3647
33,170,3647
33,197,3647
33,198,3647
33,199,3647
33,200,3647
33,201,3647
33,202,3647
33,203,3647
33,216,3647
33,217,3647
33,218,3647
33,219,3647
33,221,3647
33,222,3647
33,223,3647
33,224,3647
33,225,3647
33,232,3647
33,241,3647
33,242,3647
33,243,3647
33,244,3647
33,263,3647
33,264,3647
33,265,3647
33,266,3647
34,166,3647
34,167,3647
34,168,3647
34,169,3647
34,170,3647
34,197,3647
34,198,3647
34,199,3647
34,200,3647
34,201,3647
34,202,3647
34,203,3647
34,216,3647
34,217,3647
34,218,3647
34,219,3647
34,221,3647
34,222,3647
34,223,3647
34,224,3647
34,225,3647
34,232,3647
34,241,3647
34,242,3647
34,243,3647
34,244,3647
34,263,3647
34,264,3647
34,265,3647
34,266,3647
35,166,3647
35,167,3647
35,168,3647
35,169,3647
35,170,3647
35,197,3647
35,198,3647
35,199,3647
35,200,3647
35,201,3647
35,202,3647
35,203,3647
35,216,3647
35,217,3647
35,218,3647
35,219,3647
35,221,3647
35,222,3647
35,223,3647
35,224,3647
35,225,3647
35,232,3647
35,241,3647
35,242,3647
35,243,3647
35,244,3647
35,263,3647
35,264,3647
35,265,3647
35,266,3647
36,166,3647
36,167,3647
36,168,3647
36,169,3647
36,170,3647
36,197,3647
36,198,3647
36,199,3647
36,200,3647
36,201,3647
36,202,3647
36,203,3647
36,216,3647
36,217,3647
36,218,3647
36,219,3647
36,221,3647
36,222,3647
36,223,3647
36,224,3647
36,225,3647
36,232,3647
36,241,3647
36,242,3647
36,243,3647
36,244,3647
36,263,3647
36,264,3647
36,265,3647
36,266,3647
37,166,3647
37,167,3647
37,168,3647
37,169,3647
37,170,3647
37,197,3647
37,198,3647
37,199,3647
37,200,3647
37,201,3647
37,202,3647
37,203,3647
37,216,3647
37,217,3647
37,218,3647
37,219,3647
37,221,3647
37,222,3647
37,223,3647
37,224,3647
37,225,3647
37,232,3647
37,241,3647
37,242,3647
37,243,3647
37,244,3647
37,263,3647
37,264,3647
37,265,3647
37,266,3647
38,166,3647
38,167,3647
38,168,3647
38,169,3647
38,170,3647
38,197,3647
38,198,3647
38,199,3647
38,200,3647
38,201,3647
38,202,3647
38,203,3647
38,216,3647
38,217,3647
38,218,3647
38,219,3647
38,221,3647
38,222,3647
38,223,3647
38,224,3647
38,225,3647
38,232,3647
38,241,3647
38,242,3647
38,243,3647
38,244,3647
38,263,3647
38,264,3647
38,265,3647
38,266,3647
39,166,3647
39,167,3647
39,168,3647
39,169,3647
39,170,3647
39,197,3647
39,198,3647
39,199,3647
39,200,3647
39,201,3647
39,202,3647
39,203,3647
39,216,3647
39,217,3647
39,218,3647
39,219,3647
39,221,3647
39,222,3647
39,223,3647
39,224,3647
39,225,3647
39,232,3647
39,241,3647
39,242,3647
39,243,3647
39,244,3647
39,263,3647
39,264,3647
39,265,3647
39,266,3647
40,166,3647
40,167,3647
40,168,3647
40,169,3647
40,170,3647
40,197,3647
40,198,3647
40,199,3647
40,200,3647
40,201,3647
40,202,3647
40,203,3647
40,216,3647
40,217,3647
40,218,3647
40,219,3647
40,221,3647
40,222,3647
40,223,3647
40,224,3647
40,225,3647
40,232,3647
40,241,3647
40,242,3647
40,243,3647
40,244,3647
40,263,3647
40,264,3647
40,265,3647
40,266,3647
41,166,3647
41,167,3647
41,168,3647
41,169,3647
41,170,3647
41,197,3647
41,198,3647
41,199,3647
41,200,3647
41,201,3647
41,202,3647
41,203,3647
41,216,3647
41,217,3647
41,218,3647
41,219,3647
41,221,3647
41,222,3647
41,223,3647
41,224,3647
41,225,3647
41,232,3647
41,241,3647
41,242,3647
41,243,3647
41,244,3647
41,263,3647
41,264,3647
41,265,3647
41,266,3647
42,166,3647
42,167,3647
42,168,3647
42,169,3647
42,170,3647
42,197,3647
42,198,3647
42,199,3647
42,200,3647
42,201,3647
42,202,3647
42,203,3647
42,216,3647
42,217,3647
42,218,3647
42,219,3647
42,221,3647
42,222,3647
42,223,3647
42,224,3647
42,225,3647
42,232,3647
42,241,3647
42,242,3647
42,243,3647
42,244,3647
42,263,3647
42,264,3647
42,265,3647
42,266,3647
43,166,3647
43,167,3647
43,168,3647
43,169,3647
43,170,3647
43,197,3647
43,198,3647
43,199,3647
43,200,3647
43,201,3647
43,202,3647
43,203,3647
43,216,3647
43,217,3647
43,218,3647
43,219,3647
43,221,3647
43,222,3647
43,223,3647
43,224,3647
43,225,3647
43,232,3647
43,241,3647
43,242,3647
43,243,3647
43,244,3647
43,263,3647
43,264,3647
43,265,3647
43,266,3647
44,166,3647
44,167,3647
44,168,3647
44,169,3647
44,170,3647
44,197,3647
44,198,3647
44,199,3647
44,200,3647
44,201,3647
44,202,3647
44,203,3647
44,216,3647
44,217,3647
44,218,3647
44,219,3647
44,221,3647
44,222,3647
44,223,3647
44,224,3647
44,225,3647
44,232,3647
44,241,3647
44,242,3647
44,243,3647
44,244,3647
44,263,3647
44,264,3647
44,265,3647
44,266,3647
45,166,3647
45,167,3647
45,168,3647
45,169,3647
45,170,3647
45,197,3647
45,198,3647
45,199,3647
45,200,3647
45,201,3647
45,202,3647
45,203,3647
45,216,3647
45,217,3647
45,218,3647
45,219,3647
45,221,3647
45,222,3647
45,223,3647
45,224,3647
45,225,3647
45,232,3647
45,241,3647
45,242,3647
45,243,3647
45,244,3647
45,263,3647
45,264,3647
45,265,3647
45,266,3647
46,166,3647
46,167,3647
46,168,3647
46,169,3647
46,170,3647
46,197,3647
46,198,3647
46,199,3647
46,200,3647
46,201,3647
46,202,3647
46,203,3647
46,216,3647
46,217,3647
46,218,3647
46,219,3647
46,221,3647
46,222,3647
46,223,3647
46,224,3647
46,225,3647
46,232,3647
46,241,3647
46,242,3647
46,243,3647
46,244,3647
46,263,3647
46,264,3647
46,265,3647
46,266,3647
47,166,3647
47,167,3647
47,168,3647
47,169,3647
47,170,3647
47,197,3647
47,198,3647
47,199,3647
47,200,3647
47,201,3647
47,202,3647
47,203,3647
47,216,3647
47,217,3647
47,218,3647
47,219,3647
47,221,3647
47,222,3647
47,223,3647
47,224,3647
47,225,3647
47,232,3647
47,241,3647
47,242,3647
47,243,3647
47,244,3647
47,263,3647
47,264,3647
47,265,3647
47,266,3647
48,166,3647
48,167,3647
48,168,3647
48,169,3647
48,170,3647
48,197,3647
48,198,3647
48,199,3647
48,200,3647
48,201,3647
48,202,3647
48,203,3647
48,216,3647
48,217,3647
48,218,3647
48,219,3647
48,221,3647
48,222,3647
48,223,3647
48,224,3647
48,225,3647
48,232,3647
48,241,3647
48,242,3647
48,243,3647
48,244,3647
48,263,3647
48,264,3647
48,265,3647
48,266,3647
49,166,3647
49,167,3647
49,168,3647
49,169,3647
49,170,3647
49,197,3647
49,198,3647
49,199,3647
49,200,3647
49,201,3647
49,202,3647
49,203,3647
49,216,3647
49,217,3647
49,218,3647
49,219,3647
49,221,3647
49,222,3647
49,223,3647
49,224,3647
49,225,3647
49,232,3647
49,241,3647
49,242,3647
49,243,3647
49,244,3647
49,263,3647
49,264,3647
49,265,3647
49,266,3647
50,166,3647
50,167,3647
50,168,3647
50,169,3647
50,170,3647
50,197,3647
50,198,3647
50,199,3647
50,200,3647
50,201,3647
50,202,3647
50,203,3647
50,216,3647
50,217,3647
50,218,3647
50,219,3647
50,221,3647
50,222,3647
50,223,3647
50,224,3647
50,225,3647
50,232,3647
50,241,3647
50,242,3647
50,243,3647
50,244,3647
50,263,3647
50,264,3647
50,265,3647
50,266,3647
51,166,3647
51,167,3647
51,168,3647
51,169,3647
51,170,3647
51,197,3647
51,198,3647
51,199,3647
51,200,3647
51,201,3647
51,202,3647
51,203,3647
51,216,3647
51,217,3647
51,218,3647
51,219,3647
51,221,3647
51,222,3647
51,223,3647
51,224,3647
51,225,3647
51,232,3647
51,241,3647
51,242,3647
51,243,3647
51,244,3647
51,263,3647
51,264,3647
51,265,3647
51,266,3647
52,166,3647
52,167,3647
52,168,3647
52,169,3647
52,170,3647
52,197,3647
52,198,3647
52,199,3647
52,200,3647
52,201,3647
52,202,3647
52,203,3647
52,216,3647
52,217,3647
52,218,3647
52,219,3647
52,221,3647
52,222,3647
52,223,3647
52,224,3647
52,225,3647
52,232,3647
52,241,3647
52,242,3647
52,243,3647
52,244,3647
52,263,3647
52,264,3647
52,265,3647
52,266,3647
53,166,3647
53,167,3647
53,168,3647
53,169,3647
53,170,3647
53,197,3647
53,198,3647
53,199,3647
53,200,3647
53,201,3647
53,202,3647
53,203,3647
53,216,3647
53,217,3647
53,218,3647
53,219,3647
53,221,3647
53,222,3647
53,223,3647
53,224,3647
53,225,3647
53,232,3647
53,241,3647
53,242,3647
53,243,3647
53,244,3647
53,263,3647
53,264,3647
53,265,3647
53,266,3647
54,166,3647
54,167,3647
54,168,3647
54,169,3647
54,170,3647
54,197,3647
54,198,3647
54,199,3647
54,200,3647
54,201,3647
54,202,3647
54,203,3647
54,216,3647
54,217,3647
54,218,3647
54,219,3647
54,221,3647
54,222,3647
54,223,3647
54,224,3647
54,225,3647
54,232,3647
54,241,3647
54,242,3647
54,243,3647
54,244,3647
54,263,3647
54,264,3647
54,265,3647
54,266,3647
55,166,3647
55,167,3647
55,168,3647
55,169,3647
55,170,3647
55,197,3647
55,198,3647
55,199,3647
55,200,3647
55,201,3647
55,202,3647
55,203,3647
55,216,3647
55,217,3647
55,218,3647
55,219,3647
55,221,3647
55,222,3647
55,223,3647
55,224,3647
55,225,3647
55,232,3647
55,241,3647
55,242,3647
55,243,3647
55,244,3647
55,263,3647
55,264,3647
55,265,3647
55,266,3647
56,166,3647
56,167,3647
56,168,3647
56,169,3647
56,170,3647
56,197,3647
56,198,3647
56,199,3647
56,200,3647
56,201,3647
56,202,3647
56,203,3647
56,216,3647
56,217,3647
56,218,3647
56,219,3647
56,221,3647
56,222,3647
56,223,3647
56,224,3647
56,225,3647
56,232,3647
56,241,3647
56,242,3647
56,243,3647
56,244,3647
56,263,3647
56,264,3647
56,265,3647
56,266,3647
57,166,3647
57,167,3647
57,168,3647
57,169,3647
57,170,3647
57,197,3647
57,198,3647
57,199,3647
57,200,3647
57,201,3647
57,202,3647
57,203,3647
57,216,3647
57,217,3647
57,218,3647
57,219,3647
57,221,3647
57,222,3647
57,223,3647
57,224,3647
57,225,3647
57,232,3647
57,241,3647
57,242,3647
57,243,3647
57,244,3647
57,263,3647
57,264,3647
57,265,3647
57,266,3647
58,166,3647
58,167,3647
58,168,3647
58,169,3647
58,170,3647
58,197,3647
58,198,3647
58,199,3647
58,200,3647
58,201,3647
58,202,3647
58,203,3647
58,216,3647
58,217,3647
58,218,3647
58,219,3647
58,221,3647
58,222,3647
58,223,3647
58,224,3647
58,225,3647
58,232,3647
58,241,3647
58,242,3647
58,243,3647
58,244,3647
58,263,3647
58,264,3647
58,265,3647
58,266,3647
59,166,3647
59,167,3647
59,168,3647
59,169,3647
59,170,3647
59,197,3647
59,198,3647
59,199,3647
59,200,3647
59,201,3647
59,202,3647
59,203,3647
59,216,3647
59,217,3647
59,218,3647
59,219,3647
59,221,3647
59,222,3647
59,223,3647
59,224,3647
59,225,3647
59,232,3647
59,241,3647
59,242,3647
59,243,3647
59,244,3647
59,263,3647
59,264,3647
59,265,3647
59,266,3647
60,166,3647
60,167,3647
60,168,3647
60,169,3647
60,170,3647
60,197,3647
60,198,3647
60,199,3647
60,200,3647
60,201,3647
60,202,3647
60,203,3647
60,216,3647
60,217,3647
60,218,3647
60,219,3647
60,221,3647
60,222,3647
60,223,3647
60,224,3647
60,225,3647
60,232,3647
60,241,3647
60,242,3647
60,243,3647
60,244,3647
60,263,3647
60,264,3647
60,265,3647
60,266,3647
61,166,3647
61,167,3647
61,168,3647
61,169,3647
61,170,3647
61,197,3647
61,198,3647
61,199,3647
61,200,3647
61,201,3647
61,202,3647
61,203,3647
61,216,3647
61,217,3647
61,218,3647
61,219,3647
61,221,3647
61,222,3647
61,223,3647
61,224,3647
61,225,3647
61,232,3647
61,241,3647
61,242,3647
61,243,3647
61,244,3647
61,263,3647
61,264,3647
61,265,3647
61,266,3647
62,166,3647
62,167,3647
62,168,3647
62,169,3647
62,170,3647
62,197,3647
62,198,3647
62,199,3647
62,200,3647
62,201,3647
62,202,3647
62,203,3647
62,216,3647
62,217,3647
62,218,3647
62,219,3647
62,221,3647
62,222,3647
62,223,3647
62,224,3647
62,225,3647
62,232,3647
62,241,3647
62,242,3647
62,243,3647
62,244,3647
62,263,3647
62,264,3647
62,265,3647
62,266,3647
63,166,3647
63,167,3647
63,168,3647
63,169,3647
63,170,3647
63,197,3647
63,198,3647
63,199,3647
63,200,3647
63,201,3647
63,202,3647
63,203,3647
63,216,3647
63,217,3647
63,218,3647
63,219,3647
63,221,3647
63,222,3647
63,223,3647
63,224,3647
63,225,3647
63,232,3647
63,241,3647
63,242,3647
63,243,3647
63,244,3647
63,263,3647
63,264,3647
63,265,3647
63,266,3647
64,166,3647
64,167,3647
64,168,3647
64,169,3647
64,170,3647
64,197,3647
64,198,3647
64,199,3647
64,200,3647
64,201,3647
64,202,3647
64,203,3647
64,216,3647
64,217,3647
64,218,3647
64,219,3647
64,221,3647
64,222,3647
64,223,3647
64,224,3647
64,225,3647
64,232,3647
64,241,3647
64,242,3647
64,243,3647
64,244,3647
64,263,3647
64,264,3647
64,265,3647
64,266,3647
65,166,3647
65,167,3647
65,168,3647
65,169,3647
65,170,3647
65,197,3647
65,198,3647
65,199,3647
65,200,3647
65,201,3647
65,202,3647
65,203,3647
65,216,3647
65,217,3647
65,218,3647
65,219,3647
65,221,3647
65,222,3647
65,223,3647
65,224,3647
65,225,3647
65,232,3647
65,241,3647
65,242,3647
65,243,3647
65,244,3647
65,263,3647
65,264,3647
65,265,3647
65,266,3647
66,166,3647
66,167,3647
66,168,3647
66,169,3647
66,170,3647
66,197,3647
66,198,3647
66,199,3647
66,200,3647
66,201,3647
66,202,3647
66,203,3647
66,216,3647
66,217,3647
66,218,3647
66,219,3647
66,221,3647
66,222,3647
66,223,3647
66,224,3647
66,225,3647
66,232,3647
66,241,3647
66,242,3647
66,243,3647
66,244,3647
66,263,3647
66,264,3647
66,265,3647
66,266,3647
67,166,3647
67,167,3647
67,168,3647
67,169,3647
67,170,3647
67,197,3647
67,198,3647
67,199,3647
67,200,3647
67,201,3647
67,202,3647
67,203,3647
67,216,3647
67,217,3647
67,218,3647
67,219,3647
67,221,3647
67,222,3647
67,223,3647
67,224,3647
67,225,3647
67,232,3647
67,241,3647
67,242,3647
67,243,3647
67,244,3647
67,263,3647
67,264,3647
67,265,3647
67,266,3647
68,166,3647
68,167,3647
68,168,3647
68,169,3647
68,170,3647
68,197,3647
68,198,3647
68,199,3647
68,200,3647
68,201,3647
68,202,3647
68,203,3647
68,216,3647
68,217,3647
68,218,3647
68,219,3647
68,221,3647
68,222,3647
68,223,3647
68,224,3647
68,225,3647
68,232,3647
68,241,3647
68,242,3647
68,243,3647
68,244,3647
68,263,3647
68,264,3647
68,265,3647
68,266,3647
69,166,3647
69,167,3647
69,168,3647
69,169,3647
69,170,3647
69,197,3647
69,198,3647
69,199,3647
69,200,3647
69,201,3647
69,202,3647
69,203,3647
69,216,3647
69,217,3647
69,218,3647
69,219,3647
69,221,3647
69,222,3647
69,223,3647
69,224,3647
69,225,3647
69,232,3647
69,241,3647
69,242,3647
69,243,3647
69,244,3647
69,263,3647
69,264,3647
69,265,3647
69,266,3647
70,166,3647
70,167,3647
70,168,3647
70,169,3647
70,170,3647
70,197,3647
70,198,3647
70,199,3647
70,200,3647
70,201,3647
70,202,3647
70,203,3647
70,216,3647
70,217,3647
70,218,3647
70,219,3647
70,221,3647
70,222,3647
70,223,3647
70,224,3647
70,225,3647
70,232,3647
70,241,3647
70,242,3647
70,243,3647
70,244,3647
70,263,3647
70,264,3647
70,265,3647
70,266,3647
71,166,3647
71,167,3647
71,168,3647
71,169,3647
71,170,3647
71,197,3647
71,198,3647
71,199,3647
71,200,3647
71,201,3647
71,202,3647
71,203,3647
71,216,3647
71,217,3647
71,218,3647
71,219,3647
71,221,3647
71,222,3647
71,223,3647
71,224,3647
71,225,3647
71,232,3647
71,241,3647
71,242,3647
71,243,3647
71,244,3647
71,263,3647
71,264,3647
71,265,3647
71,266,3647
72,166,3647
72,167,3647
72,168,3647
72,169,3647
72,170,3647
72,197,3647
72,198,3647
72,199,3647
72,200,3647
72,201,3647
72,202,3647
72,203,3647
72,216,3647
72,217,3647
72,218,3647
72,219,3647
72,221,3647
72,222,3647
72,223,3647
72,224,3647
72,225,3647
72,232,3647
72,241,3647
72,242,3647
72,243,3647
72,244,3647
72,263,3647
72,264,3647
72,265,3647
72,266,3647
73,166,3647
73,167,3647
73,168,3647
73,169,3647
73,170,3647
73,197,3647
73,198,3647
73,199,3647
73,200,3647
73,201,3647
73,202,3647
73,203,3647
73,216,3647
73,217,3647
73,218,3647
73,219,3647
73,221,3647
73,222,3647
73,223,3647
73,224,3647
73,225,3647
73,232,3647
73,241,3647
73,242,3647
73,243,3647
73,244,3647
73,263,3647
73,264,3647
73,265,3647
73,266,3647
74,166,3647
74,167,3647
74,168,3647
74,169,3647
74,170,3647
74,197,3647
74,198,3647
74,199,3647
74,200,3647
74,201,3647
74,202,3647
74,203,3647
74,216,3647
74,217,3647
74,218,3647
74,219,3647
74,221,3647
74,222,3647
74,223,3647
74,224,3647
74,225,3647
74,232,3647
74,241,3647
74,242,3647
74,243,3647
74,244,3647
74,263,3647
74,264,3647
74,265,3647
74,266,3647
75,166,3647
75,167,3647
75,168,3647
75,169,3647
75,170,3647
75,197,3647
75,198,3647
75,199,3647
75,200,3647
75,201,3647
75,202,3647
75,203,3647
75,216,3647
75,217,3647
75,218,3647
75,219,3647
75,221,3647
75,222,3647
75,223,3647
75,224,3647
75,225,3647
75,232,3647
75,241,3647
75,242,3647
75,243,3647
75,244,3647
75,263,3647
75,264,3647
75,265,3647
75,266,3647
76,166,3647
76,167,3647
76,168,3647
76,169,3647
76,170,3647
76,197,3647
76,198,3647
76,199,3647
76,200,3647
76,201,3647
76,202,3647
76,203,3647
76,216,3647
76,217,3647
76,218,3647
76,219,3647
76,221,3647
76,222,3647
76,223,3647
76,224,3647
76,225,3647
76,232,3647
76,241,3647
76,242,3647
76,243,3647
76,244,3647
76,263,3647
76,264,3647
76,265,3647
76,266,3647
77,166,3647
77,167,3647
77,168,3647
77,169,3647
77,170,3647
77,197,3647
77,198,3647
77,199,3647
77,200,3647
77,201,3647
77,202,3647
77,203,3647
77,216,3647
77,217,3647
77,218,3647
77,219,3647
77,221,3647
77,222,3647
77,223,3647
77,224,3647
77,225,3647
77,232,3647
77,241,3647
77,242,3647
77,243,3647
77,244,3647
77,263,3647
77,264,3647
77,265,3647
77,266,3647
78,166,3647
78,167,3647
78,168,3647
78,169,3647
78,170,3647
78,197,3647
78,198,3647
78,199,3647
78,200,3647
78,201,3647
78,202,3647
78,203,3647
78,216,3647
78,217,3647
78,218,3647
78,219,3647
78,221,3647
78,222,3647
78,223,3647
78,224,3647
78,225,3647
78,232,3647
78,241,3647
78,242,3647
78,243,3647
78,244,3647
78,263,3647
78,264,3647
78,265,3647
78,266,3647
79,166,3647
79,167,3647
79,168,3647
79,169,3647
79,170,3647
79,197,3647
79,198,3647
79,199,3647
79,200,3647
79,201,3647
79,202,3647
79,203,3647
79,216,3647
79,217,3647
79,218,3647
79,219,3647
79,221,3647
79,222,3647
79,223,3647
79,224,3647
79,225,3647
79,232,3647
79,241,3647
79,242,3647
79,243,3647
79,244,3647
79,263,3647
79,264,3647
79,265,3647
79,266,3647
80,166,3647
80,167,3647
80,168,3647
80,169,3647
80,170,3647
80,197,3647
80,198,3647
80,199,3647
80,200,3647
80,201,3647
80,202,3647
80,203,3647
80,216,3647
80,217,3647
80,218,3647
80,219,3647
80,221,3647
80,222,3647
80,223,3647
80,224,3647
80,225,3647
80,232,3647
80,241,3647
80,242,3647
80,243,3647
80,244,3647
80,263,3647
80,264,3647
80,265,3647
80,266,3647
81,166,3647
81,167,3647
81,168,3647
81,169,3647
81,170,3647
81,197,3647
81,198,3647
81,199,3647
81,200,3647
81,201,3647
81,202,3647
81,203,3647
81,216,3647
81,217,3647
81,218,3647
81,219,3647
81,221,3647
81,222,3647
81,223,3647
81,224,3647
81,225,3647
81,232,3647
81,241,3647
81,242,3647
81,243,3647
81,244,3647
81,263,3647
81,264,3647
81,265,3647
81,266,3647
82,166,3647
82,167,3647
82,168,3647
82,169,3647
82,170,3647
82,197,3647
82,198,3647
82,199,3647
82,200,3647
82,201,3647
82,202,3647
82,203,3647
82,216,3647
82,217,3647
82,218,3647
82,219,3647
82,221,3647
82,222,3647
82,223,3647
82,224,3647
82,225,3647
82,232,3647
82,241,3647
82,242,3647
82,243,3647
82,244,3647
82,263,3647
82,264,3647
82,265,3647
82,266,3647
83,166,3647
83,167,3647
83,168,3647
83,169,3647
83,170,3647
83,197,3647
83,198,3647
83,199,3647
83,200,3647
83,201,3647
83,202,3647
83,203,3647
83,216,3647
83,217,3647
83,218,3647
83,219,3647
83,221,3647
83,222,3647
83,223,3647
83,224,3647
83,225,3647
83,232,3647
83,241,3647
83,242,3647
83,243,3647
83,244,3647
83,263,3647
83,264,3647
83,265,3647
83,266,3647
84,166,3647
84,167,3647
84,168,3647
84,169,3647
84,170,3647
84,197,3647
84,198,3647
84,199,3647
84,200,3647
84,201,3647
84,202,3647
84,203,3647
84,216,3647
84,217,3647
84,218,3647
84,219,3647
84,221,3647
84,222,3647
84,223,3647
84,224,3647
84,225,3647
84,232,3647
84,241,3647
84,242,3647
84,243,3647
84,244,3647
84,263,3647
84,264,3647
84,265,3647
84,266,3647
85,166,3647
85,167,3647
85,168,3647
85,169,3647
85,170,3647
85,197,3647
85,198,3647
85,199,3647
85,200,3647
85,201,3647
85,202,3647
85,203,3647
85,216,3647
85,217,3647
85,218,3647
85,219,3647
85,221,3647
85,222,3647
85,223,3647
85,224,3647
85,225,3647
85,232,3647
85,241,3647
85,242,3647
85,243,3647
85,244,3647
85,263,3647
85,264,3647
85,265,3647
85,266,3647
86,166,3647
86,167,3647
86,168,3647
86,169,3647
86,170,3647
86,197,3647
86,198,3647
86,199,3647
86,200,3647
86,201,3647
86,202,3647
86,203,3647
86,216,3647
86,217,3647
86,218,3647
86,219,3647
86,221,3647
86,222,3647
86,223,3647
86,224,3647
86,225,3647
86,232,3647
86,241,3647
86,242,3647
86,243,3647
86,244,3647
86,263,3647
86,264,3647
86,265,3647
86,266,3647
87,166,3647
87,167,3647
87,168,3647
87,169,3647
87,170,3647
87,197,3647
87,198,3647
87,199,3647
87,200,3647
87,201,3647
87,202,3647
87,203,3647
87,216,3647
87,217,3647
87,218,3647
87,219,3647
87,221,3647
87,222,3647
87,223,3647
87,224,3647
87,225,3647
87,232,3647
87,241,3647
87,242,3647
87,243,3647
87,244,3647
87,263,3647
87,264,3647
87,265,3647
87,266,3647
88,166,3647
88,167,3647
88,168,3647
88,169,3647
88,170,3647
88,197,3647
88,198,3647
88,199,3647
88,200,3647
88,201,3647
88,202,3647
88,203,3647
88,216,3647
88,217,3647
88,218,3647
88,219,3647
88,221,3647
88,222,3647
88,223,3647
88,224,3647
88,225,3647
88,232,3647
88,241,3647
88,242,3647
88,243,3647
88,244,3647
88,263,3647
88,264,3647
88,265,3647
88,266,3647
89,166,3647
89,167,3647
89,168,3647
89,169,3647
89,170,3647
89,197,3647
89,198,3647
89,199,3647
89,200,3647
89,201,3647
89,202,3647
89,203,3647
89,216,3647
89,217,3647
89,218,3647
89,219,3647
89,221,3647
89,222,3647
89,223,3647
89,224,3647
89,225,3647
89,232,3647
89,241,3647
89,242,3647
89,243,3647
89,244,3647
89,263,3647
89,264,3647
89,265,3647
89,266,3647
90,166,3647
90,167,3647
90,168,3647
90,169,3647
90,170,3647
90,197,3647
90,198,3647
90,199,3647
90,200,3647
90,201,3647
90,202,3647
90,203,3647
90,216,3647
90,217,3647
90,218,3647
90,219,3647
90,221,3647
90,222,3647
90,223,3647
90,224,3647
90,225,3647
90,232,3647
90,241,3647
90,242,3647
90,243,3647
90,244,3647
90,263,3647
90,264,3647
90,265,3647
90,266,3647
91,166,3647
91,167,3647
91,168,3647
91,169,3647
91,170,3647
91,197,3647
91,198,3647
91,199,3647
91,200,3647
91,201,3647
91,202,3647
91,203,3647
91,216,3647
91,217,3647
91,218,3647
91,219,3647
91,221,3647
91,222,3647
91,223,3647
91,224,3647
91,225,3647
91,232,3647
91,241,3647
91,242,3647
91,243,3647
91,244,3647
91,263,3647
91,264,3647
91,265,3647
91,266,3647
92,166,3647
92,167,3647
92,168,3647
92,169,3647
92,197,3647
92,198,3647
92,200,3647
92,201,3647
92,202,3647
92,203,3647
92,216,3647
92,217,3647
92,218,3647
92,219,3647
92,221,3647
92,222,3647
92,223,3647
92,224,3647
92,225,3647
92,232,3647
92,241,3647
92,242,3647
92,243,3647
92,244,3647
92,263,3647
93,166,3647
93,167,3647
93,168,3647
93,169,3647
93,197,3647
93,198,3647
93,200,3647
93,201,3647
93,202,3647
93,203,3647
93,216,3647
93,217,3647
93,218,3647
93,219,3647
93,221,3647
93,222,3647
93,223,3647
93,224,3647
93,225,3647
93,232,3647
93,241,3647
93,242,3647
93,243,3647
93,244,3647
93,263,3647
94,166,3647
94,167,3647
94,168,3647
94,169,3647
94,197,3647
94,198,3647
94,200,3647
94,201,3647
94,202,3647
94,203,3647
94,216,3647
94,217,3647
94,218,3647
94,219,3647
94,221,3647
94,222,3647
94,223,3647
94,224,3647
94,225,3647
94,232,3647
94,241,3647
94,242,3647
94,243,3647
94,244,3647
94,263,3647
95,166,3647
95,167,3647
95,168,3647
95,169,3647
95,197,3647
95,198,3647
95,200,3647
95,201,3647
95,202,3647
95,203,3647
95,216,3647
95,217,3647
95,218,3647
95,219,3647
95,221,3647
95,222,3647
95,223,3647
95,224,3647
95,225,3647
95,232,3647
95,241,3647
95,242,3647
95,243,3647
95,244,3647
95,263,3647
96,166,3647
96,167,3647
96,168,3647
96,169,3647
96,197,3647
96,198,3647
96,200,3647
96,201,3647
96,202,3647
96,203,3647
96,216,3647
96,217,3647
96,218,3647
96,219,3647
96,221,3647
96,222,3647
96,223,3647
96,224,3647
96,225,3647
96,232,3647
96,241,3647
96,242,3647
96,243,3647
96,244,3647
96,263,3647
97,166,3647
97,167,3647
97,168,3647
97,169,3647
97,197,3647
97,198,3647
97,200,3647
97,201,3647
97,202,3647
97,203,3647
97,216,3647
97,217,3647
97,218,3647
97,219,3647
97,221,3647
97,222,3647
97,223,3647
97,224,3647
97,225,3647
97,232,3647
97,241,3647
97,242,3647
97,243,3647
97,244,3647
97,263,3647
98,166,3647
98,167,3647
98,168,3647
98,169,3647
98,197,3647
98,198,3647
98,200,3647
98,201,3647
98,202,3647
98,203,3647
98,216,3647
98,217,3647
98,218,3647
98,219,3647
98,221,3647
98,222,3647
98,223,3647
98,224,3647
98,225,3647
98,232,3647
98,241,3647
98,242,3647
98,243,3647
98,244,3647
98,263,3647
99,166,3647
99,167,3647
99,168,3647
99,169,3647
99,197,3647
99,198,3647
99,200,3647
99,201,3647
99,202,3647
99,203,3647
99,216,3647
99,217,3647
99,218,3647
99,219,3647
99,221,3647
99,222,3647
99,223,3647
99,224,3647
99,225,3647
99,232,3647
99,241,3647
99,242,3647
99,243,3647
99,244,3647
99,263,3647
100,166,3647
100,167,3647
100,168,3647
100,169,3647
100,197,3647
100,198,3647
100,200,3647
100,201,3647
100,202,3647
100,203,3647
100,216,3647
100,217,3647
100,218,3647
100,219,3647
100,221,3647
100,222,3647
100,223,3647
100,224,3647
100,225,3647
100,232,3647
100,241,3647
100,242,3647
100,243,3647
100,244,3647
100,263,3647
101,166,3647
101,167,3647
101,168,3647
101,169,3647
101,197,3647
101,198,3647
101,200,3647
101,201,3647
101,202,3647
101,203,3647
101,216,3647
101,217,3647
101,218,3647
101,219,3647
101,221,3647
101,222,3647
101,223,3647
101,224,3647
101,225,3647
101,232,3647
101,241,3647
101,242,3647
101,243,3647
101,244,3647
101,263,3647
102,166,3647
102,167,3647
102,168,3647
102,169,3647
102,197,3647
102,198,3647
102,200,3647
102,201,3647
102,202,3647
102,203,3647
102,216,3647
102,217,3647
102,218,3647
102,219,3647
102,221,3647
102,222,3647
102,223,3647
102,224,3647
102,225,3647
102,232,3647
102,241,3647
102,242,3647
102,243,3647
102,244,3647
102,263,3647
103,166,3647
103,167,3647
103,168,3647
103,169,3647
103,197,3647
103,198,3647
103,200,3647
103,201,3647
103,202,3647
103,203,3647
103,216,3647
103,217,3647
103,218,3647
103,219,3647
103,221,3647
103,222,3647
103,223,3647
103,224,3647
103,225,3647
103,232,3647
103,241,3647
103,242,3647
103,243,3647
103,244,3647
103,263,3647
104,166,3647
104,167,3647
104,168,3647
104,169,3647
104,197,3647
104,198,3647
104,200,3647
104,201,3647
104,202,3647
104,203,3647
104,216,3647
104,217,3647
104,218,3647
104,219,3647
104,221,3647
104,222,3647
104,223,3647
104,224,3647
104,225,3647
104,232,3647
104,241,3647
104,242,3647
104,243,3647
104,244,3647
104,263,3647
105,166,3647
105,167,3647
105,168,3647
105,169,3647
105,197,3647
105,198,3647
105,200,3647
105,201,3647
105,202,3647
105,203,3647
105,216,3647
105,217,3647
105,218,3647
105,219,3647
105,221,3647
105,222,3647
105,223,3647
105,224,3647
105,225,3647
105,232,3647
105,241,3647
105,242,3647
105,243,3647
105,244,3647
105,263,3647
106,166,3647
106,167,3647
106,168,3647
106,169,3647
106,197,3647
106,198,3647
106,200,3647
106,201,3647
106,202,3647
106,203,3647
106,216,3647
106,217,3647
106,218,3647
106,219,3647
106,221,3647
106,222,3647
106,223,3647
106,224,3647
106,225,3647
106,232,3647
106,241,3647
106,242,3647
106,243,3647
106,244,3647
106,263,3647
107,166,3647
107,167,3647
107,168,3647
107,169,3647
107,197,3647
107,198,3647
107,200,3647
107,201,3647
107,202,3647
107,203,3647
107,216,3647
107,217,3647
107,218,3647
107,219,3647
107,221,3647
107,222,3647
107,223,3647
107,224,3647
107,225,3647
107,232,3647
107,241,3647
107,242,3647
107,243,3647
107,244,3647
107,263,3647
108,166,3647
108,167,3647
108,168,3647
108,169,3647
108,197,3647
108,198,3647
108,200,3647
108,201,3647
108,202,3647
108,203,3647
108,216,3647
108,217,3647
108,218,3647
108,219,3647
108,221,3647
108,222,3647
108,223,3647
108,224,3647
108,225,3647
108,232,3647
108,241,3647
108,242,3647
108,243,3647
108,244,3647
108,263,3647
109,166,3647
109,167,3647
109,168,3647
109,169,3647
109,197,3647
109,198,3647
109,200,3647
109,201,3647
109,202,3647
109,203,3647
109,216,3647
109,217,3647
109,218,3647
109,219,3647
109,221,3647
109,222,3647
109,223,3647
109,224,3647
109,225,3647
109,232,3647
109,241,3647
109,242,3647
109,243,3647
109,244,3647
109,263,3647
110,166,3647
110,167,3647
110,168,3647
110,169,3647
110,170,3647
110,197,3647
110,198,3647
110,199,3647
110,200,3647
110,201,3647
110,202,3647
110,203,3647
110,216,3647
110,217,3647
110,218,3647
110,219,3647
110,221,3647
110,222,3647
110,223,3647
110,224,3647
110,225,3647
110,232,3647
110,241,3647
110,242,3647
110,243,3647
110,244,3647
110,263,3647
110,264,3647
110,265,3647
110,266,3647
111,166,3647
111,167,3647
111,168,3647
111,169,3647
111,170,3647
111,197,3647
111,198,3647
111,199,3647
111,200,3647
111,201,3647
111,202,3647
111,203,3647
111,216,3647
111,217,3647
111,218,3647
111,219,3647
111,221,3647
111,222,3647
111,223,3647
111,224,3647
111,225,3647
111,232,3647
111,241,3647
111,242,3647
111,243,3647
111,244,3647
111,263,3647
111,264,3647
111,265,3647
111,266,3647
112,166,3647
112,167,3647
112,168,3647
112,169,3647
112,170,3647
112,197,3647
112,198,3647
112,199,3647
112,200,3647
112,201,3647
112,202,3647
112,203,3647
112,216,3647
112,217,3647
112,218,3647
112,219,3647
112,221,3647
112,222,3647
112,223,3647
112,224,3647
112,225,3647
112,232,3647
112,241,3647
112,242,3647
112,243,3647
112,244,3647
112,263,3647
112,264,3647
112,265,3647
112,266,3647
113,166,3647
113,167,3647
113,168,3647
113,169,3647
113,170,3647
113,197,3647
113,198,3647
113,199,3647
113,200,3647
113,201,3647
113,202,3647
113,203,3647
113,216,3647
113,217,3647
113,218,3647
113,219,3647
113,221,3647
113,222,3647
113,223,3647
113,224,3647
113,225,3647
113,232,3647
113,241,3647
113,242,3647
113,243,3647
113,244,3647
113,263,3647
113,264,3647
113,265,3647
113,266,3647
114,166,3647
114,167,3647
114,168,3647
114,169,3647
114,170,3647
114,197,3647
114,198,3647
114,199,3647
114,200,3647
114,201,3647
114,202,3647
114,203,3647
114,216,3647
114,217,3647
114,218,3647
114,219,3647
114,221,3647
114,222,3647
114,223,3647
114,224,3647
114,225,3647
114,232,3647
114,241,3647
114,242,3647
114,243,3647
114,244,3647
114,263,3647
114,264,3647
114,265,3647
114,266,3647
115,166,3647
115,167,3647
115,168,3647
115,169,3647
115,170,3647
115,197,3647
115,198,3647
115,199,3647
115,200,3647
115,201,3647
115,202,3647
115,203,3647
115,216,3647
115,217,3647
115,218,3647
115,219,3647
115,221,3647
115,222,3647
115,223,3647
115,224,3647
115,225,3647
115,232,3647
115,241,3647
115,242,3647
115,243,3647
115,244,3647
115,263,3647
115,264,3647
115,265,3647
115,266,3647
116,166,3647
116,167,3647
116,168,3647
116,169,3647
116,197,3647
116,198,3647
116,200,3647
116,201,3647
116,202,3647
116,203,3647
116,216,3647
116,217,3647
116,218,3647
116,219,3647
116,221,3647
116,222,3647
116,223,3647
116,224,3647
116,225,3647
116,232,3647
116,241,3647
116,242,3647
116,243,3647
116,244,3647
116,263,3647
117,166,3647
117,167,3647
117,168,3647
117,169,3647
117,197,3647
117,198,3647
117,200,3647
117,201,3647
117,202,3647
117,203,3647
117,216,3647
117,217,3647
117,218,3647
117,219,3647
117,221,3647
117,222,3647
117,223,3647
117,224,3647
117,225,3647
117,232,3647
117,241,3647
117,242,3647
117,243,3647
117,244,3647
117,263,3647
118,166,3647
118,167,3647
118,168,3647
118,169,3647
118,197,3647
118,198,3647
118,200,3647
118,201,3647
118,202,3647
118,203,3647
118,216,3647
118,217,3647
118,218,3647
118,219,3647
118,221,3647
118,222,3647
118,223,3647
118,224,3647
118,225,3647
118,232,3647
118,241,3647
118,242,3647
118,243,3647
118,244,3647
118,263,3647
119,166,3647
119,167,3647
119,168,3647
119,169,3647
119,197,3647
119,198,3647
119,200,3647
119,201,3647
119,202,3647
119,203,3647
119,216,3647
119,217,3647
119,218,3647
119,219,3647
119,221,3647
119,222,3647
119,223,3647
119,224,3647
119,225,3647
119,232,3647
119,241,3647
119,242,3647
119,243,3647
119,244,3647
119,263,3647
120,166,3647
120,167,3647
120,168,3647
120,169,3647
120,170,3647
120,197,3647
120,198,3647
120,199,3647
120,200,3647
120,201,3647
120,202,3647
120,203,3647
120,216,3647
120,217,3647
120,218,3647
120,219,3647
120,221,3647
120,222,3647
120,223,3647
120,224,3647
120,225,3647
120,232,3647
120,241,3647
120,242,3647
120,243,3647
120,244,3647
120,263,3647
120,264,3647
120,265,3647
120,266,3647
121,166,3647
121,167,3647
121,168,3647
121,169,3647
121,170,3647
121,197,3647
121,198,3647
121,199,3647
121,200,3647
121,201,3647
121,202,3647
121,203,3647
121,216,3647
121,217,3647
121,218,3647
121,219,3647
121,221,3647
121,222,3647
121,223,3647
121,224,3647
121,225,3647
121,232,3647
121,241,3647
121,242,3647
121,243,3647
121,244,3647
121,263,3647
121,264,3647
121,265,3647
121,266,3647
122,166,3647
122,167,3647
122,168,3647
122,169,3647
122,197,3647
122,198,3647
122,200,3647
122,201,3647
122,202,3647
122,203,3647
122,216,3647
122,217,3647
122,218,3647
122,219,3647
122,221,3647
122,222,3647
122,223,3647
122,224,3647
122,225,3647
122,232,3647
122,241,3647
122,242,3647
122,243,3647
122,244,3647
122,263,3647
123,166,3647
123,167,3647
123,168,3647
123,169,3647
123,170,3647
123,197,3647
123,198,3647
123,199,3647
123,200,3647
123,201,3647
123,202,3647
123,203,3647
123,216,3647
123,217,3647
123,218,3647
123,219,3647
123,221,3647
123,222,3647
123,223,3647
123,224,3647
123,225,3647
123,232,3647
123,241,3647
123,242,3647
123,243,3647
123,244,3647
123,263,3647
123,264,3647
123,265,3647
123,266,3647
124,166,3647
124,167,3647
124,168,3647
124,169,3647
124,170,3647
124,197,3647
124,198,3647
124,199,3647
124,200,3647
124,201,3647
124,202,3647
124,203,3647
124,216,3647
124,217,3647
124,218,3647
124,219,3647
124,221,3647
124,222,3647
124,223,3647
124,224,3647
124,225,3647
124,232,3647
124,241,3647
124,242,3647
124,243,3647
124,244,3647
124,263,3647
124,264,3647
124,265,3647
124,266,3647
125,166,3647
125,167,3647
125,168,3647
125,169,3647
125,170,3647
125,197,3647
125,198,3647
125,199,3647
125,200,3647
125,201,3647
125,202,3647
125,203,3647
125,216,3647
125,217,3647
125,218,3647
125,219,3647
125,221,3647
125,222,3647
125,223,3647
125,224,3647
125,225,3647
125,232,3647
125,241,3647
125,242,3647
125,243,3647
125,244,3647
125,263,3647
125,264,3647
125,265,3647
125,266,3647
126,166,3647
126,167,3647
126,168,3647
126,169,3647
126,197,3647
126,198,3647
126,200,3647
126,201,3647
126,202,3647
126,203,3647
126,216,3647
126,217,3647
126,218,3647
126,219,3647
126,221,3647
126,222,3647
126,223,3647
126,224,3647
126,225,3647
126,232,3647
126,241,3647
126,242,3647
126,243,3647
126,244,3647
126,263,3647
127,166,3647
127,167,3647
127,168,3647
127,169,3647
127,197,3647
127,198,3647
127,200,3647
127,201,3647
127,202,3647
127,203,3647
127,216,3647
127,217,3647
127,218,3647
127,219,3647
127,221,3647
127,222,3647
127,223,3647
127,224,3647
127,225,3647
127,232,3647
127,241,3647
127,242,3647
127,243,3647
127,244,3647
127,263,3647
128,166,3647
128,167,3647
128,168,3647
128,169,3647
128,170,3647
128,197,3647
128,198,3647
128,199,3647
128,200,3647
128,201,3647
128,202,3647
128,203,3647
128,216,3647
128,217,3647
128,218,3647
128,219,3647
128,221,3647
128,222,3647
128,223,3647
128,224,3647
128,225,3647
128,232,3647
128,241,3647
128,242,3647
128,243,3647
128,244,3647
128,263,3647
128,264,3647
128,265,3647
128,266,3647
128,267,3647
129,166,3647
129,167,3647
129,168,3647
129,169,3647
129,170,3647
129,197,3647
129,198,3647
129,199,3647
129,200,3647
129,201,3647
129,202,3647
129,203,3647
129,205,3647
129,216,3647
129,217,3647
129,218,3647
129,219,3647
129,221,3647
129,222,3647
129,223,3647
129,224,3647
129,225,3647
129,232,3647
129,235,3647
129,241,3647
129,242,3647
129,243,3647
129,244,3647
129,263,3647
129,264,3647
129,265,3647
129,266,3647
129,267,3647
130,166,3647
130,167,3647
130,168,3647
130,169,3647
130,170,3647
130,197,3647
130,198,3647
130,199,3647
130,200,3647
130,201,3647
130,202,3647
130,203,3647
130,216,3647
130,217,3647
130,218,3647
130,219,3647
130,221,3647
130,222,3647
130,223,3647
130,224,3647
130,225,3647
130,232,3647
130,241,3647
130,242,3647
130,243,3647
130,244,3647
130,263,3647
130,264,3647
130,265,3647
130,266,3647
131,166,3647
131,167,3647
131,168,3647
131,169,3647
131,170,3647
131,197,3647
131,198,3647
131,199,3647
131,200,3647
131,201,3647
131,202,3647
131,203,3647
131,216,3647
131,217,3647
131,218,3647
131,219,3647
131,221,3647
131,222,3647
131,223,3647
131,224,3647
131,225,3647
131,232,3647
131,241,3647
131,242,3647
131,243,3647
131,244,3647
131,263,3647
131,264,3647
131,265,3647
131,266,3647
132,166,3647
132,167,3647
132,168,3647
132,169,3647
132,170,3647
132,197,3647
132,198,3647
132,199,3647
132,200,3647
132,201,3647
132,202,3647
132,203,3647
132,216,3647
132,217,3647
132,218,3647
132,219,3647
132,221,3647
132,222,3647
132,223,3647
132,224,3647
132,225,3647
132,232,3647
132,241,3647
132,242,3647
132,243,3647
132,244,3647
132,263,3647
132,264,3647
132,265,3647
132,266,3647
133,166,3647
133,167,3647
133,168,3647
133,169,3647
133,170,3647
133,197,3647
133,198,3647
133,199,3647
133,200,3647
133,201,3647
133,202,3647
133,203,3647
133,216,3647
133,217,3647
133,218,3647
133,219,3647
133,221,3647
133,222,3647
133,223,3647
133,224,3647
133,225,3647
133,232,3647
133,241,3647
133,242,3647
133,243,3647
133,244,3647
133,263,3647
133,264,3647
133,265,3647
133,266,3647
134,166,3647
134,167,3647
134,168,3647
134,169,3647
134,170,3647
134,197,3647
134,198,3647
134,199,3647
134,200,3647
134,201,3647
134,202,3647
134,203,3647
134,216,3647
134,217,3647
134,218,3647
134,219,3647
134,221,3647
134,222,3647
134,223,3647
134,224,3647
134,225,3647
134,232,3647
134,241,3647
134,242,3647
134,243,3647
134,244,3647
134,263,3647
134,264,3647
134,265,3647
134,266,3647
135,166,3647
135,167,3647
135,168,3647
135,169,3647
135,170,3647
135,197,3647
135,198,3647
135,199,3647
135,200,3647
135,201,3647
135,202,3647
135,203,3647
135,216,3647
135,217,3647
135,218,3647
135,219,3647
135,221,3647
135,222,3647
135,223,3647
135,224,3647
135,225,3647
135,232,3647
135,241,3647
135,242,3647
135,243,3647
135,244,3647
135,263,3647
135,264,3647
135,265,3647
135,266,3647
136,166,3647
136,167,3647
136,168,3647
136,169,3647
136,197,3647
136,198,3647
136,200,3647
136,201,3647
136,202,3647
136,203,3647
136,216,3647
136,217,3647
136,218,3647
136,219,3647
136,221,3647
136,222,3647
136,223,3647
136,224,3647
136,225,3647
136,232,3647
136,241,3647
136,242,3647
136,243,3647
136,244,3647
136,263,3647
137,166,3647
137,167,3647
137,168,3647
137,169,3647
137,170,3647
137,197,3647
137,198,3647
137,199,3647
137,200,3647
137,201,3647
137,202,3647
137,203,3647
137,216,3647
137,217,3647
137,218,3647
137,219,3647
137,221,3647
137,222,3647
137,223,3647
137,224,3647
137,225,3647
137,232,3647
137,241,3647
137,242,3647
137,243,3647
137,244,3647
137,263,3647
137,264,3647
137,265,3647
137,266,3647
138,166,3647
138,167,3647
138,168,3647
138,169,3647
138,170,3647
138,197,3647
138,198,3647
138,199,3647
138,200,3647
138,201,3647
138,202,3647
138,203,3647
138,216,3647
138,217,3647
138,218,3647
138,219,3647
138,221,3647
138,222,3647
138,223,3647
138,224,3647
138,225,3647
138,232,3647
138,241,3647
138,242,3647
138,243,3647
138,244,3647
138,263,3647
138,264,3647
138,265,3647
138,266,3647
139,166,3647
139,167,3647
139,168,3647
139,169,3647
139,170,3647
139,197,3647
139,198,3647
139,199,3647
139,200,3647
139,201,3647
139,202,3647
139,203,3647
139,216,3647
139,217,3647
139,218,3647
139,219,3647
139,221,3647
139,222,3647
139,223,3647
139,224,3647
139,225,3647
139,232,3647
139,241,3647
139,242,3647
139,243,3647
139,244,3647
139,263,3647
139,264,3647
139,265,3647
139,266,3647
141,166,3647
141,167,3647
141,168,3647
141,169,3647
141,170,3647
141,197,3647
141,198,3647
141,199,3647
141,200,3647
141,201,3647
141,202,3647
141,203,3647
141,216,3647
141,217,3647
141,218,3647
141,219,3647
141,221,3647
141,222,3647
141,223,3647
141,224,3647
141,225,3647
141,232,3647
141,241,3647
141,242,3647
141,243,3647
141,244,3647
141,263,3647
141,264,3647
141,265,3647
141,266,3647
142,166,3647
142,167,3647
142,168,3647
142,169,3647
142,170,3647
142,197,3647
142,198,3647
142,199,3647
142,200,3647
142,201,3647
142,202,3647
142,203,3647
142,216,3647
142,217,3647
142,218,3647
142,219,3647
142,221,3647
142,222,3647
142,223,3647
142,224,3647
142,225,3647
142,232,3647
142,241,3647
142,242,3647
142,243,3647
142,244,3647
142,263,3647
142,264,3647
142,265,3647
142,266,3647
144,166,3647
144,167,3647
144,168,3647
144,169,3647
144,170,3647
144,197,3647
144,198,3647
144,199,3647
144,200,3647
144,201,3647
144,202,3647
144,203,3647
144,216,3647
144,217,3647
144,218,3647
144,219,3647
144,221,3647
144,222,3647
144,223,3647
144,224,3647
144,225,3647
144,232,3647
144,241,3647
144,242,3647
144,243,3647
144,244,3647
144,263,3647
144,264,3647
144,265,3647
144,266,3647
145,166,3647
145,167,3647
145,168,3647
145,169,3647
145,170,3647
145,197,3647
145,198,3647
145,199,3647
145,200,3647
145,201,3647
145,202,3647
145,203,3647
145,216,3647
145,217,3647
145,218,3647
145,219,3647
145,221,3647
145,222,3647
145,223,3647
145,224,3647
145,225,3647
145,232,3647
145,241,3647
145,242,3647
145,243,3647
145,244,3647
145,263,3647
145,264,3647
145,265,3647
145,266,3647
146,166,3647
146,167,3647
146,168,3647
146,169,3647
146,170,3647
146,197,3647
146,198,3647
146,199,3647
146,200,3647
146,201,3647
146,202,3647
146,203,3647
146,216,3647
146,217,3647
146,218,3647
146,219,3647
146,221,3647
146,222,3647
146,223,3647
146,224,3647
146,225,3647
146,232,3647
146,241,3647
146,242,3647
146,243,3647
146,244,3647
146,263,3647
146,264,3647
146,265,3647
146,266,3647
147,166,3647
147,167,3647
147,168,3647
147,169,3647
147,170,3647
147,197,3647
147,198,3647
147,199,3647
147,200,3647
147,201,3647
147,202,3647
147,203,3647
147,216,3647
147,217,3647
147,218,3647
147,219,3647
147,221,3647
147,222,3647
147,223,3647
147,224,3647
147,225,3647
147,232,3647
147,241,3647
147,242,3647
147,243,3647
147,244,3647
147,263,3647
147,264,3647
147,265,3647
147,266,3647
148,166,3647
148,167,3647
148,168,3647
148,169,3647
148,170,3647
148,197,3647
148,198,3647
148,199,3647
148,200,3647
148,201,3647
148,202,3647
148,203,3647
148,216,3647
148,217,3647
148,218,3647
148,219,3647
148,221,3647
148,222,3647
148,223,3647
148,224,3647
148,225,3647
148,232,3647
148,241,3647
148,242,3647
148,243,3647
148,244,3647
148,263,3647
148,264,3647
148,265,3647
148,266,3647
149,166,3647
149,167,3647
149,168,3647
149,169,3647
149,197,3647
149,198,3647
149,200,3647
149,201,3647
149,202,3647
149,203,3647
149,216,3647
149,217,3647
149,218,3647
149,219,3647
149,221,3647
149,222,3647
149,223,3647
149,224,3647
149,225,3647
149,232,3647
149,241,3647
149,242,3647
149,243,3647
149,244,3647
149,263,3647
150,166,3647
150,167,3647
150,168,3647
150,169,3647
150,170,3647
150,197,3647
150,198,3647
150,199,3647
150,200,3647
150,201,3647
150,202,3647
150,203,3647
150,216,3647
150,217,3647
150,218,3647
150,219,3647
150,221,3647
150,222,3647
150,223,3647
150,224,3647
150,225,3647
150,232,3647
150,241,3647
150,242,3647
150,243,3647
150,244,3647
150,263,3647
150,264,3647
150,265,3647
150,266,3647
166,1,3647
166,2,3647
166,3,3647
166,4,3647
166,5,3647
166,6,3647
166,7,3647
166,8,3647
166,9,3647
166,10,3647
166,11,3647
166,12,3647
166,13,3647
166,14,3647
166,15,3647
166,16,3647
166,17,3647
166,18,3647
166,19,3647
166,20,3647
166,21,3647
166,22,3647
166,23,3647
166,24,3647
166,25,3647
166,26,3647
166,27,3647
166,28,3647
166,29,3647
166,30,3647
166,31,3647
166,32,3647
166,33,3647
166,34,3647
166,35,3647
166,36,3647
166,37,3647
166,38,3647
166,39,3647
166,40,3647
166,41,3647
166,42,3647
166,43,3647
166,44,3647
166,45,3647
166,46,3647
166,47,3647
166,48,3647
166,49,3647
166,50,3647
166,51,3647
166,52,3647
166,53,3647
166,54,3647
166,55,3647
166,56,3647
166,57,3647
166,58,3647
166,59,3647
166,60,3647
166,61,3647
166,62,3647
166,63,3647
166,64,3647
166,65,3647
166,66,3647
166,67,3647
166,68,3647
166,69,3647
166,70,3647
166,71,3647
166,72,3647
166,73,3647
166,74,3647
166,75,3647
166,76,3647
166,77,3647
166,78,3647
166,79,3647
166,80,3647
166,81,3647
166,82,3647
166,83,3647
166,84,3647
166,85,3647
166,86,3647
166,87,3647
166,88,3647
166,89,3647
166,90,3647
166,91,3647
166,92,3647
166,93,3647
166,94,3647
166,95,3647
166,96,3647
166,97,3647
166,98,3647
166,99,3647
166,100,3647
166,101,3647
166,102,3647
166,103,3647
166,104,3647
166,105,3647
166,106,3647
166,107,3647
166,108,3647
166,109,3647
166,110,3647
166,111,3647
166,112,3647
166,113,3647
166,114,3647
166,115,3647
166,116,3647
166,117,3647
166,118,3647
166,119,3647
166,120,3647
166,121,3647
166,122,3647
166,123,3647
166,124,3647
166,125,3647
166,126,3647
166,127,3647
166,128,3647
166,129,3647
166,130,3647
166,131,3647
166,132,3647
166,133,3647
166,134,3647
166,135,3647
166,136,3647
166,137,3647
166,138,3647
166,139,3647
166,141,3647
166,142,3647
166,144,3647
166,145,3647
166,146,3647
166,147,3647
166,148,3647
166,149,3647
166,150,3647
167,1,3647
167,2,3647
167,3,3647
167,4,3647
167,5,3647
167,6,3647
167,7,3647
167,8,3647
167,9,3647
167,10,3647
167,11,3647
167,12,3647
167,13,3647
167,14,3647
167,15,3647
167,16,3647
167,17,3647
167,18,3647
167,19,3647
167,20,3647
167,21,3647
167,22,3647
167,23,3647
167,24,3647
167,25,3647
167,26,3647
167,27,3647
167,28,3647
167,29,3647
167,30,3647
167,31,3647
167,32,3647
167,33,3647
167,34,3647
167,35,3647
167,36,3647
167,37,3647
167,38,3647
167,39,3647
167,40,3647
167,41,3647
167,42,3647
167,43,3647
167,44,3647
167,45,3647
167,46,3647
167,47,3647
167,48,3647
167,49,3647
167,50,3647
167,51,3647
167,52,3647
167,53,3647
167,54,3647
167,55,3647
167,56,3647
167,57,3647
167,58,3647
167,59,3647
167,60,3647
167,61,3647
167,62,3647
167,63,3647
167,64,3647
167,65,3647
167,66,3647
167,67,3647
167,68,3647
167,69,3647
167,70,3647
167,71,3647
167,72,3647
167,73,3647
167,74,3647
167,75,3647
167,76,3647
167,77,3647
167,78,3647
167,79,3647
167,80,3647
167,81,3647
167,82,3647
167,83,3647
167,84,3647
167,85,3647
167,86,3647
167,87,3647
167,88,3647
167,89,3647
167,90,3647
167,91,3647
167,92,3647
167,93,3647
167,94,3647
167,95,3647
167,96,3647
167,97,3647
167,98,3647
167,99,3647
167,100,3647
167,101,3647
167,102,3647
167,103,3647
167,104,3647
167,105,3647
167,106,3647
167,107,3647
167,108,3647
167,109,3647
167,110,3647
167,111,3647
167,112,3647
167,113,3647
167,114,3647
167,115,3647
167,116,3647
167,117,3647
167,118,3647
167,119,3647
167,120,3647
167,121,3647
167,122,3647
167,123,3647
167,124,3647
167,125,3647
167,126,3647
167,127,3647
167,128,3647
167,129,3647
167,130,3647
167,131,3647
167,132,3647
167,133,3647
167,134,3647
167,135,3647
167,136,3647
167,137,3647
167,138,3647
167,139,3647
167,141,3647
167,142,3647
167,144,3647
167,145,3647
167,146,3647
167,147,3647
167,148,3647
167,149,3647
167,150,3647
168,1,3647
168,2,3647
168,3,3647
168,4,3647
168,5,3647
168,6,3647
168,7,3647
168,8,3647
168,9,3647
168,10,3647
168,11,3647
168,12,3647
168,13,3647
168,14,3647
168,15,3647
168,16,3647
168,17,3647
168,18,3647
168,19,3647
168,20,3647
168,21,3647
168,22,3647
168,23,3647
168,24,3647
168,25,3647
168,26,3647
168,27,3647
168,28,3647
168,29,3647
168,30,3647
168,31,3647
168,32,3647
168,33,3647
168,34,3647
168,35,3647
168,36,3647
168,37,3647
168,38,3647
168,39,3647
168,40,3647
168,41,3647
168,42,3647
168,43,3647
168,44,3647
168,45,3647
168,46,3647
168,47,3647
168,48,3647
168,49,3647
168,50,3647
168,51,3647
168,52,3647
168,53,3647
168,54,3647
168,55,3647
168,56,3647
168,57,3647
168,58,3647
168,59,3647
168,60,3647
168,61,3647
168,62,3647
168,63,3647
168,64,3647
168,65,3647
168,66,3647
168,67,3647
168,68,3647
168,69,3647
168,70,3647
168,71,3647
168,72,3647
168,73,3647
168,74,3647
168,75,3647
168,76,3647
168,77,3647
168,78,3647
168,79,3647
168,80,3647
168,81,3647
168,82,3647
168,83,3647
168,84,3647
168,85,3647
168,86,3647
168,87,3647
168,88,3647
168,89,3647
168,90,3647
168,91,3647
168,92,3647
168,93,3647
168,94,3647
168,95,3647
168,96,3647
168,97,3647
168,98,3647
168,99,3647
168,100,3647
168,101,3647
168,102,3647
168,103,3647
168,104,3647
168,105,3647
168,106,3647
168,107,3647
168,108,3647
168,109,3647
168,110,3647
168,111,3647
168,112,3647
168,113,3647
168,114,3647
168,115,3647
168,116,3647
168,117,3647
168,118,3647
168,119,3647
168,120,3647
168,121,3647
168,122,3647
168,123,3647
168,124,3647
168,125,3647
168,126,3647
168,127,3647
168,128,3647
168,129,3647
168,130,3647
168,131,3647
168,132,3647
168,133,3647
168,134,3647
168,135,3647
168,136,3647
168,137,3647
168,138,3647
168,139,3647
168,141,3647
168,142,3647
168,144,3647
168,145,3647
168,146,3647
168,147,3647
168,148,3647
168,149,3647
168,150,3647
169,1,3647
169,2,3647
169,3,3647
169,4,3647
169,5,3647
169,6,3647
169,7,3647
169,8,3647
169,9,3647
169,10,3647
169,11,3647
169,12,3647
169,13,3647
169,14,3647
169,15,3647
169,16,3647
169,17,3647
169,18,3647
169,19,3647
169,20,3647
169,21,3647
169,22,3647
169,23,3647
169,24,3647
169,25,3647
169,26,3647
169,27,3647
169,28,3647
169,29,3647
169,30,3647
169,31,3647
169,32,3647
169,33,3647
169,34,3647
169,35,3647
169,36,3647
169,37,3647
169,38,3647
169,39,3647
169,40,3647
169,41,3647
169,42,3647
169,43,3647
169,44,3647
169,45,3647
169,46,3647
169,47,3647
169,48,3647
169,49,3647
169,50,3647
169,51,3647
169,52,3647
169,53,3647
169,54,3647
169,55,3647
169,56,3647
169,57,3647
169,58,3647
169,59,3647
169,60,3647
169,61,3647
169,62,3647
169,63,3647
169,64,3647
169,65,3647
169,66,3647
169,67,3647
169,68,3647
169,69,3647
169,70,3647
169,71,3647
169,72,3647
169,73,3647
169,74,3647
169,75,3647
169,76,3647
169,77,3647
169,78,3647
169,79,3647
169,80,3647
169,81,3647
169,82,3647
169,83,3647
169,84,3647
169,85,3647
169,86,3647
169,87,3647
169,88,3647
169,89,3647
169,90,3647
169,91,3647
169,92,3647
169,93,3647
169,94,3647
169,95,3647
169,96,3647
169,97,3647
169,98,3647
169,99,3647
169,100,3647
169,101,3647
169,102,3647
169,103,3647
169,104,3647
169,105,3647
169,106,3647
169,107,3647
169,108,3647
169,109,3647
169,110,3647
169,111,3647
169,112,3647
169,113,3647
169,114,3647
169,115,3647
169,116,3647
169,117,3647
169,118,3647
169,119,3647
169,120,3647
169,121,3647
169,122,3647
169,123,3647
169,124,3647
169,125,3647
169,126,3647
169,127,3647
169,128,3647
169,129,3647
169,130,3647
169,131,3647
169,132,3647
169,133,3647
169,134,3647
169,135,3647
169,136,3647
169,137,3647
169,138,3647
169,139,3647
169,141,3647
169,142,3647
169,144,3647
169,145,3647
169,146,3647
169,147,3647
169,148,3647
169,149,3647
169,150,3647
170,1,3647
170,2,3647
170,3,3647
170,4,3647
170,5,3647
170,6,3647
170,7,3647
170,8,3647
170,9,3647
170,10,3647
170,11,3647
170,12,3647
170,13,3647
170,14,3647
170,15,3647
170,16,3647
170,17,3647
170,18,3647
170,19,3647
170,20,3647
170,21,3647
170,22,3647
170,23,3647
170,24,3647
170,25,3647
170,26,3647
170,27,3647
170,30,3647
170,31,3647
170,32,3647
170,33,3647
170,34,3647
170,35,3647
170,36,3647
170,37,3647
170,38,3647
170,39,3647
170,40,3647
170,41,3647
170,42,3647
170,43,3647
170,44,3647
170,45,3647
170,46,3647
170,47,3647
170,48,3647
170,49,3647
170,50,3647
170,51,3647
170,52,3647
170,53,3647
170,54,3647
170,55,3647
170,56,3647
170,57,3647
170,58,3647
170,59,3647
170,60,3647
170,61,3647
170,62,3647
170,63,3647
170,64,3647
170,65,3647
170,66,3647
170,67,3647
170,68,3647
170,69,3647
170,70,3647
170,71,3647
170,72,3647
170,73,3647
170,74,3647
170,75,3647
170,76,3647
170,77,3647
170,78,3647
170,79,3647
170,80,3647
170,81,3647
170,82,3647
170,83,3647
170,84,3647
170,85,3647
170,86,3647
170,87,3647
170,88,3647
170,89,3647
170,90,3647
170,91,3647
170,92,3647
170,93,3647
170,96,3647
170,97,3647
170,110,3647
170,111,3647
170,112,3647
170,113,3647
170,114,3647
170,115,3647
170,116,3647
170,117,3647
170,118,3647
170,120,3647
170,121,3647
170,123,3647
170,124,3647
170,125,3647
170,126,3647
170,128,3647
170,129,3647
170,130,3647
170,131,3647
170,132,3647
170,133,3647
170,134,3647
170,135,3647
170,136,3647
170,137,3647
170,138,3647
170,139,3647
170,141,3647
170,142,3647
170,144,3647
170,145,3647
170,146,3647
170,147,3647
170,148,3647
170,150,3647
197,1,3647
197,2,3647
197,3,3647
197,4,3647
197,5,3647
197,6,3647
197,7,3647
197,8,3647
197,9,3647
197,10,3647
197,11,3647
197,12,3647
197,13,3647
197,14,3647
197,15,3647
197,16,3647
197,17,3647
197,18,3647
197,19,3647
197,20,3647
197,21,3647
197,22,3647
197,23,3647
197,24,3647
197,25,3647
197,26,3647
197,27,3647
197,28,3647
197,29,3647
197,30,3647
197,31,3647
197,32,3647
197,33,3647
197,34,3647
197,35,3647
197,36,3647
197,37,3647
197,38,3647
197,39,3647
197,40,3647
197,41,3647
197,42,3647
197,43,3647
197,44,3647
197,45,3647
197,46,3647
197,47,3647
197,48,3647
197,49,3647
197,50,3647
197,51,3647
197,52,3647
197,53,3647
197,54,3647
197,55,3647
197,56,3647
197,57,3647
197,58,3647
197,59,3647
197,60,3647
197,61,3647
197,62,3647
197,63,3647
197,64,3647
197,65,3647
197,66,3647
197,67,3647
197,68,3647
197,69,3647
197,70,3647
197,71,3647
197,72,3647
197,73,3647
197,74,3647
197,75,3647
197,76,3647
197,77,3647
197,78,3647
197,79,3647
197,80,3647
197,81,3647
197,82,3647
197,83,3647
197,84,3647
197,85,3647
197,86,3647
197,87,3647
197,88,3647
197,89,3647
197,90,3647
197,91,3647
197,92,3647
197,93,3647
197,94,3647
197,95,3647
197,96,3647
197,97,3647
197,98,3647
197,99,3647
197,100,3647
197,101,3647
197,102,3647
197,103,3647
197,104,3647
197,105,3647
197,106,3647
197,107,3647
197,108,3647
197,109,3647
197,110,3647
197,111,3647
197,112,3647
197,113,3647
197,114,3647
197,115,3647
197,116,3647
197,117,3647
197,118,3647
197,119,3647
197,120,3647
197,121,3647
197,122,3647
197,123,3647
197,124,3647
197,125,3647
197,126,3647
197,127,3647
197,128,3647
197,129,3647
197,130,3647
197,131,3647
197,132,3647
197,133,3647
197,134,3647
197,135,3647
197,136,3647
197,137,3647
197,138,3647
197,139,3647
197,141,3647
197,142,3647
197,144,3647
197,145,3647
197,146,3647
197,147,3647
197,148,3647
197,149,3647
197,150,3647
198,1,3647
198,2,3647
198,3,3647
198,4,3647
198,5,3647
198,6,3647
198,7,3647
198,8,3647
198,9,3647
198,10,3647
198,11,3647
198,12,3647
198,13,3647
198,14,3647
198,15,3647
198,16,3647
198,17,3647
198,18,3647
198,19,3647
198,20,3647
198,21,3647
198,22,3647
198,23,3647
198,24,3647
198,25,3647
198,26,3647
198,27,3647
198,28,3647
198,29,3647
198,30,3647
198,31,3647
198,32,3647
198,33,3647
198,34,3647
198,35,3647
198,36,3647
198,37,3647
198,38,3647
198,39,3647
198,40,3647
198,41,3647
198,42,3647
198,43,3647
198,44,3647
198,45,3647
198,46,3647
198,47,3647
198,48,3647
198,49,3647
198,50,3647
198,51,3647
198,52,3647
198,53,3647
198,54,3647
198,55,3647
198,56,3647
198,57,3647
198,58,3647
198,59,3647
198,60,3647
198,61,3647
198,62,3647
198,63,3647
198,64,3647
198,65,3647
198,66,3647
198,67,3647
198,68,3647
198,69,3647
198,70,3647
198,71,3647
198,72,3647
198,73,3647
198,74,3647
198,75,3647
198,76,3647
198,77,3647
198,78,3647
198,79,3647
198,80,3647
198,81,3647
198,82,3647
198,83,3647
198,84,3647
198,85,3647
198,86,3647
198,87,3647
198,88,3647
198,89,3647
198,90,3647
198,91,3647
198,92,3647
198,93,3647
198,94,3647
198,95,3647
198,96,3647
198,97,3647
198,98,3647
198,99,3647
198,100,3647
198,101,3647
198,102,3647
198,103,3647
198,104,3647
198,105,3647
198,106,3647
198,107,3647
198,108,3647
198,109,3647
198,110,3647
198,111,3647
198,112,3647
198,113,3647
198,114,3647
198,115,3647
198,116,3647
198,117,3647
198,118,3647
198,119,3647
198,120,3647
198,121,3647
198,122,3647
198,123,3647
198,124,3647
198,125,3647
198,126,3647
198,127,3647
198,128,3647
198,129,3647
198,130,3647
198,131,3647
198,132,3647
198,133,3647
198,134,3647
198,135,3647
198,136,3647
198,137,3647
198,138,3647
198,139,3647
198,141,3647
198,142,3647
198,144,3647
198,145,3647
198,146,3647
198,147,3647
198,148,3647
198,149,3647
198,150,3647
199,1,3647
199,2,3647
199,3,3647
199,4,3647
199,5,3647
199,6,3647
199,7,3647
199,8,3647
199,9,3647
199,10,3647
199,11,3647
199,12,3647
199,13,3647
199,14,3647
199,15,3647
199,16,3647
199,17,3647
199,18,3647
199,19,3647
199,20,3647
199,21,3647
199,22,3647
199,23,3647
199,24,3647
199,25,3647
199,26,3647
199,27,3647
199,30,3647
199,31,3647
199,32,3647
199,33,3647
199,34,3647
199,35,3647
199,36,3647
199,37,3647
199,38,3647
199,39,3647
199,40,3647
199,41,3647
199,42,3647
199,43,3647
199,44,3647
199,45,3647
199,46,3647
199,47,3647
199,48,3647
199,49,3647
199,50,3647
199,51,3647
199,52,3647
199,53,3647
199,54,3647
199,55,3647
199,56,3647
199,57,3647
199,58,3647
199,59,3647
199,60,3647
199,61,3647
199,62,3647
199,63,3647
199,64,3647
199,65,3647
199,66,3647
199,67,3647
199,68,3647
199,69,3647
199,70,3647
199,71,3647
199,72,3647
199,73,3647
199,74,3647
199,75,3647
199,76,3647
199,77,3647
199,78,3647
199,79,3647
199,80,3647
199,81,3647
199,82,3647
199,83,3647
199,84,3647
199,85,3647
199,86,3647
199,87,3647
199,88,3647
199,89,3647
199,90,3647
199,91,3647
199,92,3647
199,93,3647
199,96,3647
199,97,3647
199,110,3647
199,111,3647
199,112,3647
199,113,3647
199,114,3647
199,115,3647
199,116,3647
199,117,3647
199,118,3647
199,120,3647
199,121,3647
199,123,3647
199,124,3647
199,125,3647
199,126,3647
199,128,3647
199,129,3647
199,130,3647
199,131,3647
199,132,3647
199,133,3647
199,134,3647
199,135,3647
199,136,3647
199,137,3647
199,138,3647
199,139,3647
199,141,3647
199,142,3647
199,144,3647
199,145,3647
199,146,3647
199,147,3647
199,148,3647
199,150,3647
200,1,3647
200,2,3647
200,3,3647
200,4,3647
200,5,3647
200,6,3647
200,7,3647
200,8,3647
200,9,3647
200,10,3647
200,11,3647
200,12,3647
200,13,3647
200,14,3647
200,15,3647
200,16,3647
200,17,3647
200,18,3647
200,19,3647
200,20,3647
200,21,3647
200,22,3647
200,23,3647
200,24,3647
200,25,3647
200,26,3647
200,27,3647
200,28,3647
200,29,3647
200,30,3647
200,31,3647
200,32,3647
200,33,3647
200,34,3647
200,35,3647
200,36,3647
200,37,3647
200,38,3647
200,39,3647
200,40,3647
200,41,3647
200,42,3647
200,43,3647
200,44,3647
200,45,3647
200,46,3647
200,47,3647
200,48,3647
200,49,3647
200,50,3647
200,51,3647
200,52,3647
200,53,3647
200,54,3647
200,55,3647
200,56,3647
200,57,3647
200,58,3647
200,59,3647
200,60,3647
200,61,3647
200,62,3647
200,63,3647
200,64,3647
200,65,3647
200,66,3647
200,67,3647
200,68,3647
200,69,3647
200,70,3647
200,71,3647
200,72,3647
200,73,3647
200,74,3647
200,75,3647
200,76,3647
200,77,3647
200,78,3647
200,79,3647
200,80,3647
200,81,3647
200,82,3647
200,83,3647
200,84,3647
200,85,3647
200,86,3647
200,87,3647
200,88,3647
200,89,3647
200,90,3647
200,91,3647
200,92,3647
200,93,3647
200,94,3647
200,95,3647
200,96,3647
200,97,3647
200,98,3647
200,99,3647
200,100,3647
200,101,3647
200,102,3647
200,103,3647
200,104,3647
200,105,3647
200,106,3647
200,107,3647
200,108,3647
200,109,3647
200,110,3647
200,111,3647
200,112,3647
200,113,3647
200,114,3647
200,115,3647
200,116,3647
200,117,3647
200,118,3647
200,119,3647
200,120,3647
200,121,3647
200,122,3647
200,123,3647
200,124,3647
200,125,3647
200,126,3647
200,127,3647
200,128,3647
200,129,3647
200,130,3647
200,131,3647
200,132,3647
200,133,3647
200,134,3647
200,135,3647
200,136,3647
200,137,3647
200,138,3647
200,139,3647
200,141,3647
200,142,3647
200,144,3647
200,145,3647
200,146,3647
200,147,3647
200,148,3647
200,149,3647
200,150,3647
201,1,3647
201,2,3647
201,3,3647
201,4,3647
201,5,3647
201,6,3647
201,7,3647
201,8,3647
201,9,3647
201,10,3647
201,11,3647
201,12,3647
201,13,3647
201,14,3647
201,15,3647
201,16,3647
201,17,3647
201,18,3647
201,19,3647
201,20,3647
201,21,3647
201,22,3647
201,23,3647
201,24,3647
201,25,3647
201,26,3647
201,27,3647
201,28,3647
201,29,3647
201,30,3647
201,31,3647
201,32,3647
201,33,3647
201,34,3647
201,35,3647
201,36,3647
201,37,3647
201,38,3647
201,39,3647
201,40,3647
201,41,3647
201,42,3647
201,43,3647
201,44,3647
201,45,3647
201,46,3647
201,47,3647
201,48,3647
201,49,3647
201,50,3647
201,51,3647
201,52,3647
201,53,3647
201,54,3647
201,55,3647
201,56,3647
201,57,3647
201,58,3647
201,59,3647
201,60,3647
201,61,3647
201,62,3647
201,63,3647
201,64,3647
201,65,3647
201,66,3647
201,67,3647
201,68,3647
201,69,3647
201,70,3647
201,71,3647
201,72,3647
201,73,3647
201,74,3647
201,75,3647
201,76,3647
201,77,3647
201,78,3647
201,79,3647
201,80,3647
201,81,3647
201,82,3647
201,83,3647
201,84,3647
201,85,3647
201,86,3647
201,87,3647
201,88,3647
201,89,3647
201,90,3647
201,91,3647
201,92,3647
201,93,3647
201,94,3647
201,95,3647
201,96,3647
201,97,3647
201,98,3647
201,99,3647
201,100,3647
201,101,3647
201,102,3647
201,103,3647
201,104,3647
201,105,3647
201,106,3647
201,107,3647
201,108,3647
201,109,3647
201,110,3647
201,111,3647
201,112,3647
201,113,3647
201,114,3647
201,115,3647
201,116,3647
201,117,3647
201,118,3647
201,119,3647
201,120,3647
201,121,3647
201,122,3647
201,123,3647
201,124,3647
201,125,3647
201,126,3647
201,127,3647
201,128,3647
201,129,3647
201,130,3647
201,131,3647
201,132,3647
201,133,3647
201,134,3647
201,135,3647
201,136,3647
201,137,3647
201,138,3647
201,139,3647
201,141,3647
201,142,3647
201,144,3647
201,145,3647
201,146,3647
201,147,3647
201,148,3647
201,149,3647
201,150,3647
202,1,3647
202,2,3647
202,3,3647
202,4,3647
202,5,3647
202,6,3647
202,7,3647
202,8,3647
202,9,3647
202,10,3647
202,11,3647
202,12,3647
202,13,3647
202,14,3647
202,15,3647
202,16,3647
202,17,3647
202,18,3647
202,19,3647
202,20,3647
202,21,3647
202,22,3647
202,23,3647
202,24,3647
202,25,3647
202,26,3647
202,27,3647
202,28,3647
202,29,3647
202,30,3647
202,31,3647
202,32,3647
202,33,3647
202,34,3647
202,35,3647
202,36,3647
202,37,3647
202,38,3647
202,39,3647
202,40,3647
202,41,3647
202,42,3647
202,43,3647
202,44,3647
202,45,3647
202,46,3647
202,47,3647
202,48,3647
202,49,3647
202,50,3647
202,51,3647
202,52,3647
202,53,3647
202,54,3647
202,55,3647
202,56,3647
202,57,3647
202,58,3647
202,59,3647
202,60,3647
202,61,3647
202,62,3647
202,63,3647
202,64,3647
202,65,3647
202,66,3647
202,67,3647
202,68,3647
202,69,3647
202,70,3647
202,71,3647
202,72,3647
202,73,3647
202,74,3647
202,75,3647
202,76,3647
202,77,3647
202,78,3647
202,79,3647
202,80,3647
202,81,3647
202,82,3647
202,83,3647
202,84,3647
202,85,3647
202,86,3647
202,87,3647
202,88,3647
202,89,3647
202,90,3647
202,91,3647
202,92,3647
202,93,3647
202,94,3647
202,95,3647
202,96,3647
202,97,3647
202,98,3647
202,99,3647
202,100,3647
202,101,3647
202,102,3647
202,103,3647
202,104,3647
202,105,3647
202,106,3647
202,107,3647
202,108,3647
202,109,3647
202,110,3647
202,111,3647
202,112,3647
202,113,3647
202,114,3647
202,115,3647
202,116,3647
202,117,3647
202,118,3647
202,119,3647
202,120,3647
202,121,3647
202,122,3647
202,123,3647
202,124,3647
202,125,3647
202,126,3647
202,127,3647
202,128,3647
202,129,3647
202,130,3647
202,131,3647
202,132,3647
202,133,3647
202,134,3647
202,135,3647
202,136,3647
202,137,3647
202,138,3647
202,139,3647
202,141,3647
202,142,3647
202,144,3647
202,145,3647
202,146,3647
202,147,3647
202,148,3647
202,149,3647
202,150,3647
203,1,3647
203,2,3647
203,3,3647
203,4,3647
203,5,3647
203,6,3647
203,7,3647
203,8,3647
203,9,3647
203,10,3647
203,11,3647
203,12,3647
203,13,3647
203,14,3647
203,15,3647
203,16,3647
203,17,3647
203,18,3647
203,19,3647
203,20,3647
203,21,3647
203,22,3647
203,23,3647
203,24,3647
203,25,3647
203,26,3647
203,27,3647
203,28,3647
203,29,3647
203,30,3647
203,31,3647
203,32,3647
203,33,3647
203,34,3647
203,35,3647
203,36,3647
203,37,3647
203,38,3647
203,39,3647
203,40,3647
203,41,3647
203,42,3647
203,43,3647
203,44,3647
203,45,3647
203,46,3647
203,47,3647
203,48,3647
203,49,3647
203,50,3647
203,51,3647
203,52,3647
203,53,3647
203,54,3647
203,55,3647
203,56,3647
203,57,3647
203,58,3647
203,59,3647
203,60,3647
203,61,3647
203,62,3647
203,63,3647
203,64,3647
203,65,3647
203,66,3647
203,67,3647
203,68,3647
203,69,3647
203,70,3647
203,71,3647
203,72,3647
203,73,3647
203,74,3647
203,75,3647
203,76,3647
203,77,3647
203,78,3647
203,79,3647
203,80,3647
203,81,3647
203,82,3647
203,83,3647
203,84,3647
203,85,3647
203,86,3647
203,87,3647
203,88,3647
203,89,3647
203,90,3647
203,91,3647
203,92,3647
203,93,3647
203,94,3647
203,95,3647
203,96,3647
203,97,3647
203,98,3647
203,99,3647
203,100,3647
203,101,3647
203,102,3647
203,103,3647
203,104,3647
203,105,3647
203,106,3647
203,107,3647
203,108,3647
203,109,3647
203,110,3647
203,111,3647
203,112,3647
203,113,3647
203,114,3647
203,115,3647
203,116,3647
203,117,3647
203,118,3647
203,119,3647
203,120,3647
203,121,3647
203,122,3647
203,123,3647
203,124,3647
203,125,3647
203,126,3647
203,127,3647
203,128,3647
203,129,3647
203,130,3647
203,131,3647
203,132,3647
203,133,3647
203,134,3647
203,135,3647
203,136,3647
203,137,3647
203,138,3647
203,139,3647
203,141,3647
203,142,3647
203,144,3647
203,145,3647
203,146,3647
203,147,3647
203,148,3647
203,149,3647
203,150,3647
205,129,3647
216,1,3647
216,2,3647
216,3,3647
216,4,3647
216,5,3647
216,6,3647
216,7,3647
216,8,3647
216,9,3647
216,10,3647
216,11,3647
216,12,3647
216,13,3647
216,14,3647
216,15,3647
216,16,3647
216,17,3647
216,18,3647
216,19,3647
216,20,3647
216,21,3647
216,22,3647
216,23,3647
216,24,3647
216,25,3647
216,26,3647
216,27,3647
216,28,3647
216,29,3647
216,30,3647
216,31,3647
216,32,3647
216,33,3647
216,34,3647
216,35,3647
216,36,3647
216,37,3647
216,38,3647
216,39,3647
216,40,3647
216,41,3647
216,42,3647
216,43,3647
216,44,3647
216,45,3647
216,46,3647
216,47,3647
216,48,3647
216,49,3647
216,50,3647
216,51,3647
216,52,3647
216,53,3647
216,54,3647
216,55,3647
216,56,3647
216,57,3647
216,58,3647
216,59,3647
216,60,3647
216,61,3647
216,62,3647
216,63,3647
216,64,3647
216,65,3647
216,66,3647
216,67,3647
216,68,3647
216,69,3647
216,70,3647
216,71,3647
216,72,3647
216,73,3647
216,74,3647
216,75,3647
216,76,3647
216,77,3647
216,78,3647
216,79,3647
216,80,3647
216,81,3647
216,82,3647
216,83,3647
216,84,3647
216,85,3647
216,86,3647
216,87,3647
216,88,3647
216,89,3647
216,90,3647
216,91,3647
216,92,3647
216,93,3647
216,94,3647
216,95,3647
216,96,3647
216,97,3647
216,98,3647
216,99,3647
216,100,3647
216,101,3647
216,102,3647
216,103,3647
216,104,3647
216,105,3647
216,106,3647
216,107,3647
216,108,3647
216,109,3647
216,110,3647
216,111,3647
216,112,3647
216,113,3647
216,114,3647
216,115,3647
216,116,3647
216,117,3647
216,118,3647
216,119,3647
216,120,3647
216,121,3647
216,122,3647
216,123,3647
216,124,3647
216,125,3647
216,126,3647
216,127,3647
216,128,3647
216,129,3647
216,130,3647
216,131,3647
216,132,3647
216,133,3647
216,134,3647
216,135,3647
216,136,3647
216,137,3647
216,138,3647
216,139,3647
216,141,3647
216,142,3647
216,144,3647
216,145,3647
216,146,3647
216,147,3647
216,148,3647
216,149,3647
216,150,3647
217,1,3647
217,2,3647
217,3,3647
217,4,3647
217,5,3647
217,6,3647
217,7,3647
217,8,3647
217,9,3647
217,10,3647
217,11,3647
217,12,3647
217,13,3647
217,14,3647
217,15,3647
217,16,3647
217,17,3647
217,18,3647
217,19,3647
217,20,3647
217,21,3647
217,22,3647
217,23,3647
217,24,3647
217,25,3647
217,26,3647
217,27,3647
217,28,3647
217,29,3647
217,30,3647
217,31,3647
217,32,3647
217,33,3647
217,34,3647
217,35,3647
217,36,3647
217,37,3647
217,38,3647
217,39,3647
217,40,3647
217,41,3647
217,42,3647
217,43,3647
217,44,3647
217,45,3647
217,46,3647
217,47,3647
217,48,3647
217,49,3647
217,50,3647
217,51,3647
217,52,3647
217,53,3647
217,54,3647
217,55,3647
217,56,3647
217,57,3647
217,58,3647
217,59,3647
217,60,3647
217,61,3647
217,62,3647
217,63,3647
217,64,3647
217,65,3647
217,66,3647
217,67,3647
217,68,3647
217,69,3647
217,70,3647
217,71,3647
217,72,3647
217,73,3647
217,74,3647
217,75,3647
217,76,3647
217,77,3647
217,78,3647
217,79,3647
217,80,3647
217,81,3647
217,82,3647
217,83,3647
217,84,3647
217,85,3647
217,86,3647
217,87,3647
217,88,3647
217,89,3647
217,90,3647
217,91,3647
217,92,3647
217,93,3647
217,94,3647
217,95,3647
217,96,3647
217,97,3647
217,98,3647
217,99,3647
217,100,3647
217,101,3647
217,102,3647
217,103,3647
217,104,3647
217,105,3647
217,106,3647
217,107,3647
217,108,3647
217,109,3647
217,110,3647
217,111,3647
217,112,3647
217,113,3647
217,114,3647
217,115,3647
217,116,3647
217,117,3647
217,118,3647
217,119,3647
217,120,3647
217,121,3647
217,122,3647
217,123,3647
217,124,3647
217,125,3647
217,126,3647
217,127,3647
217,128,3647
217,129,3647
217,130,3647
217,131,3647
217,132,3647
217,133,3647
217,134,3647
217,135,3647
217,136,3647
217,137,3647
217,138,3647
217,139,3647
217,141,3647
217,142,3647
217,144,3647
217,145,3647
217,146,3647
217,147,3647
217,148,3647
217,149,3647
217,150,3647
218,1,3647
218,2,3647
218,3,3647
218,4,3647
218,5,3647
218,6,3647
218,7,3647
218,8,3647
218,9,3647
218,10,3647
218,11,3647
218,12,3647
218,13,3647
218,14,3647
218,15,3647
218,16,3647
218,17,3647
218,18,3647
218,19,3647
218,20,3647
218,21,3647
218,22,3647
218,23,3647
218,24,3647
218,25,3647
218,26,3647
218,27,3647
218,28,3647
218,29,3647
218,30,3647
218,31,3647
218,32,3647
218,33,3647
218,34,3647
218,35,3647
218,36,3647
218,37,3647
218,38,3647
218,39,3647
218,40,3647
218,41,3647
218,42,3647
218,43,3647
218,44,3647
218,45,3647
218,46,3647
218,47,3647
218,48,3647
218,49,3647
218,50,3647
218,51,3647
218,52,3647
218,53,3647
218,54,3647
218,55,3647
218,56,3647
218,57,3647
218,58,3647
218,59,3647
218,60,3647
218,61,3647
218,62,3647
218,63,3647
218,64,3647
218,65,3647
218,66,3647
218,67,3647
218,68,3647
218,69,3647
218,70,3647
218,71,3647
218,72,3647
218,73,3647
218,74,3647
218,75,3647
218,76,3647
218,77,3647
218,78,3647
218,79,3647
218,80,3647
218,81,3647
218,82,3647
218,83,3647
218,84,3647
218,85,3647
218,86,3647
218,87,3647
218,88,3647
218,89,3647
218,90,3647
218,91,3647
218,92,3647
218,93,3647
218,94,3647
218,95,3647
218,96,3647
218,97,3647
218,98,3647
218,99,3647
218,100,3647
218,101,3647
218,102,3647
218,103,3647
218,104,3647
218,105,3647
218,106,3647
218,107,3647
218,108,3647
218,109,3647
218,110,3647
218,111,3647
218,112,3647
218,113,3647
218,114,3647
218,115,3647
218,116,3647
218,117,3647
218,118,3647
218,119,3647
218,120,3647
218,121,3647
218,122,3647
218,123,3647
218,124,3647
218,125,3647
218,126,3647
218,127,3647
218,128,3647
218,129,3647
218,130,3647
218,131,3647
218,132,3647
218,133,3647
218,134,3647
218,135,3647
218,136,3647
218,137,3647
218,138,3647
218,139,3647
218,141,3647
218,142,3647
218,144,3647
218,145,3647
218,146,3647
218,147,3647
218,148,3647
218,149,3647
218,150,3647
219,1,3647
219,2,3647
219,3,3647
219,4,3647
219,5,3647
219,6,3647
219,7,3647
219,8,3647
219,9,3647
219,10,3647
219,11,3647
219,12,3647
219,13,3647
219,14,3647
219,15,3647
219,16,3647
219,17,3647
219,18,3647
219,19,3647
219,20,3647
219,21,3647
219,22,3647
219,23,3647
219,24,3647
219,25,3647
219,26,3647
219,27,3647
219,28,3647
219,29,3647
219,30,3647
219,31,3647
219,32,3647
219,33,3647
219,34,3647
219,35,3647
219,36,3647
219,37,3647
219,38,3647
219,39,3647
219,40,3647
219,41,3647
219,42,3647
219,43,3647
219,44,3647
219,45,3647
219,46,3647
219,47,3647
219,48,3647
219,49,3647
219,50,3647
219,51,3647
219,52,3647
219,53,3647
219,54,3647
219,55,3647
219,56,3647
219,57,3647
219,58,3647
219,59,3647
219,60,3647
219,61,3647
219,62,3647
219,63,3647
219,64,3647
219,65,3647
219,66,3647
219,67,3647
219,68,3647
219,69,3647
219,70,3647
219,71,3647
219,72,3647
219,73,3647
219,74,3647
219,75,3647
219,76,3647
219,77,3647
219,78,3647
219,79,3647
219,80,3647
219,81,3647
219,82,3647
219,83,3647
219,84,3647
219,85,3647
219,86,3647
219,87,3647
219,88,3647
219,89,3647
219,90,3647
219,91,3647
219,92,3647
219,93,3647
219,94,3647
219,95,3647
219,96,3647
219,97,3647
219,98,3647
219,99,3647
219,100,3647
219,101,3647
219,102,3647
219,103,3647
219,104,3647
219,105,3647
219,106,3647
219,107,3647
219,108,3647
219,109,3647
219,110,3647
219,111,3647
219,112,3647
219,113,3647
219,114,3647
219,115,3647
219,116,3647
219,117,3647
219,118,3647
219,119,3647
219,120,3647
219,121,3647
219,122,3647
219,123,3647
219,124,3647
219,125,3647
219,126,3647
219,127,3647
219,128,3647
219,129,3647
219,130,3647
219,131,3647
219,132,3647
219,133,3647
219,134,3647
219,135,3647
219,136,3647
219,137,3647
219,138,3647
219,139,3647
219,141,3647
219,142,3647
219,144,3647
219,145,3647
219,146,3647
219,147,3647
219,148,3647
219,149,3647
219,150,3647
221,1,3647
221,2,3647
221,3,3647
221,4,3647
221,5,3647
221,6,3647
221,7,3647
221,8,3647
221,9,3647
221,10,3647
221,11,3647
221,12,3647
221,13,3647
221,14,3647
221,15,3647
221,16,3647
221,17,3647
221,18,3647
221,19,3647
221,20,3647
221,21,3647
221,22,3647
221,23,3647
221,24,3647
221,25,3647
221,26,3647
221,27,3647
221,28,3647
221,29,3647
221,30,3647
221,31,3647
221,32,3647
221,33,3647
221,34,3647
221,35,3647
221,36,3647
221,37,3647
221,38,3647
221,39,3647
221,40,3647
221,41,3647
221,42,3647
221,43,3647
221,44,3647
221,45,3647
221,46,3647
221,47,3647
221,48,3647
221,49,3647
221,50,3647
221,51,3647
221,52,3647
221,53,3647
221,54,3647
221,55,3647
221,56,3647
221,57,3647
221,58,3647
221,59,3647
221,60,3647
221,61,3647
221,62,3647
221,63,3647
221,64,3647
221,65,3647
221,66,3647
221,67,3647
221,68,3647
221,69,3647
221,70,3647
221,71,3647
221,72,3647
221,73,3647
221,74,3647
221,75,3647
221,76,3647
221,77,3647
221,78,3647
221,79,3647
221,80,3647
221,81,3647
221,82,3647
221,83,3647
221,84,3647
221,85,3647
221,86,3647
221,87,3647
221,88,3647
221,89,3647
221,90,3647
221,91,3647
221,92,3647
221,93,3647
221,94,3647
221,95,3647
221,96,3647
221,97,3647
221,98,3647
221,99,3647
221,100,3647
221,101,3647
221,102,3647
221,103,3647
221,104,3647
221,105,3647
221,106,3647
221,107,3647
221,108,3647
221,109,3647
221,110,3647
221,111,3647
221,112,3647
221,113,3647
221,114,3647
221,115,3647
221,116,3647
221,117,3647
221,118,3647
221,119,3647
221,120,3647
221,121,3647
221,122,3647
221,123,3647
221,124,3647
221,125,3647
221,126,3647
221,127,3647
221,128,3647
221,129,3647
221,130,3647
221,131,3647
221,132,3647
221,133,3647
221,134,3647
221,135,3647
221,136,3647
221,137,3647
221,138,3647
221,139,3647
221,141,3647
221,142,3647
221,144,3647
221,145,3647
221,146,3647
221,147,3647
221,148,3647
221,149,3647
221,150,3647
222,1,3647
222,2,3647
222,3,3647
222,4,3647
222,5,3647
222,6,3647
222,7,3647
222,8,3647
222,9,3647
222,10,3647
222,11,3647
222,12,3647
222,13,3647
222,14,3647
222,15,3647
222,16,3647
222,17,3647
222,18,3647
222,19,3647
222,20,3647
222,21,3647
222,22,3647
222,23,3647
222,24,3647
222,25,3647
222,26,3647
222,27,3647
222,28,3647
222,29,3647
222,30,3647
222,31,3647
222,32,3647
222,33,3647
222,34,3647
222,35,3647
222,36,3647
222,37,3647
222,38,3647
222,39,3647
222,40,3647
222,41,3647
222,42,3647
222,43,3647
222,44,3647
222,45,3647
222,46,3647
222,47,3647
222,48,3647
222,49,3647
222,50,3647
222,51,3647
222,52,3647
222,53,3647
222,54,3647
222,55,3647
222,56,3647
222,57,3647
222,58,3647
222,59,3647
222,60,3647
222,61,3647
222,62,3647
222,63,3647
222,64,3647
222,65,3647
222,66,3647
222,67,3647
222,68,3647
222,69,3647
222,70,3647
222,71,3647
222,72,3647
222,73,3647
222,74,3647
222,75,3647
222,76,3647
222,77,3647
222,78,3647
222,79,3647
222,80,3647
222,81,3647
222,82,3647
222,83,3647
222,84,3647
222,85,3647
222,86,3647
222,87,3647
222,88,3647
222,89,3647
222,90,3647
222,91,3647
222,92,3647
222,93,3647
222,94,3647
222,95,3647
222,96,3647
222,97,3647
222,98,3647
222,99,3647
222,100,3647
222,101,3647
222,102,3647
222,103,3647
222,104,3647
222,105,3647
222,106,3647
222,107,3647
222,108,3647
222,109,3647
222,110,3647
222,111,3647
222,112,3647
222,113,3647
222,114,3647
222,115,3647
222,116,3647
222,117,3647
222,118,3647
222,119,3647
222,120,3647
222,121,3647
222,122,3647
222,123,3647
222,124,3647
222,125,3647
222,126,3647
222,127,3647
222,128,3647
222,129,3647
222,130,3647
222,131,3647
222,132,3647
222,133,3647
222,134,3647
222,135,3647
222,136,3647
222,137,3647
222,138,3647
222,139,3647
222,141,3647
222,142,3647
222,144,3647
222,145,3647
222,146,3647
222,147,3647
222,148,3647
222,149,3647
222,150,3647
223,1,3647
223,2,3647
223,3,3647
223,4,3647
223,5,3647
223,6,3647
223,7,3647
223,8,3647
223,9,3647
223,10,3647
223,11,3647
223,12,3647
223,13,3647
223,14,3647
223,15,3647
223,16,3647
223,17,3647
223,18,3647
223,19,3647
223,20,3647
223,21,3647
223,22,3647
223,23,3647
223,24,3647
223,25,3647
223,26,3647
223,27,3647
223,28,3647
223,29,3647
223,30,3647
223,31,3647
223,32,3647
223,33,3647
223,34,3647
223,35,3647
223,36,3647
223,37,3647
223,38,3647
223,39,3647
223,40,3647
223,41,3647
223,42,3647
223,43,3647
223,44,3647
223,45,3647
223,46,3647
223,47,3647
223,48,3647
223,49,3647
223,50,3647
223,51,3647
223,52,3647
223,53,3647
223,54,3647
223,55,3647
223,56,3647
223,57,3647
223,58,3647
223,59,3647
223,60,3647
223,61,3647
223,62,3647
223,63,3647
223,64,3647
223,65,3647
223,66,3647
223,67,3647
223,68,3647
223,69,3647
223,70,3647
223,71,3647
223,72,3647
223,73,3647
223,74,3647
223,75,3647
223,76,3647
223,77,3647
223,78,3647
223,79,3647
223,80,3647
223,81,3647
223,82,3647
223,83,3647
223,84,3647
223,85,3647
223,86,3647
223,87,3647
223,88,3647
223,89,3647
223,90,3647
223,91,3647
223,92,3647
223,93,3647
223,94,3647
223,95,3647
223,96,3647
223,97,3647
223,98,3647
223,99,3647
223,100,3647
223,101,3647
223,102,3647
223,103,3647
223,104,3647
223,105,3647
223,106,3647
223,107,3647
223,108,3647
223,109,3647
223,110,3647
223,111,3647
223,112,3647
223,113,3647
223,114,3647
223,115,3647
223,116,3647
223,117,3647
223,118,3647
223,119,3647
223,120,3647
223,121,3647
223,122,3647
223,123,3647
223,124,3647
223,125,3647
223,126,3647
223,127,3647
223,128,3647
223,129,3647
223,130,3647
223,131,3647
223,132,3647
223,133,3647
223,134,3647
223,135,3647
223,136,3647
223,137,3647
223,138,3647
223,139,3647
223,141,3647
223,142,3647
223,144,3647
223,145,3647
223,146,3647
223,147,3647
223,148,3647
223,149,3647
223,150,3647
224,1,3647
224,2,3647
224,3,3647
224,4,3647
224,5,3647
224,6,3647
224,7,3647
224,8,3647
224,9,3647
224,10,3647
224,11,3647
224,12,3647
224,13,3647
224,14,3647
224,15,3647
224,16,3647
224,17,3647
224,18,3647
224,19,3647
224,20,3647
224,21,3647
224,22,3647
224,23,3647
224,24,3647
224,25,3647
224,26,3647
224,27,3647
224,28,3647
224,29,3647
224,30,3647
224,31,3647
224,32,3647
224,33,3647
224,34,3647
224,35,3647
224,36,3647
224,37,3647
224,38,3647
224,39,3647
224,40,3647
224,41,3647
224,42,3647
224,43,3647
224,44,3647
224,45,3647
224,46,3647
224,47,3647
224,48,3647
224,49,3647
224,50,3647
224,51,3647
224,52,3647
224,53,3647
224,54,3647
224,55,3647
224,56,3647
224,57,3647
224,58,3647
224,59,3647
224,60,3647
224,61,3647
224,62,3647
224,63,3647
224,64,3647
224,65,3647
224,66,3647
224,67,3647
224,68,3647
224,69,3647
224,70,3647
224,71,3647
224,72,3647
224,73,3647
224,74,3647
224,75,3647
224,76,3647
224,77,3647
224,78,3647
224,79,3647
224,80,3647
224,81,3647
224,82,3647
224,83,3647
224,84,3647
224,85,3647
224,86,3647
224,87,3647
224,88,3647
224,89,3647
224,90,3647
224,91,3647
224,92,3647
224,93,3647
224,94,3647
224,95,3647
224,96,3647
224,97,3647
224,98,3647
224,99,3647
224,100,3647
224,101,3647
224,102,3647
224,103,3647
224,104,3647
224,105,3647
224,106,3647
224,107,3647
224,108,3647
224,109,3647
224,110,3647
224,111,3647
224,112,3647
224,113,3647
224,114,3647
224,115,3647
224,116,3647
224,117,3647
224,118,3647
224,119,3647
224,120,3647
224,121,3647
224,122,3647
224,123,3647
224,124,3647
224,125,3647
224,126,3647
224,127,3647
224,128,3647
224,129,3647
224,130,3647
224,131,3647
224,132,3647
224,133,3647
224,134,3647
224,135,3647
224,136,3647
224,137,3647
224,138,3647
224,139,3647
224,141,3647
224,142,3647
224,144,3647
224,145,3647
224,146,3647
224,147,3647
224,148,3647
224,149,3647
224,150,3647
225,1,3647
225,2,3647
225,3,3647
225,4,3647
225,5,3647
225,6,3647
225,7,3647
225,8,3647
225,9,3647
225,10,3647
225,11,3647
225,12,3647
225,13,3647
225,14,3647
225,15,3647
225,16,3647
225,17,3647
225,18,3647
225,19,3647
225,20,3647
225,21,3647
225,22,3647
225,23,3647
225,24,3647
225,25,3647
225,26,3647
225,27,3647
225,28,3647
225,29,3647
225,30,3647
225,31,3647
225,32,3647
225,33,3647
225,34,3647
225,35,3647
225,36,3647
225,37,3647
225,38,3647
225,39,3647
225,40,3647
225,41,3647
225,42,3647
225,43,3647
225,44,3647
225,45,3647
225,46,3647
225,47,3647
225,48,3647
225,49,3647
225,50,3647
225,51,3647
225,52,3647
225,53,3647
225,54,3647
225,55,3647
225,56,3647
225,57,3647
225,58,3647
225,59,3647
225,60,3647
225,61,3647
225,62,3647
225,63,3647
225,64,3647
225,65,3647
225,66,3647
225,67,3647
225,68,3647
225,69,3647
225,70,3647
225,71,3647
225,72,3647
225,73,3647
225,74,3647
225,75,3647
225,76,3647
225,77,3647
225,78,3647
225,79,3647
225,80,3647
225,81,3647
225,82,3647
225,83,3647
225,84,3647
225,85,3647
225,86,3647
225,87,3647
225,88,3647
225,89,3647
225,90,3647
225,91,3647
225,92,3647
225,93,3647
225,94,3647
225,95,3647
225,96,3647
225,97,3647
225,98,3647
225,99,3647
225,100,3647
225,101,3647
225,102,3647
225,103,3647
225,104,3647
225,105,3647
225,106,3647
225,107,3647
225,108,3647
225,109,3647
225,110,3647
225,111,3647
225,112,3647
225,113,3647
225,114,3647
225,115,3647
225,116,3647
225,117,3647
225,118,3647
225,119,3647
225,120,3647
225,121,3647
225,122,3647
225,123,3647
225,124,3647
225,125,3647
225,126,3647
225,127,3647
225,128,3647
225,129,3647
225,130,3647
225,131,3647
225,132,3647
225,133,3647
225,134,3647
225,135,3647
225,136,3647
225,137,3647
225,138,3647
225,139,3647
225,141,3647
225,142,3647
225,144,3647
225,145,3647
225,146,3647
225,147,3647
225,148,3647
225,149,3647
225,150,3647
232,1,3647
232,2,3647
232,3,3647
232,4,3647
232,5,3647
232,6,3647
232,7,3647
232,8,3647
232,9,3647
232,10,3647
232,11,3647
232,12,3647
232,13,3647
232,14,3647
232,15,3647
232,16,3647
232,17,3647
232,18,3647
232,19,3647
232,20,3647
232,21,3647
232,22,3647
232,23,3647
232,24,3647
232,25,3647
232,26,3647
232,27,3647
232,28,3647
232,29,3647
232,30,3647
232,31,3647
232,32,3647
232,33,3647
232,34,3647
232,35,3647
232,36,3647
232,37,3647
232,38,3647
232,39,3647
232,40,3647
232,41,3647
232,42,3647
232,43,3647
232,44,3647
232,45,3647
232,46,3647
232,47,3647
232,48,3647
232,49,3647
232,50,3647
232,51,3647
232,52,3647
232,53,3647
232,54,3647
232,55,3647
232,56,3647
232,57,3647
232,58,3647
232,59,3647
232,60,3647
232,61,3647
232,62,3647
232,63,3647
232,64,3647
232,65,3647
232,66,3647
232,67,3647
232,68,3647
232,69,3647
232,70,3647
232,71,3647
232,72,3647
232,73,3647
232,74,3647
232,75,3647
232,76,3647
232,77,3647
232,78,3647
232,79,3647
232,80,3647
232,81,3647
232,82,3647
232,83,3647
232,84,3647
232,85,3647
232,86,3647
232,87,3647
232,88,3647
232,89,3647
232,90,3647
232,91,3647
232,92,3647
232,93,3647
232,94,3647
232,95,3647
232,96,3647
232,97,3647
232,98,3647
232,99,3647
232,100,3647
232,101,3647
232,102,3647
232,103,3647
232,104,3647
232,105,3647
232,106,3647
232,107,3647
232,108,3647
232,109,3647
232,110,3647
232,111,3647
232,112,3647
232,113,3647
232,114,3647
232,115,3647
232,116,3647
232,117,3647
232,118,3647
232,119,3647
232,120,3647
232,121,3647
232,122,3647
232,123,3647
232,124,3647
232,125,3647
232,126,3647
232,127,3647
232,128,3647
232,129,3647
232,130,3647
232,131,3647
232,132,3647
232,133,3647
232,134,3647
232,135,3647
232,136,3647
232,137,3647
232,138,3647
232,139,3647
232,141,3647
232,142,3647
232,144,3647
232,145,3647
232,146,3647
232,147,3647
232,148,3647
232,149,3647
232,150,3647
235,129,3647
241,1,3647
241,2,3647
241,3,3647
241,4,3647
241,5,3647
241,6,3647
241,7,3647
241,8,3647
241,9,3647
241,10,3647
241,11,3647
241,12,3647
241,13,3647
241,14,3647
241,15,3647
241,16,3647
241,17,3647
241,18,3647
241,19,3647
241,20,3647
241,21,3647
241,22,3647
241,23,3647
241,24,3647
241,25,3647
241,26,3647
241,27,3647
241,28,3647
241,29,3647
241,30,3647
241,31,3647
241,32,3647
241,33,3647
241,34,3647
241,35,3647
241,36,3647
241,37,3647
241,38,3647
241,39,3647
241,40,3647
241,41,3647
241,42,3647
241,43,3647
241,44,3647
241,45,3647
241,46,3647
241,47,3647
241,48,3647
241,49,3647
241,50,3647
241,51,3647
241,52,3647
241,53,3647
241,54,3647
241,55,3647
241,56,3647
241,57,3647
241,58,3647
241,59,3647
241,60,3647
241,61,3647
241,62,3647
241,63,3647
241,64,3647
241,65,3647
241,66,3647
241,67,3647
241,68,3647
241,69,3647
241,70,3647
241,71,3647
241,72,3647
241,73,3647
241,74,3647
241,75,3647
241,76,3647
241,77,3647
241,78,3647
241,79,3647
241,80,3647
241,81,3647
241,82,3647
241,83,3647
241,84,3647
241,85,3647
241,86,3647
241,87,3647
241,88,3647
241,89,3647
241,90,3647
241,91,3647
241,92,3647
241,93,3647
241,94,3647
241,95,3647
241,96,3647
241,97,3647
241,98,3647
241,99,3647
241,100,3647
241,101,3647
241,102,3647
241,103,3647
241,104,3647
241,105,3647
241,106,3647
241,107,3647
241,108,3647
241,109,3647
241,110,3647
241,111,3647
241,112,3647
241,113,3647
241,114,3647
241,115,3647
241,116,3647
241,117,3647
241,118,3647
241,119,3647
241,120,3647
241,121,3647
241,122,3647
241,123,3647
241,124,3647
241,125,3647
241,126,3647
241,127,3647
241,128,3647
241,129,3647
241,130,3647
241,131,3647
241,132,3647
241,133,3647
241,134,3647
241,135,3647
241,136,3647
241,137,3647
241,138,3647
241,139,3647
241,141,3647
241,142,3647
241,144,3647
241,145,3647
241,146,3647
241,147,3647
241,148,3647
241,149,3647
241,150,3647
242,1,3647
242,2,3647
242,3,3647
242,4,3647
242,5,3647
242,6,3647
242,7,3647
242,8,3647
242,9,3647
242,10,3647
242,11,3647
242,12,3647
242,13,3647
242,14,3647
242,15,3647
242,16,3647
242,17,3647
242,18,3647
242,19,3647
242,20,3647
242,21,3647
242,22,3647
242,23,3647
242,24,3647
242,25,3647
242,26,3647
242,27,3647
242,28,3647
242,29,3647
242,30,3647
242,31,3647
242,32,3647
242,33,3647
242,34,3647
242,35,3647
242,36,3647
242,37,3647
242,38,3647
242,39,3647
242,40,3647
242,41,3647
242,42,3647
242,43,3647
242,44,3647
242,45,3647
242,46,3647
242,47,3647
242,48,3647
242,49,3647
242,50,3647
242,51,3647
242,52,3647
242,53,3647
242,54,3647
242,55,3647
242,56,3647
242,57,3647
242,58,3647
242,59,3647
242,60,3647
242,61,3647
242,62,3647
242,63,3647
242,64,3647
242,65,3647
242,66,3647
242,67,3647
242,68,3647
242,69,3647
242,70,3647
242,71,3647
242,72,3647
242,73,3647
242,74,3647
242,75,3647
242,76,3647
242,77,3647
242,78,3647
242,79,3647
242,80,3647
242,81,3647
242,82,3647
242,83,3647
242,84,3647
242,85,3647
242,86,3647
242,87,3647
242,88,3647
242,89,3647
242,90,3647
242,91,3647
242,92,3647
242,93,3647
242,94,3647
242,95,3647
242,96,3647
242,97,3647
242,98,3647
242,99,3647
242,100,3647
242,101,3647
242,102,3647
242,103,3647
242,104,3647
242,105,3647
242,106,3647
242,107,3647
242,108,3647
242,109,3647
242,110,3647
242,111,3647
242,112,3647
242,113,3647
242,114,3647
242,115,3647
242,116,3647
242,117,3647
242,118,3647
242,119,3647
242,120,3647
242,121,3647
242,122,3647
242,123,3647
242,124,3647
242,125,3647
242,126,3647
242,127,3647
242,128,3647
242,129,3647
242,130,3647
242,131,3647
242,132,3647
242,133,3647
242,134,3647
242,135,3647
242,136,3647
242,137,3647
242,138,3647
242,139,3647
242,141,3647
242,142,3647
242,144,3647
242,145,3647
242,146,3647
242,147,3647
242,148,3647
242,149,3647
242,150,3647
243,1,3647
243,2,3647
243,3,3647
243,4,3647
243,5,3647
243,6,3647
243,7,3647
243,8,3647
243,9,3647
243,10,3647
243,11,3647
243,12,3647
243,13,3647
243,14,3647
243,15,3647
243,16,3647
243,17,3647
243,18,3647
243,19,3647
243,20,3647
243,21,3647
243,22,3647
243,23,3647
243,24,3647
243,25,3647
243,26,3647
243,27,3647
243,28,3647
243,29,3647
243,30,3647
243,31,3647
243,32,3647
243,33,3647
243,34,3647
243,35,3647
243,36,3647
243,37,3647
243,38,3647
243,39,3647
243,40,3647
243,41,3647
243,42,3647
243,43,3647
243,44,3647
243,45,3647
243,46,3647
243,47,3647
243,48,3647
243,49,3647
243,50,3647
243,51,3647
243,52,3647
243,53,3647
243,54,3647
243,55,3647
243,56,3647
243,57,3647
243,58,3647
243,59,3647
243,60,3647
243,61,3647
243,62,3647
243,63,3647
243,64,3647
243,65,3647
243,66,3647
243,67,3647
243,68,3647
243,69,3647
243,70,3647
243,71,3647
243,72,3647
243,73,3647
243,74,3647
243,75,3647
243,76,3647
243,77,3647
243,78,3647
243,79,3647
243,80,3647
243,81,3647
243,82,3647
243,83,3647
243,84,3647
243,85,3647
243,86,3647
243,87,3647
243,88,3647
243,89,3647
243,90,3647
243,91,3647
243,92,3647
243,93,3647
243,94,3647
243,95,3647
243,96,3647
243,97,3647
243,98,3647
243,99,3647
243,100,3647
243,101,3647
243,102,3647
243,103,3647
243,104,3647
243,105,3647
243,106,3647
243,107,3647
243,108,3647
243,109,3647
243,110,3647
243,111,3647
243,112,3647
243,113,3647
243,114,3647
243,115,3647
243,116,3647
243,117,3647
243,118,3647
243,119,3647
243,120,3647
243,121,3647
243,122,3647
243,123,3647
243,124,3647
243,125,3647
243,126,3647
243,127,3647
243,128,3647
243,129,3647
243,130,3647
243,131,3647
243,132,3647
243,133,3647
243,134,3647
243,135,3647
243,136,3647
243,137,3647
243,138,3647
243,139,3647
243,141,3647
243,142,3647
243,144,3647
243,145,3647
243,146,3647
243,147,3647
243,148,3647
243,149,3647
243,150,3647
244,1,3647
244,2,3647
244,3,3647
244,4,3647
244,5,3647
244,6,3647
244,7,3647
244,8,3647
244,9,3647
244,10,3647
244,11,3647
244,12,3647
244,13,3647
244,14,3647
244,15,3647
244,16,3647
244,17,3647
244,18,3647
244,19,3647
244,20,3647
244,21,3647
244,22,3647
244,23,3647
244,24,3647
244,25,3647
244,26,3647
244,27,3647
244,28,3647
244,29,3647
244,30,3647
244,31,3647
244,32,3647
244,33,3647
244,34,3647
244,35,3647
244,36,3647
244,37,3647
244,38,3647
244,39,3647
244,40,3647
244,41,3647
244,42,3647
244,43,3647
244,44,3647
244,45,3647
244,46,3647
244,47,3647
244,48,3647
244,49,3647
244,50,3647
244,51,3647
244,52,3647
244,53,3647
244,54,3647
244,55,3647
244,56,3647
244,57,3647
244,58,3647
244,59,3647
244,60,3647
244,61,3647
244,62,3647
244,63,3647
244,64,3647
244,65,3647
244,66,3647
244,67,3647
244,68,3647
244,69,3647
244,70,3647
244,71,3647
244,72,3647
244,73,3647
244,74,3647
244,75,3647
244,76,3647
244,77,3647
244,78,3647
244,79,3647
244,80,3647
244,81,3647
244,82,3647
244,83,3647
244,84,3647
244,85,3647
244,86,3647
244,87,3647
244,88,3647
244,89,3647
244,90,3647
244,91,3647
244,92,3647
244,93,3647
244,94,3647
244,95,3647
244,96,3647
244,97,3647
244,98,3647
244,99,3647
244,100,3647
244,101,3647
244,102,3647
244,103,3647
244,104,3647
244,105,3647
244,106,3647
244,107,3647
244,108,3647
244,109,3647
244,110,3647
244,111,3647
244,112,3647
244,113,3647
244,114,3647
244,115,3647
244,116,3647
244,117,3647
244,118,3647
244,119,3647
244,120,3647
244,121,3647
244,122,3647
244,123,3647
244,124,3647
244,125,3647
244,126,3647
244,127,3647
244,128,3647
244,129,3647
244,130,3647
244,131,3647
244,132,3647
244,133,3647
244,134,3647
244,135,3647
244,136,3647
244,137,3647
244,138,3647
244,139,3647
244,141,3647
244,142,3647
244,144,3647
244,145,3647
244,146,3647
244,147,3647
244,148,3647
244,149,3647
244,150,3647
263,1,3647
263,2,3647
263,3,3647
263,4,3647
263,5,3647
263,6,3647
263,7,3647
263,8,3647
263,9,3647
263,10,3647
263,11,3647
263,12,3647
263,13,3647
263,14,3647
263,15,3647
263,16,3647
263,17,3647
263,18,3647
263,19,3647
263,20,3647
263,21,3647
263,22,3647
263,23,3647
263,24,3647
263,25,3647
263,26,3647
263,27,3647
263,28,3647
263,29,3647
263,30,3647
263,31,3647
263,32,3647
263,33,3647
263,34,3647
263,35,3647
263,36,3647
263,37,3647
263,38,3647
263,39,3647
263,40,3647
263,41,3647
263,42,3647
263,43,3647
263,44,3647
263,45,3647
263,46,3647
263,47,3647
263,48,3647
263,49,3647
263,50,3647
263,51,3647
263,52,3647
263,53,3647
263,54,3647
263,55,3647
263,56,3647
263,57,3647
263,58,3647
263,59,3647
263,60,3647
263,61,3647
263,62,3647
263,63,3647
263,64,3647
263,65,3647
263,66,3647
263,67,3647
263,68,3647
263,69,3647
263,70,3647
263,71,3647
263,72,3647
263,73,3647
263,74,3647
263,75,3647
263,76,3647
263,77,3647
263,78,3647
263,79,3647
263,80,3647
263,81,3647
263,82,3647
263,83,3647
263,84,3647
263,85,3647
263,86,3647
263,87,3647
263,88,3647
263,89,3647
263,90,3647
263,91,3647
263,92,3647
263,93,3647
263,94,3647
263,95,3647
263,96,3647
263,97,3647
263,98,3647
263,99,3647
263,100,3647
263,101,3647
263,102,3647
263,103,3647
263,104,3647
263,105,3647
263,106,3647
263,107,3647
263,108,3647
263,109,3647
263,110,3647
263,111,3647
263,112,3647
263,113,3647
263,114,3647
263,115,3647
263,116,3647
263,117,3647
263,118,3647
263,119,3647
263,120,3647
263,121,3647
263,122,3647
263,123,3647
263,124,3647
263,125,3647
263,126,3647
263,127,3647
263,128,3647
263,129,3647
263,130,3647
263,131,3647
263,132,3647
263,133,3647
263,134,3647
263,135,3647
263,136,3647
263,137,3647
263,138,3647
263,139,3647
263,141,3647
263,142,3647
263,144,3647
263,145,3647
263,146,3647
263,147,3647
263,148,3647
263,149,3647
263,150,3647
264,1,3647
264,2,3647
264,3,3647
264,4,3647
264,5,3647
264,6,3647
264,7,3647
264,8,3647
264,9,3647
264,10,3647
264,11,3647
264,12,3647
264,13,3647
264,14,3647
264,15,3647
264,16,3647
264,17,3647
264,18,3647
264,19,3647
264,20,3647
264,21,3647
264,22,3647
264,23,3647
264,24,3647
264,25,3647
264,26,3647
264,27,3647
264,30,3647
264,31,3647
264,32,3647
264,33,3647
264,34,3647
264,35,3647
264,36,3647
264,37,3647
264,38,3647
264,39,3647
264,40,3647
264,41,3647
264,42,3647
264,43,3647
264,44,3647
264,45,3647
264,46,3647
264,47,3647
264,48,3647
264,49,3647
264,50,3647
264,51,3647
264,52,3647
264,53,3647
264,54,3647
264,55,3647
264,56,3647
264,57,3647
264,58,3647
264,59,3647
264,60,3647
264,61,3647
264,62,3647
264,63,3647
264,64,3647
264,65,3647
264,66,3647
264,67,3647
264,68,3647
264,69,3647
264,70,3647
264,71,3647
264,72,3647
264,73,3647
264,74,3647
264,75,3647
264,76,3647
264,77,3647
264,78,3647
264,79,3647
264,80,3647
264,81,3647
264,82,3647
264,83,3647
264,84,3647
264,85,3647
264,86,3647
264,87,3647
264,88,3647
264,89,3647
264,90,3647
264,91,3647
264,92,3647
264,93,3647
264,96,3647
264,97,3647
264,110,3647
264,111,3647
264,112,3647
264,113,3647
264,114,3647
264,115,3647
264,116,3647
264,117,3647
264,118,3647
264,120,3647
264,121,3647
264,123,3647
264,124,3647
264,125,3647
264,126,3647
264,128,3647
264,129,3647
264,130,3647
264,131,3647
264,132,3647
264,133,3647
264,134,3647
264,135,3647
264,136,3647
264,137,3647
264,138,3647
264,139,3647
264,141,3647
264,142,3647
264,144,3647
264,145,3647
264,146,3647
264,147,3647
264,148,3647
264,150,3647
265,1,3647
265,2,3647
265,3,3647
265,4,3647
265,5,3647
265,6,3647
265,7,3647
265,8,3647
265,9,3647
265,10,3647
265,11,3647
265,12,3647
265,13,3647
265,14,3647
265,15,3647
265,16,3647
265,17,3647
265,18,3647
265,19,3647
265,20,3647
265,21,3647
265,22,3647
265,23,3647
265,24,3647
265,25,3647
265,26,3647
265,27,3647
265,30,3647
265,31,3647
265,32,3647
265,33,3647
265,34,3647
265,35,3647
265,36,3647
265,37,3647
265,38,3647
265,39,3647
265,40,3647
265,41,3647
265,42,3647
265,43,3647
265,44,3647
265,45,3647
265,46,3647
265,47,3647
265,48,3647
265,49,3647
265,50,3647
265,51,3647
265,52,3647
265,53,3647
265,54,3647
265,55,3647
265,56,3647
265,57,3647
265,58,3647
265,59,3647
265,60,3647
265,61,3647
265,62,3647
265,63,3647
265,64,3647
265,65,3647
265,66,3647
265,67,3647
265,68,3647
265,69,3647
265,70,3647
265,71,3647
265,72,3647
265,73,3647
265,74,3647
265,75,3647
265,76,3647
265,77,3647
265,78,3647
265,79,3647
265,80,3647
265,81,3647
265,82,3647
265,83,3647
265,84,3647
265,85,3647
265,86,3647
265,87,3647
265,88,3647
265,89,3647
265,90,3647
265,91,3647
265,92,3647
265,93,3647
265,96,3647
265,97,3647
265,110,3647
265,111,3647
265,112,3647
265,113,3647
265,114,3647
265,115,3647
265,116,3647
265,117,3647
265,118,3647
265,120,3647
265,121,3647
265,123,3647
265,124,3647
265,125,3647
265,126,3647
265,128,3647
265,129,3647
265,130,3647
265,131,3647
265,132,3647
265,133,3647
265,134,3647
265,135,3647
265,136,3647
265,137,3647
265,138,3647
265,139,3647
265,141,3647
265,142,3647
265,144,3647
265,145,3647
265,146,3647
265,147,3647
265,148,3647
265,150,3647
266,1,3647
266,2,3647
266,3,3647
266,4,3647
266,5,3647
266,6,3647
266,7,3647
266,8,3647
266,9,3647
266,10,3647
266,11,3647
266,12,3647
266,13,3647
266,14,3647
266,15,3647
266,16,3647
266,17,3647
266,18,3647
266,19,3647
266,20,3647
266,21,3647
266,22,3647
266,23,3647
266,24,3647
266,25,3647
266,26,3647
266,27,3647
266,30,3647
266,31,3647
266,32,3647
266,33,3647
266,34,3647
266,35,3647
266,36,3647
266,37,3647
266,38,3647
266,39,3647
266,40,3647
266,41,3647
266,42,3647
266,43,3647
266,44,3647
266,45,3647
266,46,3647
266,47,3647
266,48,3647
266,49,3647
266,50,3647
266,51,3647
266,52,3647
266,53,3647
266,54,3647
266,55,3647
266,56,3647
266,57,3647
266,58,3647
266,59,3647
266,60,3647
266,61,3647
266,62,3647
266,63,3647
266,64,3647
266,65,3647
266,66,3647
266,67,3647
266,68,3647
266,69,3647
266,70,3647
266,71,3647
266,72,3647
266,73,3647
266,74,3647
266,75,3647
266,76,3647
266,77,3647
266,78,3647
266,79,3647
266,80,3647
266,81,3647
266,82,3647
266,83,3647
266,84,3647
266,85,3647
266,86,3647
266,87,3647
266,88,3647
266,89,3647
266,90,3647
266,91,3647
266,92,3647
266,93,3647
266,96,3647
266,97,3647
266,110,3647
266,111,3647
266,112,3647
266,113,3647
266,114,3647
266,115,3647
266,116,3647
266,117,3647
266,118,3647
266,120,3647
266,121,3647
266,123,3647
266,124,3647
266,125,3647
266,126,3647
266,128,3647
266,129,3647
266,130,3647
266,131,3647
266,132,3647
266,133,3647
266,134,3647
266,135,3647
266,136,3647
266,137,3647
266,138,3647
266,139,3647
266,141,3647
266,142,3647
266,144,3647
266,145,3647
266,146,3647
266,147,3647
266,148,3647
266,150,3647
267,128,3647
267,129,3647
1,204,3648
1,205,3648
2,204,3648
2,205,3648
3,204,3648
3,205,3648
4,204,3648
4,205,3648
5,204,3648
5,205,3648
6,204,3648
6,205,3648
7,204,3648
7,205,3648
8,204,3648
8,205,3648
9,204,3648
9,205,3648
10,204,3648
10,205,3648
11,204,3648
11,205,3648
12,204,3648
12,205,3648
13,204,3648
13,205,3648
14,204,3648
14,205,3648
15,204,3648
15,205,3648
16,204,3648
16,205,3648
17,204,3648
17,205,3648
18,204,3648
18,205,3648
19,204,3648
19,205,3648
20,204,3648
20,205,3648
21,204,3648
21,205,3648
22,204,3648
22,205,3648
23,204,3648
23,205,3648
24,204,3648
24,205,3648
25,204,3648
25,205,3648
26,204,3648
26,205,3648
27,204,3648
27,205,3648
28,204,3648
28,205,3648
29,204,3648
29,205,3648
30,204,3648
30,205,3648
31,204,3648
31,205,3648
32,204,3648
32,205,3648
33,204,3648
33,205,3648
34,204,3648
34,205,3648
35,204,3648
35,205,3648
36,204,3648
36,205,3648
37,204,3648
37,205,3648
38,204,3648
38,205,3648
39,204,3648
39,205,3648
40,204,3648
40,205,3648
41,204,3648
41,205,3648
42,204,3648
42,205,3648
43,204,3648
43,205,3648
44,204,3648
44,205,3648
45,204,3648
45,205,3648
46,204,3648
46,205,3648
47,204,3648
47,205,3648
48,204,3648
48,205,3648
49,204,3648
49,205,3648
50,204,3648
50,205,3648
51,204,3648
51,205,3648
52,204,3648
52,205,3648
53,204,3648
53,205,3648
54,204,3648
54,205,3648
55,204,3648
55,205,3648
56,204,3648
56,205,3648
57,204,3648
57,205,3648
58,204,3648
58,205,3648
59,204,3648
59,205,3648
60,204,3648
60,205,3648
61,204,3648
61,205,3648
62,204,3648
62,205,3648
63,204,3648
63,205,3648
64,204,3648
64,205,3648
65,204,3648
65,205,3648
66,204,3648
66,205,3648
67,204,3648
67,205,3648
68,204,3648
68,205,3648
69,204,3648
69,205,3648
70,204,3648
70,205,3648
71,204,3648
71,205,3648
72,204,3648
72,205,3648
73,204,3648
73,205,3648
74,204,3648
74,205,3648
75,204,3648
75,205,3648
76,204,3648
76,205,3648
77,204,3648
77,205,3648
78,204,3648
78,205,3648
79,204,3648
79,205,3648
80,204,3648
80,205,3648
81,204,3648
81,205,3648
82,204,3648
82,205,3648
83,204,3648
83,205,3648
84,204,3648
84,205,3648
85,204,3648
85,205,3648
86,204,3648
86,205,3648
87,204,3648
87,205,3648
88,204,3648
88,205,3648
89,204,3648
89,205,3648
90,204,3648
90,205,3648
91,204,3648
91,205,3648
92,204,3648
92,205,3648
93,204,3648
93,205,3648
94,204,3648
94,205,3648
95,204,3648
95,205,3648
96,204,3648
96,205,3648
97,204,3648
97,205,3648
98,204,3648
98,205,3648
99,204,3648
99,205,3648
100,204,3648
100,205,3648
101,204,3648
101,205,3648
102,204,3648
102,205,3648
103,204,3648
103,205,3648
104,204,3648
104,205,3648
105,204,3648
105,205,3648
106,204,3648
106,205,3648
107,204,3648
107,205,3648
108,204,3648
108,205,3648
109,204,3648
109,205,3648
110,204,3648
110,205,3648
111,204,3648
111,205,3648
112,204,3648
112,205,3648
113,204,3648
113,205,3648
114,204,3648
114,205,3648
115,204,3648
115,205,3648
116,204,3648
116,205,3648
117,204,3648
117,205,3648
118,204,3648
118,205,3648
119,204,3648
119,205,3648
120,204,3648
120,205,3648
121,204,3648
121,205,3648
122,204,3648
122,205,3648
123,204,3648
123,205,3648
124,204,3648
124,205,3648
125,204,3648
125,205,3648
126,204,3648
126,205,3648
127,204,3648
127,205,3648
128,204,3648
128,205,3648
129,204,3648
130,204,3648
130,205,3648
131,204,3648
131,205,3648
132,204,3648
132,205,3648
133,204,3648
133,205,3648
134,204,3648
134,205,3648
135,204,3648
135,205,3648
136,204,3648
136,205,3648
137,204,3648
137,205,3648
138,204,3648
138,205,3648
139,204,3648
139,205,3648
141,204,3648
141,205,3648
142,204,3648
142,205,3648
144,204,3648
144,205,3648
145,204,3648
145,205,3648
146,204,3648
146,205,3648
147,204,3648
147,205,3648
148,204,3648
148,205,3648
149,204,3648
149,205,3648
150,204,3648
150,205,3648
204,1,3648
204,2,3648
204,3,3648
204,4,3648
204,5,3648
204,6,3648
204,7,3648
204,8,3648
204,9,3648
204,10,3648
204,11,3648
204,12,3648
204,13,3648
204,14,3648
204,15,3648
204,16,3648
204,17,3648
204,18,3648
204,19,3648
204,20,3648
204,21,3648
204,22,3648
204,23,3648
204,24,3648
204,25,3648
204,26,3648
204,27,3648
204,28,3648
204,29,3648
204,30,3648
204,31,3648
204,32,3648
204,33,3648
204,34,3648
204,35,3648
204,36,3648
204,37,3648
204,38,3648
204,39,3648
204,40,3648
204,41,3648
204,42,3648
204,43,3648
204,44,3648
204,45,3648
204,46,3648
204,47,3648
204,48,3648
204,49,3648
204,50,3648
204,51,3648
204,52,3648
204,53,3648
204,54,3648
204,55,3648
204,56,3648
204,57,3648
204,58,3648
204,59,3648
204,60,3648
204,61,3648
204,62,3648
204,63,3648
204,64,3648
204,65,3648
204,66,3648
204,67,3648
204,68,3648
204,69,3648
204,70,3648
204,71,3648
204,72,3648
204,73,3648
204,74,3648
204,75,3648
204,76,3648
204,77,3648
204,78,3648
204,79,3648
204,80,3648
204,81,3648
204,82,3648
204,83,3648
204,84,3648
204,85,3648
204,86,3648
204,87,3648
204,88,3648
204,89,3648
204,90,3648
204,91,3648
204,92,3648
204,93,3648
204,94,3648
204,95,3648
204,96,3648
204,97,3648
204,98,3648
204,99,3648
204,100,3648
204,101,3648
204,102,3648
204,103,3648
204,104,3648
204,105,3648
204,106,3648
204,107,3648
204,108,3648
204,109,3648
204,110,3648
204,111,3648
204,112,3648
204,113,3648
204,114,3648
204,115,3648
204,116,3648
204,117,3648
204,118,3648
204,119,3648
204,120,3648
204,121,3648
204,122,3648
204,123,3648
204,124,3648
204,125,3648
204,126,3648
204,127,3648
204,128,3648
204,129,3648
204,130,3648
204,131,3648
204,132,3648
204,133,3648
204,134,3648
204,135,3648
204,136,3648
204,137,3648
204,138,3648
204,139,3648
204,141,3648
204,142,3648
204,144,3648
204,145,3648
204,146,3648
204,147,3648
204,148,3648
204,149,3648
204,150,3648
205,1,3648
205,2,3648
205,3,3648
205,4,3648
205,5,3648
205,6,3648
205,7,3648
205,8,3648
205,9,3648
205,10,3648
205,11,3648
205,12,3648
205,13,3648
205,14,3648
205,15,3648
205,16,3648
205,17,3648
205,18,3648
205,19,3648
205,20,3648
205,21,3648
205,22,3648
205,23,3648
205,24,3648
205,25,3648
205,26,3648
205,27,3648
205,28,3648
205,29,3648
205,30,3648
205,31,3648
205,32,3648
205,33,3648
205,34,3648
205,35,3648
205,36,3648
205,37,3648
205,38,3648
205,39,3648
205,40,3648
205,41,3648
205,42,3648
205,43,3648
205,44,3648
205,45,3648
205,46,3648
205,47,3648
205,48,3648
205,49,3648
205,50,3648
205,51,3648
205,52,3648
205,53,3648
205,54,3648
205,55,3648
205,56,3648
205,57,3648
205,58,3648
205,59,3648
205,60,3648
205,61,3648
205,62,3648
205,63,3648
205,64,3648
205,65,3648
205,66,3648
205,67,3648
205,68,3648
205,69,3648
205,70,3648
205,71,3648
205,72,3648
205,73,3648
205,74,3648
205,75,3648
205,76,3648
205,77,3648
205,78,3648
205,79,3648
205,80,3648
205,81,3648
205,82,3648
205,83,3648
205,84,3648
205,85,3648
205,86,3648
205,87,3648
205,88,3648
205,89,3648
205,90,3648
205,91,3648
205,92,3648
205,93,3648
205,94,3648
205,95,3648
205,96,3648
205,97,3648
205,98,3648
205,99,3648
205,100,3648
205,101,3648
205,102,3648
205,103,3648
205,104,3648
205,105,3648
205,106,3648
205,107,3648
205,108,3648
205,109,3648
205,110,3648
205,111,3648
205,112,3648
205,113,3648
205,114,3648
205,115,3648
205,116,3648
205,117,3648
205,118,3648
205,119,3648
205,120,3648
205,121,3648
205,122,3648
205,123,3648
205,124,3648
205,125,3648
205,126,3648
205,127,3648
205,128,3648
205,130,3648
205,131,3648
205,132,3648
205,133,3648
205,134,3648
205,135,3648
205,136,3648
205,137,3648
205,138,3648
205,139,3648
205,141,3648
205,142,3648
205,144,3648
205,145,3648
205,146,3648
205,147,3648
205,148,3648
205,149,3648
205,150,3648
