Origin,Destination,Time
1,1,0.067
1,2,0.198
1,3,0.355
1,4,0.496
1,5,0.598
1,6,0.135
1,7,0.224
1,8,0.316
1,9,0.416
1,10,0.553
1,11,0.642
1,12,0.509
1,13,0.619
1,14,0.72
1,15,0.674
1,16,0.748
1,17,0.822
1,18,0.75
1,19,0.882
1,20,0.942
1,21,0.881
1,22,0.886
1,23,1.004
1,24,1.124
1,25,1.019
1,26,1.094
1,27,1.233
1,28,1.229
1,29,1.383
1,30,0.925
1,31,0.821
1,32,0.744
1,33,0.687
1,34,0.863
1,35,0.636
1,36,0.596
1,37,0.514
1,38,0.7
1,39,0.588
1,40,0.445
1,41,0.36
1,42,0.66
1,43,0.594
1,44,0.375
1,45,0.22
1,46,0.845
1,47,0.813
1,48,0.826
1,49,0.912
1,50,0.495
1,51,0.666
1,52,0.674
1,53,0.82
1,54,0.353
1,55,0.496
1,56,0.504
1,57,0.613
1,58,0.186
1,59,0.246
1,60,0.37
1,61,0.512
1,62,0.539
1,63,0.406
1,64,0.251
1,65,0.64
1,66,0.583
1,67,0.343
1,68,0.73
1,69,0.582
1,70,0.497
1,71,0.814
1,72,0.741
1,73,0.516
1,74,0.89
1,75,0.864
1,76,0.659
1,77,0.266
1,78,0.342
1,79,0.453
1,80,0.423
1,81,0.489
1,82,0.568
1,83,0.544
1,84,0.694
1,85,0.785
1,86,0.834
1,87,0.682
1,88,0.838
1,89,0.814
1,90,0.974
1,91,1.001
1,92,0.949
1,93,1.012
1,94,1.133
1,95,1.176
1,96,1.168
1,97,1.144
1,98,1.234
1,99,1.348
1,100,1.406
1,101,1.478
1,102,1.216
1,103,1.374
1,104,1.508
1,105,1.514
1,106,1.676
1,107,1.605
1,108,1.385
1,109,1.479
1,110,1.05
1,111,0.938
1,112,0.772
1,113,1.084
1,114,0.986
1,115,0.924
1,116,1.267
1,117,1.118
1,118,1.043
1,119,1.45
1,120,1.029
1,121,1.03
1,122,1.757
1,123,1.417
1,124,1.35
1,125,1.499
1,126,1.625
1,127,1.655
1,128,1.915
1,129,2.23
1,130,0.948
1,131,1.192
1,132,1.156
2,1,0.198
2,2,0.067
2,3,0.17
2,4,0.311
2,5,0.413
2,6,0.27
2,7,0.153
2,8,0.245
2,9,0.307
2,10,0.445
2,11,0.534
2,12,0.431
2,13,0.542
2,14,0.628
2,15,0.603
2,16,0.671
2,17,0.745
2,18,0.679
2,19,0.806
2,20,0.866
2,21,0.81
2,22,0.815
2,23,0.932
2,24,1.048
2,25,0.948
2,26,1.023
2,27,1.161
2,28,1.158
2,29,1.312
2,30,1.036
2,31,0.932
2,32,0.855
2,33,0.672
2,34,0.974
2,35,0.746
2,36,0.704
2,37,0.574
2,38,0.811
2,39,0.699
2,40,0.556
2,41,0.439
2,42,0.831
2,43,0.766
2,44,0.559
2,45,0.403
2,46,0.81
2,47,0.707
2,48,0.72
2,49,0.806
2,50,0.468
2,51,0.563
2,52,0.568
2,53,0.715
2,54,0.326
2,55,0.39
2,56,0.398
2,57,0.508
2,58,0.218
2,59,0.14
2,60,0.264
2,61,0.406
2,62,0.71
2,63,0.578
2,64,0.422
2,65,0.812
2,66,0.755
2,67,0.514
2,68,0.865
2,69,0.717
2,70,0.653
2,71,0.95
2,72,0.877
2,73,0.652
2,74,1.025
2,75,1
2,76,0.794
2,77,0.402
2,78,0.278
2,79,0.381
2,80,0.558
2,81,0.504
2,82,0.497
2,83,0.68
2,84,0.629
2,85,0.714
2,86,0.77
2,87,0.817
2,88,0.773
2,89,0.95
2,90,0.909
2,91,0.936
2,92,1.084
2,93,1.036
2,94,1.085
2,95,1.105
2,96,1.292
2,97,1.167
2,98,1.257
2,99,1.277
2,100,1.334
2,101,1.406
2,102,1.352
2,103,1.435
2,104,1.499
2,105,1.454
2,106,1.604
2,107,1.534
2,108,1.521
2,109,1.54
2,110,1.186
2,111,1.073
2,112,0.908
2,113,1.22
2,114,1.121
2,115,1.059
2,116,1.402
2,117,1.253
2,118,1.178
2,119,1.585
2,120,1.164
2,121,1.165
2,122,1.697
2,123,1.552
2,124,1.522
2,125,1.634
2,126,1.76
2,127,1.578
2,128,1.838
2,129,2.153
2,130,0.843
2,131,1.087
2,132,1.215
3,1,0.352
3,2,0.17
3,3,0.067
3,4,0.142
3,5,0.244
3,6,0.408
3,7,0.29
3,8,0.197
3,9,0.178
3,10,0.315
3,11,0.404
3,12,0.304
3,13,0.414
3,14,0.499
3,15,0.499
3,16,0.543
3,17,0.616
3,18,0.576
3,19,0.677
3,20,0.737
3,21,0.754
3,22,0.711
3,23,0.812
3,24,0.919
3,25,0.845
3,26,0.937
3,27,1.056
3,28,1.072
3,29,1.216
3,30,1.155
3,31,1.05
3,32,0.963
3,33,0.753
3,34,1.092
3,35,0.865
3,36,0.785
3,37,0.655
3,38,0.93
3,39,0.818
3,40,0.674
3,41,0.558
3,42,0.941
3,43,0.876
3,44,0.712
3,45,0.522
3,46,0.775
3,47,0.672
3,48,0.646
3,49,0.732
3,50,0.549
3,51,0.528
3,52,0.494
3,53,0.634
3,54,0.407
3,55,0.355
3,56,0.324
3,57,0.41
3,58,0.306
3,59,0.221
3,60,0.181
3,61,0.305
3,62,0.82
3,63,0.688
3,64,0.532
3,65,0.922
3,66,0.865
3,67,0.624
3,68,1.003
3,69,0.855
3,70,0.778
3,71,1.087
3,72,1.014
3,73,0.789
3,74,1.154
3,75,1.138
3,76,0.914
3,77,0.539
3,78,0.414
3,79,0.292
3,80,0.687
3,81,0.538
3,82,0.441
3,83,0.783
3,84,0.66
3,85,0.658
3,86,0.733
3,87,0.92
3,88,0.797
3,89,0.994
3,90,0.924
3,91,0.898
3,92,1.125
3,93,1.05
3,94,1.077
3,95,1.002
3,96,1.307
3,97,1.182
3,98,1.272
3,99,1.174
3,100,1.249
3,101,1.319
3,102,1.383
3,103,1.45
3,104,1.396
3,105,1.351
3,106,1.519
3,107,1.446
3,108,1.552
3,109,1.554
3,110,1.289
3,111,1.193
3,112,1.011
3,113,1.323
3,114,1.224
3,115,1.119
3,116,1.506
3,117,1.357
3,118,1.238
3,119,1.62
3,120,1.283
3,121,1.303
3,122,1.593
3,123,1.671
3,124,1.632
3,125,1.763
3,126,1.864
3,127,1.449
3,128,1.709
3,129,2.025
3,130,0.808
3,131,1.052
3,132,1.296
4,1,0.494
4,2,0.311
4,3,0.142
4,4,0.067
4,5,0.114
4,6,0.55
4,7,0.432
4,8,0.316
4,9,0.227
4,10,0.213
4,11,0.302
4,12,0.312
4,13,0.349
4,14,0.404
4,15,0.507
4,16,0.478
4,17,0.551
4,18,0.583
4,19,0.613
4,20,0.671
4,21,0.825
4,22,0.719
4,23,0.747
4,24,0.853
4,25,0.852
4,26,0.873
4,27,0.99
4,28,1.008
4,29,1.15
4,30,1.296
4,31,1.192
4,32,1.104
4,33,0.894
4,34,1.234
4,35,1.007
4,36,0.927
4,37,0.796
4,38,1.072
4,39,0.96
4,40,0.816
4,41,0.7
4,42,1.083
4,43,1.017
4,44,0.854
4,45,0.664
4,46,0.884
4,47,0.777
4,48,0.673
4,49,0.692
4,50,0.69
4,51,0.64
4,52,0.527
4,53,0.58
4,54,0.549
4,55,0.467
4,56,0.402
4,57,0.356
4,58,0.447
4,59,0.363
4,60,0.281
4,61,0.25
4,62,0.962
4,63,0.829
4,64,0.674
4,65,1.063
4,66,1.006
4,67,0.766
4,68,1.144
4,69,0.996
4,70,0.92
4,71,1.229
4,72,1.156
4,73,0.931
4,74,1.245
4,75,1.239
4,76,1.007
4,77,0.681
4,78,0.556
4,79,0.411
4,80,0.813
4,81,0.664
4,82,0.541
4,83,0.874
4,84,0.746
4,85,0.728
4,86,0.8
4,87,1.011
4,88,0.864
4,89,1.061
4,90,0.991
4,91,0.968
4,92,1.192
4,93,1.118
4,94,1.139
4,95,1.009
4,96,1.374
4,97,1.249
4,98,1.339
4,99,1.181
4,100,1.184
4,101,1.254
4,102,1.45
4,103,1.517
4,104,1.403
4,105,1.358
4,106,1.454
4,107,1.381
4,108,1.619
4,109,1.622
4,110,1.38
4,111,1.284
4,112,1.102
4,113,1.414
4,114,1.315
4,115,1.186
4,116,1.597
4,117,1.448
4,118,1.305
4,119,1.687
4,120,1.425
4,121,1.444
4,122,1.601
4,123,1.813
4,124,1.774
4,125,1.854
4,126,1.955
4,127,1.384
4,128,1.644
4,129,1.959
4,130,0.912
4,131,1.156
4,132,1.437
5,1,0.596
5,2,0.413
5,3,0.244
5,4,0.114
5,5,0.044
5,6,0.637
5,7,0.52
5,8,0.403
5,9,0.259
5,10,0.173
5,11,0.262
5,12,0.392
5,13,0.382
5,14,0.392
5,15,0.557
5,16,0.511
5,17,0.542
5,18,0.675
5,19,0.645
5,20,0.669
5,21,0.899
5,22,0.777
5,23,0.78
5,24,0.851
5,25,0.91
5,26,0.905
5,27,0.986
5,28,1.041
5,29,1.148
5,30,1.398
5,31,1.294
5,32,1.206
5,33,0.996
5,34,1.336
5,35,1.109
5,36,1.029
5,37,0.898
5,38,1.174
5,39,1.062
5,40,0.918
5,41,0.802
5,42,1.185
5,43,1.119
5,44,0.956
5,45,0.766
5,46,0.936
5,47,0.829
5,48,0.706
5,49,0.724
5,50,0.792
5,51,0.701
5,52,0.579
5,53,0.613
5,54,0.65
5,55,0.527
5,56,0.457
5,57,0.388
5,58,0.549
5,59,0.464
5,60,0.342
5,61,0.283
5,62,1.064
5,63,0.931
5,64,0.776
5,65,1.165
5,66,1.108
5,67,0.868
5,68,1.232
5,69,1.084
5,70,1.02
5,71,1.316
5,72,1.244
5,73,1.018
5,74,1.337
5,75,1.331
5,76,1.099
5,77,0.768
5,78,0.644
5,79,0.497
5,80,0.905
5,81,0.756
5,82,0.633
5,83,0.966
5,84,0.838
5,85,0.82
5,86,0.872
5,87,1.103
5,88,0.936
5,89,1.133
5,90,1.063
5,91,1.042
5,92,1.264
5,93,1.19
5,94,1.197
5,95,1.067
5,96,1.446
5,97,1.321
5,98,1.411
5,99,1.239
5,100,1.217
5,101,1.244
5,102,1.522
5,103,1.589
5,104,1.461
5,105,1.402
5,106,1.487
5,107,1.372
5,108,1.691
5,109,1.694
5,110,1.472
5,111,1.376
5,112,1.194
5,113,1.506
5,114,1.407
5,115,1.258
5,116,1.68
5,117,1.53
5,118,1.377
5,119,1.759
5,120,1.527
5,121,1.532
5,122,1.659
5,123,1.915
5,124,1.875
5,125,1.946
5,126,2.047
5,127,1.382
5,128,1.642
5,129,1.957
5,130,0.964
5,131,1.208
5,132,1.539
6,1,0.135
6,2,0.27
6,3,0.412
6,4,0.543
6,5,0.637
6,6,0.065
6,7,0.199
6,8,0.292
6,9,0.435
6,10,0.572
6,11,0.661
6,12,0.509
6,13,0.638
6,14,0.729
6,15,0.621
6,16,0.713
6,17,0.828
6,18,0.697
6,19,0.845
6,20,0.962
6,21,0.829
6,22,0.833
6,23,0.95
6,24,1.144
6,25,0.966
6,26,1.041
6,27,1.179
6,28,1.176
6,29,1.33
6,30,1.055
6,31,0.95
6,32,0.874
6,33,0.817
6,34,0.992
6,35,0.765
6,36,0.726
6,37,0.644
6,38,0.759
6,39,0.718
6,40,0.574
6,41,0.49
6,42,0.658
6,43,0.592
6,44,0.499
6,45,0.35
6,46,0.979
6,47,0.946
6,48,0.959
6,49,1.046
6,50,0.628
6,51,0.8
6,52,0.808
6,53,0.954
6,54,0.487
6,55,0.629
6,56,0.638
6,57,0.747
6,58,0.319
6,59,0.379
6,60,0.503
6,61,0.645
6,62,0.537
6,63,0.404
6,64,0.249
6,65,0.638
6,66,0.581
6,67,0.341
6,68,0.609
6,69,0.461
6,70,0.397
6,71,0.694
6,72,0.621
6,73,0.396
6,74,0.769
6,75,0.744
6,76,0.538
6,77,0.146
6,78,0.282
6,79,0.428
6,80,0.302
6,81,0.394
6,82,0.516
6,83,0.423
6,84,0.604
6,85,0.733
6,86,0.764
6,87,0.561
6,88,0.745
6,89,0.694
6,90,0.88
6,91,0.93
6,92,0.828
6,93,0.892
6,94,1.012
6,95,1.123
6,96,1.048
6,97,1.023
6,98,1.113
6,99,1.295
6,100,1.352
6,101,1.424
6,102,1.096
6,103,1.254
6,104,1.387
6,105,1.393
6,106,1.571
6,107,1.552
6,108,1.265
6,109,1.358
6,110,0.93
6,111,0.817
6,112,0.652
6,113,0.964
6,114,0.865
6,115,0.803
6,116,1.146
6,117,0.997
6,118,0.922
6,119,1.329
6,120,1.027
6,121,0.909
6,122,1.636
6,123,1.415
6,124,1.336
6,125,1.378
6,126,1.504
6,127,1.65
6,128,1.924
6,129,2.25
6,130,1.082
6,131,1.326
6,132,1.285
7,1,0.224
7,2,0.153
7,3,0.294
7,4,0.425
7,5,0.52
7,6,0.199
7,7,0.062
7,8,0.166
7,9,0.318
7,10,0.455
7,11,0.544
7,12,0.358
7,13,0.495
7,14,0.596
7,15,0.481
7,16,0.573
7,17,0.688
7,18,0.557
7,19,0.705
7,20,0.836
7,21,0.688
7,22,0.693
7,23,0.81
7,24,1.009
7,25,0.826
7,26,0.901
7,27,1.039
7,28,1.036
7,29,1.19
7,30,1.135
7,31,1.031
7,32,0.954
7,33,0.824
7,34,1.073
7,35,0.846
7,36,0.807
7,37,0.725
7,38,0.871
7,39,0.799
7,40,0.655
7,41,0.57
7,42,0.77
7,43,0.704
7,44,0.586
7,45,0.431
7,46,0.962
7,47,0.86
7,48,0.872
7,49,0.959
7,50,0.62
7,51,0.716
7,52,0.721
7,53,0.867
7,54,0.479
7,55,0.542
7,56,0.551
7,57,0.66
7,58,0.353
7,59,0.293
7,60,0.417
7,61,0.558
7,62,0.649
7,63,0.516
7,64,0.361
7,65,0.745
7,66,0.688
7,67,0.423
7,68,0.745
7,69,0.597
7,70,0.532
7,71,0.829
7,72,0.756
7,73,0.531
7,74,0.904
7,75,0.879
7,76,0.674
7,77,0.281
7,78,0.145
7,79,0.263
7,80,0.438
7,81,0.371
7,82,0.375
7,83,0.559
7,84,0.496
7,85,0.592
7,86,0.637
7,87,0.696
7,88,0.64
7,89,0.829
7,90,0.776
7,91,0.804
7,92,0.964
7,93,0.903
7,94,0.952
7,95,0.983
7,96,1.159
7,97,1.034
7,98,1.124
7,99,1.155
7,100,1.212
7,101,1.284
7,102,1.226
7,103,1.302
7,104,1.377
7,105,1.332
7,106,1.482
7,107,1.412
7,108,1.395
7,109,1.407
7,110,1.065
7,111,0.953
7,112,0.787
7,113,1.099
7,114,1
7,115,0.938
7,116,1.282
7,117,1.133
7,118,1.058
7,119,1.463
7,120,1.139
7,121,1.045
7,122,1.575
7,123,1.527
7,124,1.455
7,125,1.514
7,126,1.64
7,127,1.51
7,128,1.784
7,129,2.124
7,130,0.995
7,131,1.239
7,132,1.366
8,1,0.316
8,2,0.245
8,3,0.197
8,4,0.308
8,5,0.403
8,6,0.292
8,7,0.166
8,8,0.059
8,9,0.168
8,10,0.306
8,11,0.395
8,12,0.228
8,13,0.358
8,14,0.448
8,15,0.408
8,16,0.487
8,17,0.561
8,18,0.485
8,19,0.622
8,20,0.681
8,21,0.61
8,22,0.62
8,23,0.738
8,24,0.863
8,25,0.754
8,26,0.828
8,27,0.967
8,28,0.964
8,29,1.117
8,30,1.228
8,31,1.123
8,32,1.047
8,33,0.917
8,34,1.165
8,35,0.938
8,36,0.899
8,37,0.817
8,38,0.963
8,39,0.891
8,40,0.747
8,41,0.662
8,42,0.862
8,43,0.796
8,44,0.678
8,45,0.523
8,46,0.949
8,47,0.847
8,48,0.82
8,49,0.906
8,50,0.712
8,51,0.703
8,52,0.668
8,53,0.808
8,54,0.571
8,55,0.53
8,56,0.498
8,57,0.585
8,58,0.446
8,59,0.385
8,60,0.355
8,61,0.48
8,62,0.741
8,63,0.608
8,64,0.453
8,65,0.842
8,66,0.785
8,67,0.545
8,68,0.886
8,69,0.738
8,70,0.674
8,71,0.971
8,72,0.898
8,73,0.673
8,74,1.031
8,75,1.021
8,76,0.79
8,77,0.423
8,78,0.291
8,79,0.147
8,80,0.564
8,81,0.415
8,82,0.297
8,83,0.659
8,84,0.533
8,85,0.514
8,86,0.589
8,87,0.797
8,88,0.653
8,89,0.85
8,90,0.78
8,91,0.754
8,92,0.981
8,93,0.906
8,94,0.933
8,95,0.911
8,96,1.163
8,97,1.038
8,98,1.128
8,99,1.083
8,100,1.14
8,101,1.212
8,102,1.239
8,103,1.306
8,104,1.304
8,105,1.26
8,106,1.41
8,107,1.339
8,108,1.408
8,109,1.41
8,110,1.166
8,111,1.069
8,112,0.888
8,113,1.2
8,114,1.101
8,115,0.975
8,116,1.382
8,117,1.233
8,118,1.094
8,119,1.476
8,120,1.231
8,121,1.186
8,122,1.502
8,123,1.619
8,124,1.553
8,125,1.64
8,126,1.74
8,127,1.394
8,128,1.654
8,129,1.969
8,130,0.982
8,131,1.226
8,132,1.458
9,1,0.416
9,2,0.307
9,3,0.178
9,4,0.212
9,5,0.259
9,6,0.435
9,7,0.318
9,8,0.171
9,9,0.058
9,10,0.16
9,11,0.249
9,12,0.178
9,13,0.266
9,14,0.343
9,15,0.373
9,16,0.395
9,17,0.468
9,18,0.45
9,19,0.53
9,20,0.588
9,21,0.691
9,22,0.585
9,23,0.664
9,24,0.77
9,25,0.719
9,26,0.79
9,27,0.907
9,28,0.925
9,29,1.067
9,30,1.298
9,31,1.194
9,32,1.115
9,33,0.905
9,34,1.236
9,35,1.008
9,36,0.937
9,37,0.807
9,38,1.073
9,39,0.961
9,40,0.818
9,41,0.701
9,42,1.006
9,43,0.94
9,44,0.778
9,45,0.623
9,46,0.916
9,47,0.814
9,48,0.753
9,49,0.838
9,50,0.7
9,51,0.67
9,52,0.601
9,53,0.726
9,54,0.559
9,55,0.497
9,56,0.431
9,57,0.501
9,58,0.457
9,59,0.373
9,60,0.311
9,61,0.396
9,62,0.885
9,63,0.752
9,64,0.597
9,65,0.986
9,66,0.929
9,67,0.688
9,68,1.028
9,69,0.88
9,70,0.815
9,71,1.112
9,72,1.039
9,73,0.814
9,74,1.112
9,75,1.106
9,76,0.873
9,77,0.566
9,78,0.422
9,79,0.265
9,80,0.68
9,81,0.531
9,82,0.408
9,83,0.74
9,84,0.613
9,85,0.595
9,86,0.667
9,87,0.878
9,88,0.731
9,89,0.928
9,90,0.858
9,91,0.835
9,92,1.059
9,93,0.984
9,94,1.006
9,95,0.876
9,96,1.241
9,97,1.116
9,98,1.206
9,99,1.048
9,100,1.101
9,101,1.17
9,102,1.317
9,103,1.384
9,104,1.27
9,105,1.225
9,106,1.371
9,107,1.298
9,108,1.486
9,109,1.488
9,110,1.247
9,111,1.15
9,112,0.969
9,113,1.281
9,114,1.182
9,115,1.053
9,116,1.463
9,117,1.314
9,118,1.172
9,119,1.554
9,120,1.375
9,121,1.328
9,122,1.467
9,123,1.763
9,124,1.696
9,125,1.721
9,126,1.821
9,127,1.3
9,128,1.56
9,129,1.876
9,130,0.95
9,131,1.194
9,132,1.448
10,1,0.553
10,2,0.445
10,3,0.315
10,4,0.213
10,5,0.168
10,6,0.572
10,7,0.454
10,8,0.309
10,9,0.16
10,10,0.059
10,11,0.118
10,12,0.293
10,13,0.282
10,14,0.25
10,15,0.457
10,16,0.411
10,17,0.399
10,18,0.575
10,19,0.526
10,20,0.526
10,21,0.799
10,22,0.677
10,23,0.661
10,24,0.708
10,25,0.81
10,26,0.797
10,27,0.843
10,28,0.933
10,29,1.005
10,30,1.436
10,31,1.331
10,32,1.252
10,33,1.042
10,34,1.373
10,35,1.146
10,36,1.074
10,37,0.944
10,38,1.211
10,39,1.099
10,40,0.955
10,41,0.839
10,42,1.142
10,43,1.077
10,44,0.914
10,45,0.76
10,46,1.001
10,47,0.894
10,48,0.763
10,49,0.781
10,50,0.837
10,51,0.761
10,52,0.644
10,53,0.67
10,54,0.696
10,55,0.588
10,56,0.522
10,57,0.466
10,58,0.594
10,59,0.51
10,60,0.402
10,61,0.31
10,62,1.022
10,63,0.889
10,64,0.734
10,65,1.123
10,66,1.066
10,67,0.825
10,68,1.153
10,69,1.005
10,70,0.941
10,71,1.238
10,72,1.165
10,73,0.939
10,74,1.237
10,75,1.231
10,76,0.999
10,77,0.703
10,78,0.56
10,79,0.403
10,80,0.805
10,81,0.656
10,82,0.534
10,83,0.866
10,84,0.738
10,85,0.72
10,86,0.772
10,87,1.004
10,88,0.837
10,89,1.033
10,90,0.963
10,91,0.943
10,92,1.164
10,93,1.09
10,94,1.097
10,95,0.967
10,96,1.346
10,97,1.221
10,98,1.311
10,99,1.139
10,100,1.109
10,101,1.102
10,102,1.422
10,103,1.489
10,104,1.361
10,105,1.303
10,106,1.369
10,107,1.229
10,108,1.592
10,109,1.594
10,110,1.372
10,111,1.276
10,112,1.094
10,113,1.406
10,114,1.308
10,115,1.158
10,116,1.58
10,117,1.431
10,118,1.278
10,119,1.659
10,120,1.512
10,121,1.453
10,122,1.559
10,123,1.9
10,124,1.833
10,125,1.846
10,126,1.947
10,127,1.239
10,128,1.499
10,129,1.814
10,130,1.029
10,131,1.273
10,132,1.584
11,1,0.642
11,2,0.534
11,3,0.404
11,4,0.302
11,5,0.257
11,6,0.661
11,7,0.543
11,8,0.398
11,9,0.248
11,10,0.118
11,11,0.026
11,12,0.382
11,13,0.242
11,14,0.209
11,15,0.546
11,16,0.376
11,17,0.358
11,18,0.657
11,19,0.485
11,20,0.485
11,21,0.873
11,22,0.749
11,23,0.62
11,24,0.667
11,25,0.882
11,26,0.756
11,27,0.802
11,28,0.892
11,29,0.964
11,30,1.524
11,31,1.42
11,32,1.34
11,33,1.13
11,34,1.462
11,35,1.235
11,36,1.163
11,37,1.032
11,38,1.3
11,39,1.188
11,40,1.044
11,41,0.928
11,42,1.231
11,43,1.166
11,44,1.003
11,45,0.848
11,46,1.09
11,47,0.982
11,48,0.852
11,49,0.87
11,50,0.926
11,51,0.85
11,52,0.733
11,53,0.759
11,54,0.785
11,55,0.676
11,56,0.611
11,57,0.555
11,58,0.683
11,59,0.599
11,60,0.491
11,61,0.399
11,62,1.11
11,63,0.978
11,64,0.822
11,65,1.212
11,66,1.155
11,67,0.914
11,68,1.242
11,69,1.094
11,70,1.03
11,71,1.327
11,72,1.254
11,73,1.028
11,74,1.326
11,75,1.32
11,76,1.088
11,77,0.792
11,78,0.649
11,79,0.492
11,80,0.894
11,81,0.745
11,82,0.622
11,83,0.955
11,84,0.827
11,85,0.799
11,86,0.847
11,87,1.092
11,88,0.911
11,89,1.107
11,90,1.037
11,91,1.017
11,92,1.239
11,93,1.164
11,94,1.17
11,95,1.04
11,96,1.42
11,97,1.296
11,98,1.386
11,99,1.135
11,100,1.068
11,101,1.061
11,102,1.497
11,103,1.53
11,104,1.396
11,105,1.262
11,106,1.328
11,107,1.188
11,108,1.666
11,109,1.668
11,110,1.461
11,111,1.365
11,112,1.183
11,113,1.495
11,114,1.396
11,115,1.232
11,116,1.654
11,117,1.505
11,118,1.352
11,119,1.734
11,120,1.601
11,121,1.542
11,122,1.594
11,123,1.989
11,124,1.922
11,125,1.935
11,126,2.036
11,127,1.198
11,128,1.458
11,129,1.773
11,130,1.118
11,131,1.362
11,132,1.673
12,1,0.498
12,2,0.426
12,3,0.304
12,4,0.299
12,5,0.392
12,6,0.509
12,7,0.354
12,8,0.228
12,9,0.159
12,10,0.293
12,11,0.356
12,12,0.068
12,13,0.15
12,14,0.25
12,15,0.234
12,16,0.278
12,17,0.382
12,18,0.31
12,19,0.413
12,20,0.503
12,21,0.573
12,22,0.446
12,23,0.547
12,24,0.685
12,25,0.579
12,26,0.671
12,27,0.812
12,28,0.806
12,29,0.962
12,30,1.409
12,31,1.305
12,32,1.228
12,33,1.03
12,34,1.347
12,35,1.12
12,36,1.063
12,37,0.932
12,38,1.164
12,39,1.072
12,40,0.929
12,41,0.827
12,42,1.063
12,43,0.997
12,44,0.859
12,45,0.704
12,46,1.042
12,47,0.94
12,48,0.879
12,49,0.926
12,50,0.826
12,51,0.796
12,52,0.727
12,53,0.815
12,54,0.685
12,55,0.623
12,56,0.557
12,57,0.592
12,58,0.583
12,59,0.499
12,60,0.437
12,61,0.487
12,62,0.899
12,63,0.809
12,64,0.654
12,65,0.979
12,66,0.922
12,67,0.657
12,68,0.924
12,69,0.776
12,70,0.712
12,71,1.008
12,72,0.936
12,73,0.692
12,74,0.994
12,75,0.988
12,76,0.756
12,77,0.509
12,78,0.358
12,79,0.146
12,80,0.557
12,81,0.409
12,82,0.277
12,83,0.623
12,84,0.495
12,85,0.477
12,86,0.546
12,87,0.76
12,88,0.611
12,89,0.807
12,90,0.737
12,91,0.717
12,92,0.938
12,93,0.864
12,94,0.866
12,95,0.736
12,96,1.12
12,97,0.995
12,98,1.085
12,99,0.908
12,100,0.983
12,101,1.057
12,102,1.196
12,103,1.263
12,104,1.13
12,105,1.085
12,106,1.253
12,107,1.184
12,108,1.366
12,109,1.368
12,110,1.129
12,111,1.033
12,112,0.851
12,113,1.163
12,114,1.064
12,115,0.932
12,116,1.346
12,117,1.197
12,118,1.052
12,119,1.433
12,120,1.432
12,121,1.224
12,122,1.328
12,123,1.82
12,124,1.651
12,125,1.603
12,126,1.704
12,127,1.215
12,128,1.475
12,129,1.79
12,130,1.076
12,131,1.32
12,132,1.573
13,1,0.616
13,2,0.532
13,3,0.403
13,4,0.308
13,5,0.289
13,6,0.632
13,7,0.491
13,8,0.352
13,9,0.247
13,10,0.181
13,11,0.208
13,12,0.15
13,13,0.067
13,14,0.102
13,15,0.313
13,16,0.135
13,17,0.234
13,18,0.416
13,19,0.27
13,20,0.354
13,21,0.633
13,22,0.511
13,23,0.404
13,24,0.536
13,25,0.644
13,26,0.541
13,27,0.673
13,28,0.676
13,29,0.832
13,30,1.523
13,31,1.419
13,32,1.339
13,33,1.129
13,34,1.461
13,35,1.234
13,36,1.162
13,37,1.031
13,38,1.282
13,39,1.187
13,40,1.043
13,41,0.927
13,42,1.181
13,43,1.115
13,44,0.977
13,45,0.822
13,46,1.095
13,47,0.992
13,48,0.884
13,49,0.902
13,50,0.925
13,51,0.848
13,52,0.765
13,53,0.791
13,54,0.783
13,55,0.675
13,56,0.61
13,57,0.582
13,58,0.682
13,59,0.597
13,60,0.489
13,61,0.431
13,62,1.036
13,63,0.927
13,64,0.772
13,65,1.116
13,66,1.059
13,67,0.794
13,68,1.028
13,69,0.88
13,70,0.815
13,71,1.112
13,72,1.039
13,73,0.814
13,74,1.119
13,75,1.113
13,76,0.881
13,77,0.646
13,78,0.494
13,79,0.283
13,80,0.679
13,81,0.531
13,82,0.402
13,83,0.748
13,84,0.62
13,85,0.559
13,86,0.606
13,87,0.856
13,88,0.67
13,89,0.867
13,90,0.797
13,91,0.776
13,92,0.998
13,93,0.924
13,94,0.931
13,95,0.801
13,96,1.18
13,97,1.055
13,98,1.145
13,99,0.919
13,100,0.852
13,101,0.927
13,102,1.256
13,103,1.314
13,104,1.18
13,105,1.046
13,106,1.122
13,107,1.054
13,108,1.425
13,109,1.428
13,110,1.254
13,111,1.158
13,112,0.976
13,113,1.285
13,114,1.187
13,115,0.992
13,116,1.414
13,117,1.264
13,118,1.111
13,119,1.493
13,120,1.55
13,121,1.328
13,122,1.378
13,123,1.938
13,124,1.754
13,125,1.728
13,126,1.826
13,127,1.067
13,128,1.327
13,129,1.642
13,130,1.128
13,131,1.372
13,132,1.672
14,1,0.716
14,2,0.628
14,3,0.499
14,4,0.404
14,5,0.388
14,6,0.729
14,7,0.592
14,8,0.448
14,9,0.343
14,10,0.25
14,11,0.209
14,12,0.25
14,13,0.102
14,14,0.043
14,15,0.414
14,16,0.236
14,17,0.218
14,18,0.517
14,19,0.346
14,20,0.346
14,21,0.734
14,22,0.609
14,23,0.48
14,24,0.528
14,25,0.743
14,26,0.617
14,27,0.662
14,28,0.752
14,29,0.824
14,30,1.619
14,31,1.515
14,32,1.435
14,33,1.225
14,34,1.557
14,35,1.33
14,36,1.258
14,37,1.127
14,38,1.382
14,39,1.283
14,40,1.139
14,41,1.023
14,42,1.281
14,43,1.216
14,44,1.078
14,45,0.923
14,46,1.191
14,47,1.088
14,48,0.982
14,49,1.001
14,50,1.021
14,51,0.945
14,52,0.864
14,53,0.89
14,54,0.88
14,55,0.771
14,56,0.706
14,57,0.679
14,58,0.778
14,59,0.694
14,60,0.586
14,61,0.53
14,62,1.137
14,63,1.028
14,64,0.872
14,65,1.217
14,66,1.16
14,67,0.895
14,68,1.128
14,69,0.98
14,70,0.916
14,71,1.213
14,72,1.14
14,73,0.914
14,74,1.22
14,75,1.214
14,76,0.982
14,77,0.746
14,78,0.595
14,79,0.383
14,80,0.78
14,81,0.631
14,82,0.502
14,83,0.849
14,84,0.721
14,85,0.659
14,86,0.707
14,87,0.957
14,88,0.771
14,89,0.968
14,90,0.898
14,91,0.877
14,92,1.099
14,93,1.024
14,94,1.03
14,95,0.9
14,96,1.281
14,97,1.156
14,98,1.246
14,99,0.995
14,100,0.928
14,101,0.921
14,102,1.357
14,103,1.39
14,104,1.256
14,105,1.122
14,106,1.188
14,107,1.048
14,108,1.526
14,109,1.528
14,110,1.355
14,111,1.258
14,112,1.077
14,113,1.386
14,114,1.287
14,115,1.093
14,116,1.514
14,117,1.365
14,118,1.212
14,119,1.594
14,120,1.651
14,121,1.428
14,122,1.454
14,123,2.039
14,124,1.855
14,125,1.829
14,126,1.927
14,127,1.058
14,128,1.318
14,129,1.633
14,130,1.224
14,131,1.468
14,132,1.768
15,1,0.679
15,2,0.608
15,3,0.497
15,4,0.506
15,5,0.556
15,6,0.622
15,7,0.482
15,8,0.401
15,9,0.365
15,10,0.456
15,11,0.518
15,12,0.234
15,13,0.312
15,14,0.412
15,15,0.067
15,16,0.18
15,17,0.356
15,18,0.166
15,19,0.269
15,20,0.409
15,21,0.429
15,22,0.301
15,23,0.403
15,24,0.591
15,25,0.435
15,26,0.524
15,27,0.665
15,28,0.659
15,29,0.815
15,30,1.59
15,31,1.486
15,32,1.409
15,33,1.224
15,34,1.528
15,35,1.301
15,36,1.256
15,37,1.126
15,38,1.284
15,39,1.254
15,40,1.11
15,41,1.017
15,42,1.194
15,43,1.117
15,44,1.037
15,45,0.886
15,46,1.235
15,47,1.133
15,48,1.072
15,49,1.133
15,50,1.019
15,51,0.989
15,52,0.92
15,53,1.022
15,54,0.878
15,55,0.816
15,56,0.75
15,57,0.798
15,58,0.776
15,59,0.692
15,60,0.63
15,61,0.692
15,62,0.974
15,63,0.942
15,64,0.802
15,65,1.035
15,66,0.978
15,67,0.732
15,68,0.908
15,69,0.76
15,70,0.696
15,71,0.88
15,72,0.844
15,73,0.599
15,74,0.866
15,75,0.86
15,76,0.626
15,77,0.547
15,78,0.395
15,79,0.317
15,80,0.465
15,81,0.316
15,82,0.184
15,83,0.495
15,84,0.367
15,85,0.347
15,86,0.402
15,87,0.632
15,88,0.466
15,89,0.663
15,90,0.593
15,91,0.572
15,92,0.794
15,93,0.719
15,94,0.722
15,95,0.592
15,96,0.976
15,97,0.851
15,98,0.941
15,99,0.764
15,100,0.835
15,101,0.91
15,102,1.052
15,103,1.119
15,104,0.986
15,105,0.941
15,106,1.105
15,107,1.037
15,108,1.221
15,109,1.223
15,110,1.001
15,111,0.905
15,112,0.723
15,113,1.035
15,114,0.936
15,115,0.788
15,116,1.209
15,117,1.06
15,118,0.907
15,119,1.289
15,120,1.563
15,121,1.175
15,122,1.183
15,123,1.951
15,124,1.602
15,125,1.475
15,126,1.576
15,127,1.122
15,128,1.382
15,129,1.697
15,130,1.269
15,131,1.513
15,132,1.766
16,1,0.746
16,2,0.666
16,3,0.536
16,4,0.442
16,5,0.423
16,6,0.713
16,7,0.572
16,8,0.486
16,9,0.381
16,10,0.314
16,11,0.342
16,12,0.28
16,13,0.135
16,14,0.236
16,15,0.18
16,16,0.067
16,17,0.208
16,18,0.282
16,19,0.135
16,20,0.276
16,21,0.499
16,22,0.376
16,23,0.27
16,24,0.458
16,25,0.51
16,26,0.406
16,27,0.547
16,28,0.542
16,29,0.698
16,30,1.657
16,31,1.553
16,32,1.473
16,33,1.263
16,34,1.595
16,35,1.368
16,36,1.295
16,37,1.165
16,38,1.374
16,39,1.32
16,40,1.177
16,41,1.06
16,42,1.284
16,43,1.208
16,44,1.107
16,45,0.952
16,46,1.228
16,47,1.126
16,48,1.018
16,49,1.036
16,50,1.059
16,51,0.982
16,52,0.899
16,53,0.925
16,54,0.917
16,55,0.809
16,56,0.743
16,57,0.716
16,58,0.816
16,59,0.731
16,60,0.623
16,61,0.565
16,62,1.064
16,63,1.033
16,64,0.892
16,65,1.141
16,66,1.084
16,67,0.822
16,68,1.015
16,69,0.867
16,70,0.802
16,71,1.016
16,72,0.98
16,73,0.706
16,74,1.002
16,75,0.996
16,76,0.761
16,77,0.638
16,78,0.486
16,79,0.408
16,80,0.572
16,81,0.423
16,82,0.291
16,83,0.63
16,84,0.502
16,85,0.424
16,86,0.472
16,87,0.722
16,88,0.536
16,89,0.733
16,90,0.663
16,91,0.642
16,92,0.864
16,93,0.789
16,94,0.797
16,95,0.667
16,96,1.046
16,97,0.921
16,98,1.011
16,99,0.785
16,100,0.718
16,101,0.792
16,102,1.122
16,103,1.18
16,104,1.046
16,105,0.912
16,106,0.988
16,107,0.92
16,108,1.291
16,109,1.293
16,110,1.137
16,111,1.04
16,112,0.859
16,113,1.151
16,114,1.052
16,115,0.858
16,116,1.279
16,117,1.13
16,118,0.977
16,119,1.359
16,120,1.654
16,121,1.282
16,122,1.244
16,123,2.042
16,124,1.708
16,125,1.611
16,126,1.692
16,127,0.988
16,128,1.248
16,129,1.563
16,130,1.262
16,131,1.506
16,132,1.806
17,1,0.823
17,2,0.752
17,3,0.628
17,4,0.534
17,5,0.515
17,6,0.829
17,7,0.689
17,8,0.57
17,9,0.473
17,10,0.402
17,11,0.361
17,12,0.387
17,13,0.239
17,14,0.221
17,15,0.358
17,16,0.211
17,17,0.053
17,18,0.399
17,19,0.252
17,20,0.173
17,21,0.615
17,22,0.493
17,23,0.387
17,24,0.355
17,25,0.626
17,26,0.518
17,27,0.492
17,28,0.638
17,29,0.652
17,30,1.734
17,31,1.63
17,32,1.553
17,33,1.355
17,34,1.672
17,35,1.445
17,36,1.387
17,37,1.257
17,38,1.489
17,39,1.398
17,40,1.254
17,41,1.151
17,42,1.388
17,43,1.322
17,44,1.184
17,45,1.03
17,46,1.32
17,47,1.218
17,48,1.11
17,49,1.128
17,50,1.15
17,51,1.074
17,52,0.991
17,53,1.017
17,54,1.009
17,55,0.901
17,56,0.835
17,57,0.808
17,58,0.907
17,59,0.823
17,60,0.715
17,61,0.657
17,62,1.181
17,63,1.134
17,64,0.979
17,65,1.258
17,66,1.201
17,67,0.939
17,68,1.132
17,69,0.984
17,70,0.919
17,71,1.178
17,72,1.142
17,73,0.862
17,74,1.165
17,75,1.149
17,76,0.926
17,77,0.752
17,78,0.602
17,79,0.52
17,80,0.728
17,81,0.579
17,82,0.447
17,83,0.793
17,84,0.666
17,85,0.541
17,86,0.589
17,87,0.839
17,88,0.653
17,89,0.849
17,90,0.779
17,91,0.759
17,92,0.981
17,93,0.906
17,94,0.904
17,95,0.774
17,96,1.162
17,97,1.038
17,98,1.128
17,99,0.868
17,100,0.814
17,101,0.76
17,102,1.239
17,103,1.263
17,104,1.129
17,105,0.995
17,106,1.028
17,107,0.888
17,108,1.408
17,109,1.41
17,110,1.254
17,111,1.157
17,112,0.976
17,113,1.268
17,114,1.169
17,115,0.974
17,116,1.396
17,117,1.247
17,118,1.094
17,119,1.476
17,120,1.758
17,121,1.432
17,122,1.327
17,123,2.146
17,124,1.858
17,125,1.774
17,126,1.808
17,127,0.885
17,128,1.145
17,129,1.461
17,130,1.354
17,131,1.598
17,132,1.898
18,1,0.756
18,2,0.684
18,3,0.574
18,4,0.582
18,5,0.676
18,6,0.699
18,7,0.558
18,8,0.477
18,9,0.442
18,10,0.576
18,11,0.634
18,12,0.31
18,13,0.428
18,14,0.528
18,15,0.166
18,16,0.293
18,17,0.412
18,18,0.066
18,19,0.233
18,20,0.374
18,21,0.286
18,22,0.159
18,23,0.285
18,24,0.484
18,25,0.292
18,26,0.401
18,27,0.542
18,28,0.537
18,29,0.692
18,30,1.667
18,31,1.562
18,32,1.486
18,33,1.3
18,34,1.604
18,35,1.377
18,36,1.332
18,37,1.202
18,38,1.36
18,39,1.33
18,40,1.186
18,41,1.094
18,42,1.27
18,43,1.194
18,44,1.114
18,45,0.962
18,46,1.312
18,47,1.209
18,48,1.148
18,49,1.21
18,50,1.096
18,51,1.066
18,52,0.997
18,53,1.098
18,54,0.954
18,55,0.892
18,56,0.827
18,57,0.875
18,58,0.853
18,59,0.768
18,60,0.706
18,61,0.77
18,62,1.05
18,63,1.019
18,64,0.878
18,65,1.111
18,66,1.054
18,67,0.808
18,68,0.985
18,69,0.837
18,70,0.772
18,71,0.956
18,72,0.92
18,73,0.676
18,74,0.943
18,75,0.82
18,76,0.654
18,77,0.624
18,78,0.472
18,79,0.394
18,80,0.542
18,81,0.393
18,82,0.261
18,83,0.482
18,84,0.348
18,85,0.212
18,86,0.26
18,87,0.51
18,88,0.324
18,89,0.52
18,90,0.45
18,91,0.43
18,92,0.652
18,93,0.577
18,94,0.58
18,95,0.45
18,96,0.834
18,97,0.709
18,98,0.799
18,99,0.622
18,100,0.713
18,101,0.787
18,102,0.91
18,103,0.977
18,104,0.843
18,105,0.798
18,106,0.976
18,107,0.914
18,108,1.079
18,109,1.081
18,110,0.925
18,111,0.828
18,112,0.647
18,113,0.939
18,114,0.84
18,115,0.646
18,116,1.067
18,117,0.918
18,118,0.765
18,119,1.147
18,120,1.64
18,121,1.252
18,122,1.041
18,123,2.028
18,124,1.678
18,125,1.552
18,126,1.48
18,127,1.013
18,128,1.286
18,129,1.639
18,130,1.345
18,131,1.589
18,132,1.843
19,1,0.88
19,2,0.8
19,3,0.671
19,4,0.576
19,5,0.558
19,6,0.846
19,7,0.706
19,8,0.62
19,9,0.515
19,10,0.449
19,11,0.476
19,12,0.414
19,13,0.27
19,14,0.346
19,15,0.269
19,16,0.135
19,17,0.254
19,18,0.232
19,19,0.067
19,20,0.186
19,21,0.447
19,22,0.264
19,23,0.134
19,24,0.328
19,25,0.397
19,26,0.271
19,27,0.412
19,28,0.406
19,29,0.562
19,30,1.791
19,31,1.687
19,32,1.607
19,33,1.397
19,34,1.729
19,35,1.502
19,36,1.43
19,37,1.299
19,38,1.508
19,39,1.455
19,40,1.311
19,41,1.195
19,42,1.418
19,43,1.341
19,44,1.242
19,45,1.087
19,46,1.363
19,47,1.26
19,48,1.152
19,49,1.171
19,50,1.193
19,51,1.117
19,52,1.033
19,53,1.059
19,54,1.052
19,55,0.943
19,56,0.878
19,57,0.851
19,58,0.95
19,59,0.866
19,60,0.758
19,61,0.7
19,62,1.198
19,63,1.166
19,64,1.026
19,65,1.258
19,66,1.202
19,67,0.956
19,68,1.132
19,69,0.984
19,70,0.92
19,71,1.104
19,72,1.068
19,73,0.823
19,74,1.09
19,75,0.982
19,76,0.817
19,77,0.771
19,78,0.619
19,79,0.541
19,80,0.689
19,81,0.54
19,82,0.408
19,83,0.644
19,84,0.51
19,85,0.375
19,86,0.422
19,87,0.672
19,88,0.486
19,89,0.683
19,90,0.613
19,91,0.553
19,92,0.814
19,93,0.74
19,94,0.684
19,95,0.554
19,96,0.996
19,97,0.871
19,98,0.961
19,99,0.649
19,100,0.583
19,101,0.657
19,102,1.072
19,103,1.044
19,104,0.911
19,105,0.777
19,106,0.853
19,107,0.784
19,108,1.241
19,109,1.244
19,110,1.088
19,111,0.991
19,112,0.81
19,113,1.101
19,114,1.003
19,115,0.808
19,116,1.23
19,117,1.08
19,118,0.927
19,119,1.309
19,120,1.787
19,121,1.399
19,122,1.108
19,123,2.175
19,124,1.826
19,125,1.699
19,126,1.642
19,127,0.882
19,128,1.156
19,129,1.474
19,130,1.396
19,131,1.64
19,132,1.94
20,1,0.978
20,2,0.906
20,3,0.783
20,4,0.688
20,5,0.67
20,6,0.979
20,7,0.838
20,8,0.725
20,9,0.627
20,10,0.556
20,11,0.516
20,12,0.537
20,13,0.389
20,14,0.376
20,15,0.409
20,16,0.276
20,17,0.17
20,18,0.373
20,19,0.186
20,20,0.068
20,21,0.59
20,22,0.414
20,23,0.284
20,24,0.235
20,25,0.529
20,26,0.398
20,27,0.372
20,28,0.518
20,29,0.532
20,30,1.889
20,31,1.784
20,32,1.708
20,33,1.509
20,34,1.826
20,35,1.599
20,36,1.542
20,37,1.411
20,38,1.641
20,39,1.552
20,40,1.408
20,41,1.306
20,42,1.543
20,43,1.474
20,44,1.339
20,45,1.184
20,46,1.475
20,47,1.372
20,48,1.264
20,49,1.283
20,50,1.305
20,51,1.229
20,52,1.145
20,53,1.171
20,54,1.163
20,55,1.055
20,56,0.99
20,57,0.963
20,58,1.062
20,59,0.977
20,60,0.87
20,61,0.812
20,62,1.33
20,63,1.289
20,64,1.134
20,65,1.399
20,66,1.342
20,67,1.088
20,68,1.273
20,69,1.125
20,70,1.06
20,71,1.244
20,72,1.208
20,73,0.964
20,74,1.231
20,75,1.123
20,76,0.958
20,77,0.902
20,78,0.752
20,79,0.67
20,80,0.83
20,81,0.681
20,82,0.549
20,83,0.785
20,84,0.651
20,85,0.515
20,86,0.563
20,87,0.813
20,88,0.627
20,89,0.824
20,90,0.754
20,91,0.685
20,92,0.955
20,93,0.864
20,94,0.784
20,95,0.654
20,96,1.12
20,97,0.995
20,98,1.085
20,99,0.748
20,100,0.694
20,101,0.64
20,102,1.213
20,103,1.143
20,104,1.009
20,105,0.875
20,106,0.908
20,107,0.768
20,108,1.382
20,109,1.368
20,110,1.228
20,111,1.132
20,112,0.95
20,113,1.242
20,114,1.143
20,115,0.949
20,116,1.37
20,117,1.221
20,118,1.068
20,119,1.45
20,120,1.912
20,121,1.54
20,122,1.207
20,123,2.3
20,124,1.966
20,125,1.84
20,126,1.783
20,127,0.765
20,128,1.025
20,129,1.341
20,130,1.508
20,131,1.752
20,132,2.052
21,1,0.892
21,2,0.822
21,3,0.754
21,4,0.816
21,5,0.892
21,6,0.831
21,7,0.694
21,8,0.61
21,9,0.676
21,10,0.792
21,11,0.832
21,12,0.572
21,13,0.626
21,14,0.726
21,15,0.429
21,16,0.491
21,17,0.61
21,18,0.286
21,19,0.431
21,20,0.572
21,21,0.051
21,22,0.361
21,23,0.336
21,24,0.588
21,25,0.274
21,26,0.383
21,27,0.524
21,28,0.519
21,29,0.674
21,30,1.803
21,31,1.699
21,32,1.622
21,33,1.48
21,34,1.741
21,35,1.514
21,36,1.474
21,37,1.382
21,38,1.493
21,39,1.466
21,40,1.323
21,41,1.238
21,42,1.402
21,43,1.326
21,44,1.246
21,45,1.098
21,46,1.506
21,47,1.404
21,48,1.377
21,49,1.443
21,50,1.276
21,51,1.26
21,52,1.225
21,53,1.332
21,54,1.135
21,55,1.086
21,56,1.055
21,57,1.109
21,58,1.021
21,59,0.949
21,60,0.912
21,61,1.004
21,62,1.182
21,63,1.151
21,64,1.011
21,65,1.213
21,66,1.156
21,67,0.94
21,68,1.087
21,69,0.939
21,70,0.874
21,71,0.974
21,72,0.938
21,73,0.778
21,74,0.96
21,75,0.836
21,76,0.67
21,77,0.732
21,78,0.6
21,79,0.526
21,80,0.616
21,81,0.495
21,82,0.363
21,83,0.498
21,84,0.364
21,85,0.231
21,86,0.26
21,87,0.464
21,88,0.278
21,89,0.414
21,90,0.206
21,91,0.191
21,92,0.46
21,93,0.332
21,94,0.339
21,95,0.431
21,96,0.589
21,97,0.464
21,98,0.554
21,99,0.603
21,100,0.695
21,101,0.769
21,102,0.683
21,103,0.732
21,104,0.824
21,105,0.78
21,106,0.958
21,107,0.896
21,108,0.852
21,109,0.836
21,110,0.878
21,111,0.784
21,112,0.663
21,113,0.853
21,114,0.755
21,115,0.56
21,116,0.875
21,117,0.726
21,118,0.573
21,119,0.937
21,120,1.772
21,121,1.327
21,122,1.022
21,123,2.16
21,124,1.754
21,125,1.57
21,126,1.34
21,127,0.995
21,128,1.268
21,129,1.66
21,130,1.539
21,131,1.783
21,132,2.023
22,1,0.891
22,2,0.82
22,3,0.709
22,4,0.718
22,5,0.769
22,6,0.834
22,7,0.694
22,8,0.613
22,9,0.577
22,10,0.67
22,11,0.71
22,12,0.446
22,13,0.503
22,14,0.604
22,15,0.301
22,16,0.369
22,17,0.487
22,18,0.159
22,19,0.264
22,20,0.414
22,21,0.38
22,22,0.067
22,23,0.22
22,24,0.419
22,25,0.136
22,26,0.271
22,27,0.434
22,28,0.406
22,29,0.585
22,30,1.802
22,31,1.698
22,32,1.621
22,33,1.436
22,34,1.74
22,35,1.513
22,36,1.468
22,37,1.338
22,38,1.496
22,39,1.466
22,40,1.322
22,41,1.229
22,42,1.406
22,43,1.329
22,44,1.249
22,45,1.098
22,46,1.447
22,47,1.345
22,48,1.284
22,49,1.345
22,50,1.231
22,51,1.201
22,52,1.132
22,53,1.234
22,54,1.09
22,55,1.028
22,56,0.962
22,57,1.011
22,58,0.988
22,59,0.904
22,60,0.842
22,61,0.905
22,62,1.186
22,63,1.154
22,64,1.014
22,65,1.247
22,66,1.19
22,67,0.944
22,68,1.12
22,69,0.972
22,70,0.908
22,71,1.052
22,72,1.016
22,73,0.811
22,74,1.039
22,75,0.913
22,76,0.748
22,77,0.759
22,78,0.607
22,79,0.529
22,80,0.677
22,81,0.528
22,82,0.396
22,83,0.575
22,84,0.441
22,85,0.305
22,86,0.353
22,87,0.603
22,88,0.417
22,89,0.614
22,90,0.411
22,91,0.291
22,92,0.665
22,93,0.504
22,94,0.423
22,95,0.293
22,96,0.761
22,97,0.636
22,98,0.726
22,99,0.465
22,100,0.581
22,101,0.68
22,102,0.868
22,103,0.82
22,104,0.686
22,105,0.642
22,106,0.82
22,107,0.807
22,108,1.037
22,109,1.008
22,110,1.018
22,111,0.922
22,112,0.74
22,113,1.032
22,114,0.933
22,115,0.739
22,116,1.081
22,117,0.932
22,118,0.778
22,119,1.117
22,120,1.775
22,121,1.387
22,122,0.884
22,123,2.163
22,124,1.814
22,125,1.648
22,126,1.52
22,127,0.908
22,128,1.182
22,129,1.573
22,130,1.481
22,131,1.725
22,132,1.978
23,1,1.01
23,2,0.935
23,3,0.805
23,4,0.711
23,5,0.692
23,6,0.953
23,7,0.812
23,8,0.731
23,9,0.65
23,10,0.583
23,11,0.611
23,12,0.548
23,13,0.404
23,14,0.48
23,15,0.402
23,16,0.27
23,17,0.388
23,18,0.284
23,19,0.134
23,20,0.284
23,21,0.336
23,22,0.22
23,23,0.067
23,24,0.289
23,25,0.269
23,26,0.138
23,27,0.278
23,28,0.273
23,29,0.429
23,30,1.921
23,31,1.817
23,32,1.74
23,33,1.532
23,34,1.859
23,35,1.632
23,36,1.564
23,37,1.434
23,38,1.615
23,39,1.584
23,40,1.441
23,41,1.329
23,42,1.524
23,43,1.448
23,44,1.368
23,45,1.216
23,46,1.497
23,47,1.395
23,48,1.286
23,49,1.305
23,50,1.328
23,51,1.251
23,52,1.168
23,53,1.194
23,54,1.186
23,55,1.078
23,56,1.012
23,57,0.985
23,58,1.084
23,59,1
23,60,0.892
23,61,0.834
23,62,1.304
23,63,1.273
23,64,1.133
23,65,1.344
23,66,1.287
23,67,1.062
23,68,1.218
23,69,1.07
23,70,1.005
23,71,1.144
23,72,1.108
23,73,0.909
23,74,1.13
23,75,1.02
23,76,0.855
23,77,0.868
23,78,0.726
23,79,0.648
23,80,0.775
23,81,0.626
23,82,0.494
23,83,0.682
23,84,0.549
23,85,0.413
23,86,0.46
23,87,0.71
23,88,0.525
23,89,0.721
23,90,0.525
23,91,0.425
23,92,0.779
23,93,0.632
23,94,0.552
23,95,0.422
23,96,0.888
23,97,0.763
23,98,0.853
23,99,0.516
23,100,0.449
23,101,0.524
23,102,0.995
23,103,0.911
23,104,0.777
23,105,0.643
23,106,0.719
23,107,0.651
23,108,1.164
23,109,1.136
23,110,1.126
23,111,1.029
23,112,0.848
23,113,1.14
23,114,1.041
23,115,0.846
23,116,1.195
23,117,1.046
23,118,0.893
23,119,1.245
23,120,1.894
23,121,1.485
23,122,0.975
23,123,2.282
23,124,1.912
23,125,1.739
23,126,1.648
23,127,0.749
23,128,1.023
23,129,1.414
23,130,1.531
23,131,1.775
23,132,2.075
24,1,1.165
24,2,1.094
24,3,0.97
24,4,0.876
24,5,0.857
24,6,1.155
24,7,1.014
24,8,0.912
24,9,0.815
24,10,0.744
24,11,0.703
24,12,0.724
24,13,0.577
24,14,0.563
24,15,0.597
24,16,0.464
24,17,0.358
24,18,0.486
24,19,0.336
24,20,0.236
24,21,0.591
24,22,0.421
24,23,0.292
24,24,0.079
24,25,0.494
24,26,0.362
24,27,0.237
24,28,0.483
24,29,0.397
24,30,2.076
24,31,1.972
24,32,1.895
24,33,1.697
24,34,2.014
24,35,1.787
24,36,1.729
24,37,1.599
24,38,1.816
24,39,1.74
24,40,1.596
24,41,1.493
24,42,1.726
24,43,1.649
24,44,1.526
24,45,1.372
24,46,1.662
24,47,1.56
24,48,1.452
24,49,1.47
24,50,1.492
24,51,1.416
24,52,1.333
24,53,1.359
24,54,1.351
24,55,1.243
24,56,1.177
24,57,1.15
24,58,1.249
24,59,1.165
24,60,1.057
24,61,0.999
24,62,1.506
24,63,1.475
24,64,1.321
24,65,1.546
24,66,1.489
24,67,1.264
24,68,1.419
24,69,1.271
24,70,1.207
24,71,1.346
24,72,1.31
24,73,1.11
24,74,1.332
24,75,1.222
24,76,1.057
24,77,1.07
24,78,0.927
24,79,0.849
24,80,0.976
24,81,0.828
24,82,0.696
24,83,0.884
24,84,0.75
24,85,0.614
24,86,0.662
24,87,0.912
24,88,0.726
24,89,0.923
24,90,0.77
24,91,0.65
24,92,0.995
24,93,0.829
24,94,0.749
24,95,0.619
24,96,1.085
24,97,0.96
24,98,1.05
24,99,0.713
24,100,0.659
24,101,0.586
24,102,1.192
24,103,1.108
24,104,0.974
24,105,0.84
24,106,0.817
24,107,0.677
24,108,1.361
24,109,1.333
24,110,1.327
24,111,1.231
24,112,1.049
24,113,1.341
24,114,1.242
24,115,1.048
24,116,1.439
24,117,1.29
24,118,1.137
24,119,1.442
24,120,2.095
24,121,1.686
24,122,1.172
24,123,2.483
24,124,2.113
24,125,1.941
24,126,1.845
24,127,0.677
24,128,0.937
24,129,1.252
24,130,1.696
24,131,1.94
24,132,2.24
25,1,1.024
25,2,0.953
25,3,0.842
25,4,0.851
25,5,0.902
25,6,0.968
25,7,0.827
25,8,0.746
25,9,0.711
25,10,0.803
25,11,0.843
25,12,0.579
25,13,0.636
25,14,0.737
25,15,0.435
25,16,0.502
25,17,0.62
25,18,0.292
25,19,0.397
25,20,0.536
25,21,0.274
25,22,0.136
25,23,0.269
25,24,0.498
25,25,0.067
25,26,0.136
25,27,0.299
25,28,0.272
25,29,0.45
25,30,1.936
25,31,1.831
25,32,1.755
25,33,1.569
25,34,1.873
25,35,1.646
25,36,1.601
25,37,1.471
25,38,1.629
25,39,1.599
25,40,1.455
25,41,1.363
25,42,1.539
25,43,1.462
25,44,1.382
25,45,1.231
25,46,1.581
25,47,1.478
25,48,1.417
25,49,1.478
25,50,1.365
25,51,1.334
25,52,1.266
25,53,1.367
25,54,1.223
25,55,1.161
25,56,1.096
25,57,1.144
25,58,1.122
25,59,1.037
25,60,0.975
25,61,1.039
25,62,1.319
25,63,1.288
25,64,1.147
25,65,1.379
25,66,1.322
25,67,1.077
25,68,1.253
25,69,1.105
25,70,1.04
25,71,1.132
25,72,1.096
25,73,0.944
25,74,1.118
25,75,0.96
25,76,0.813
25,77,0.892
25,78,0.74
25,79,0.662
25,80,0.773
25,81,0.661
25,82,0.529
25,83,0.656
25,84,0.522
25,85,0.397
25,86,0.418
25,87,0.582
25,88,0.435
25,89,0.484
25,90,0.276
25,91,0.157
25,92,0.53
25,93,0.37
25,94,0.288
25,95,0.158
25,96,0.626
25,97,0.501
25,98,0.591
25,99,0.33
25,100,0.446
25,101,0.545
25,102,0.733
25,103,0.686
25,104,0.552
25,105,0.507
25,106,0.685
25,107,0.672
25,108,0.902
25,109,0.874
25,110,0.949
25,111,0.854
25,112,0.788
25,113,0.924
25,114,0.825
25,115,0.631
25,116,0.946
25,117,0.797
25,118,0.644
25,119,0.983
25,120,1.908
25,121,1.485
25,122,0.75
25,123,2.296
25,124,1.911
25,125,1.727
25,126,1.386
25,127,0.774
25,128,1.047
25,129,1.439
25,130,1.614
25,131,1.858
25,132,2.112
26,1,1.112
26,2,1.041
26,3,0.938
26,4,0.847
26,5,0.828
26,6,1.056
26,7,0.915
26,8,0.834
26,9,0.786
26,10,0.72
26,11,0.747
26,12,0.671
26,13,0.54
26,14,0.616
26,15,0.523
26,16,0.406
26,17,0.525
26,18,0.388
26,19,0.271
26,20,0.404
26,21,0.383
26,22,0.271
26,23,0.137
26,24,0.366
26,25,0.136
26,26,0.068
26,27,0.168
26,28,0.14
26,29,0.32
26,30,2.023
26,31,1.919
26,32,1.842
26,33,1.664
26,34,1.961
26,35,1.734
26,36,1.695
26,37,1.566
26,38,1.717
26,39,1.687
26,40,1.543
26,41,1.458
26,42,1.627
26,43,1.55
26,44,1.47
26,45,1.319
26,46,1.634
26,47,1.531
26,48,1.423
26,49,1.442
26,50,1.46
26,51,1.388
26,52,1.304
26,53,1.33
26,54,1.319
26,55,1.214
26,56,1.149
26,57,1.122
26,58,1.217
26,59,1.133
26,60,1.028
26,61,0.97
26,62,1.407
26,63,1.376
26,64,1.235
26,65,1.447
26,66,1.39
26,67,1.165
26,68,1.32
26,69,1.172
26,70,1.108
26,71,1.242
26,72,1.206
26,73,1.011
26,74,1.229
26,75,1.096
26,76,0.938
26,77,0.97
26,78,0.828
26,79,0.75
26,80,0.877
26,81,0.728
26,82,0.596
26,83,0.765
26,84,0.631
26,85,0.495
26,86,0.546
26,87,0.717
26,88,0.57
26,89,0.62
26,90,0.412
26,91,0.292
26,92,0.665
26,93,0.499
26,94,0.419
26,95,0.289
26,96,0.756
26,97,0.631
26,98,0.721
26,99,0.383
26,100,0.316
26,101,0.415
26,102,0.862
26,103,0.778
26,104,0.644
26,105,0.511
26,106,0.586
26,107,0.542
26,108,1.032
26,109,1.003
26,110,1.084
26,111,0.99
26,112,0.923
26,113,1.06
26,114,0.961
26,115,0.766
26,116,1.082
26,117,0.932
26,118,0.779
26,119,1.112
26,120,1.996
26,121,1.587
26,122,0.842
26,123,2.384
26,124,2.014
26,125,1.838
26,126,1.515
26,127,0.642
26,128,0.916
26,129,1.307
26,130,1.667
26,131,1.911
26,132,2.207
27,1,1.236
27,2,1.165
27,3,1.062
27,4,0.977
27,5,0.958
27,6,1.18
27,7,1.039
27,8,0.958
27,9,0.915
27,10,0.85
27,11,0.811
27,12,0.796
27,13,0.67
27,14,0.671
27,15,0.649
27,16,0.536
27,17,0.5
27,18,0.512
27,19,0.401
27,20,0.379
27,21,0.516
27,22,0.434
27,23,0.267
27,24,0.251
27,25,0.299
27,26,0.168
27,27,0.077
27,28,0.293
27,29,0.196
27,30,2.148
27,31,2.043
27,32,1.967
27,33,1.789
27,34,2.085
27,35,1.858
27,36,1.819
27,37,1.691
27,38,1.841
27,39,1.811
27,40,1.667
27,41,1.582
27,42,1.751
27,43,1.674
27,44,1.594
27,45,1.443
27,46,1.763
27,47,1.66
27,48,1.553
27,49,1.572
27,50,1.584
27,51,1.517
27,52,1.434
27,53,1.46
27,54,1.443
27,55,1.343
27,56,1.278
27,57,1.252
27,58,1.341
27,59,1.257
27,60,1.158
27,61,1.1
27,62,1.531
27,63,1.5
27,64,1.359
27,65,1.571
27,66,1.514
27,67,1.289
27,68,1.444
27,69,1.296
27,70,1.232
27,71,1.371
27,72,1.335
27,73,1.136
27,74,1.357
27,75,1.236
27,76,1.07
27,77,1.095
27,78,0.952
27,79,0.874
27,80,1.001
27,81,0.853
27,82,0.721
27,83,0.898
27,84,0.764
27,85,0.628
27,86,0.678
27,87,0.88
27,88,0.733
27,89,0.783
27,90,0.575
27,91,0.455
27,92,0.805
27,93,0.639
27,94,0.559
27,95,0.429
27,96,0.896
27,97,0.771
27,98,0.861
27,99,0.523
27,100,0.454
27,101,0.357
27,102,1.002
27,103,0.918
27,104,0.784
27,105,0.651
27,106,0.616
27,107,0.476
27,108,1.172
27,109,1.143
27,110,1.247
27,111,1.153
27,112,1.063
27,113,1.222
27,114,1.124
27,115,0.929
27,116,1.244
27,117,1.095
27,118,0.942
27,119,1.252
27,120,2.12
27,121,1.712
27,122,0.982
27,123,2.508
27,124,2.138
27,125,1.966
27,126,1.655
27,127,0.489
27,128,0.763
27,129,1.148
27,130,1.796
27,131,2.04
27,132,2.332
28,1,1.248
28,2,1.176
28,3,1.073
28,4,0.982
28,5,0.964
28,6,1.191
28,7,1.05
28,8,0.969
28,9,0.922
28,10,0.855
28,11,0.882
28,12,0.806
28,13,0.676
28,14,0.752
28,15,0.659
28,16,0.542
28,17,0.647
28,18,0.523
28,19,0.406
28,20,0.526
28,21,0.519
28,22,0.406
28,23,0.273
28,24,0.488
28,25,0.272
28,26,0.14
28,27,0.294
28,28,0.067
28,29,0.19
28,30,2.159
28,31,2.054
28,32,1.978
28,33,1.8
28,34,2.096
28,35,1.869
28,36,1.83
28,37,1.702
28,38,1.852
28,39,1.822
28,40,1.678
28,41,1.594
28,42,1.762
28,43,1.686
28,44,1.606
28,45,1.454
28,46,1.769
28,47,1.667
28,48,1.558
28,49,1.577
28,50,1.596
28,51,1.523
28,52,1.44
28,53,1.465
28,54,1.454
28,55,1.35
28,56,1.284
28,57,1.257
28,58,1.352
28,59,1.268
28,60,1.164
28,61,1.106
28,62,1.542
28,63,1.511
28,64,1.37
28,65,1.582
28,66,1.525
28,67,1.3
28,68,1.456
28,69,1.308
28,70,1.243
28,71,1.372
28,72,1.336
28,73,1.147
28,74,1.358
28,75,1.165
28,76,1.018
28,77,1.106
28,78,0.964
28,79,0.886
28,80,1.012
28,81,0.864
28,82,0.732
28,83,0.9
28,84,0.766
28,85,0.631
28,86,0.681
28,87,0.787
28,88,0.706
28,89,0.689
28,90,0.547
28,91,0.428
28,92,0.616
28,93,0.45
28,94,0.299
28,95,0.169
28,96,0.706
28,97,0.582
28,98,0.629
28,99,0.266
28,100,0.186
28,101,0.285
28,102,0.813
28,103,0.661
28,104,0.527
28,105,0.393
28,106,0.456
28,107,0.412
28,108,0.982
28,109,0.899
28,110,1.154
28,111,1.06
28,112,0.993
28,113,1.129
28,114,1.03
28,115,0.836
28,116,1.077
28,117,0.928
28,118,0.774
28,119,1.063
28,120,2.132
28,121,1.723
28,122,0.725
28,123,2.52
28,124,2.149
28,125,1.967
28,126,1.466
28,127,0.545
28,128,0.819
28,129,1.326
28,130,1.802
28,131,2.046
28,132,2.343
29,1,1.4
29,2,1.329
29,3,1.226
29,4,1.141
29,5,1.122
29,6,1.344
29,7,1.203
29,8,1.122
29,9,1.079
29,10,1.014
29,11,0.975
29,12,0.96
29,13,0.834
29,14,0.835
29,15,0.813
29,16,0.7
29,17,0.661
29,18,0.676
29,19,0.565
29,20,0.54
29,21,0.68
29,22,0.585
29,23,0.431
29,24,0.412
29,25,0.45
29,26,0.32
29,27,0.215
29,28,0.19
29,29,0.076
29,30,2.312
29,31,2.207
29,32,2.131
29,33,1.953
29,34,2.249
29,35,2.022
29,36,1.983
29,37,1.855
29,38,2.005
29,39,1.975
29,40,1.831
29,41,1.746
29,42,1.915
29,43,1.838
29,44,1.758
29,45,1.607
29,46,1.927
29,47,1.824
29,48,1.717
29,49,1.736
29,50,1.748
29,51,1.681
29,52,1.598
29,53,1.624
29,54,1.607
29,55,1.507
29,56,1.442
29,57,1.416
29,58,1.505
29,59,1.421
29,60,1.322
29,61,1.264
29,62,1.695
29,63,1.664
29,64,1.523
29,65,1.735
29,66,1.678
29,67,1.453
29,68,1.608
29,69,1.46
29,70,1.396
29,71,1.518
29,72,1.482
29,73,1.3
29,74,1.504
29,75,1.312
29,76,1.164
29,77,1.259
29,78,1.116
29,79,1.038
29,80,1.165
29,81,1.017
29,82,0.885
29,83,1.062
29,84,0.928
29,85,0.792
29,86,0.842
29,87,0.933
29,88,0.859
29,89,0.836
29,90,0.701
29,91,0.606
29,92,0.762
29,93,0.596
29,94,0.445
29,95,0.315
29,96,0.853
29,97,0.728
29,98,0.775
29,99,0.412
29,100,0.318
29,101,0.221
29,102,0.96
29,103,0.807
29,104,0.673
29,105,0.539
29,106,0.483
29,107,0.343
29,108,1.129
29,109,1.046
29,110,1.3
29,111,1.206
29,112,1.139
29,113,1.275
29,114,1.177
29,115,0.982
29,116,1.223
29,117,1.074
29,118,0.921
29,119,1.209
29,120,2.284
29,121,1.87
29,122,0.871
29,123,2.672
29,124,2.297
29,125,2.113
29,126,1.612
29,127,0.379
29,128,0.652
29,129,1.16
29,130,1.96
29,131,2.204
29,132,2.496
30,1,0.925
30,2,1.036
30,3,1.155
30,4,1.296
30,5,1.398
30,6,1.055
30,7,1.135
30,8,1.228
30,9,1.298
30,10,1.436
30,11,1.525
30,12,1.42
30,13,1.53
30,14,1.619
30,15,1.585
30,16,1.659
30,17,1.733
30,18,1.662
30,19,1.794
30,20,1.853
30,21,1.792
30,22,1.797
30,23,1.915
30,24,2.035
30,25,1.93
30,26,2.005
30,27,2.144
30,28,2.14
30,29,2.294
30,30,0.064
30,31,0.292
30,32,0.435
30,33,0.652
30,34,0.288
30,35,0.415
30,36,0.614
30,37,0.734
30,38,0.435
30,39,0.549
30,40,0.511
30,41,0.747
30,42,0.597
30,43,0.559
30,44,0.644
30,45,0.753
30,46,0.754
30,47,0.86
30,48,0.991
30,49,1.101
30,50,0.837
30,51,0.966
30,52,1.083
30,53,1.238
30,54,0.95
30,55,1.025
30,56,1.205
30,57,1.314
30,58,0.871
30,59,0.991
30,60,1.115
30,61,1.257
30,62,0.788
30,63,0.786
30,64,0.858
30,65,0.958
30,66,0.901
30,67,0.955
30,68,1.097
30,69,1.068
30,70,1.109
30,71,1.245
30,72,1.172
30,73,1.238
30,74,1.514
30,75,1.295
30,76,1.441
30,77,1.186
30,78,1.253
30,79,1.364
30,80,1.342
30,81,1.4
30,82,1.48
30,83,1.464
30,84,1.605
30,85,1.696
30,86,1.745
30,87,1.601
30,88,1.749
30,89,1.722
30,90,1.885
30,91,1.912
30,92,1.856
30,93,1.92
30,94,2.041
30,95,2.088
30,96,2.076
30,97,2.051
30,98,2.141
30,99,2.26
30,100,2.317
30,101,2.389
30,102,2.124
30,103,2.282
30,104,2.416
30,105,2.422
30,106,2.587
30,107,2.516
30,108,2.293
30,109,2.386
30,110,1.592
30,111,1.442
30,112,1.58
30,113,1.665
30,114,1.566
30,115,1.675
30,116,1.847
30,117,1.698
30,118,1.849
30,119,2.035
30,120,0.614
30,121,1.103
30,122,2.664
30,123,1.208
30,124,1.285
30,125,1.645
30,126,2.038
30,127,2.566
30,128,2.826
30,129,3.141
30,130,1.01
30,131,1.132
30,132,0.493
31,1,0.821
31,2,0.932
31,3,1.05
31,4,1.192
31,5,1.294
31,6,0.95
31,7,1.031
31,8,1.123
31,9,1.194
31,10,1.332
31,11,1.42
31,12,1.316
31,13,1.426
31,14,1.515
31,15,1.481
31,16,1.555
31,17,1.629
31,18,1.557
31,19,1.689
31,20,1.749
31,21,1.688
31,22,1.693
31,23,1.81
31,24,1.931
31,25,1.826
31,26,1.901
31,27,2.04
31,28,2.036
31,29,2.19
31,30,0.292
31,31,0.064
31,32,0.152
31,33,0.369
31,34,0.252
31,35,0.38
31,36,0.331
31,37,0.451
31,38,0.4
31,39,0.513
31,40,0.407
31,41,0.584
31,42,0.562
31,43,0.524
31,44,0.545
31,45,0.649
31,46,0.471
31,47,0.576
31,48,0.707
31,49,0.817
31,50,0.554
31,51,0.683
31,52,0.8
31,53,0.954
31,54,0.678
31,55,0.921
31,56,0.932
31,57,1.134
31,58,0.767
31,59,0.887
31,60,1.011
31,61,1.123
31,62,0.752
31,63,0.687
31,64,0.754
31,65,0.921
31,66,0.864
31,67,0.891
31,68,1.06
31,69,1.031
31,70,1.045
31,71,1.208
31,72,1.135
31,73,1.173
31,74,1.479
31,75,1.258
31,76,1.346
31,77,1.082
31,78,1.149
31,79,1.26
31,80,1.238
31,81,1.296
31,82,1.375
31,83,1.36
31,84,1.5
31,85,1.592
31,86,1.641
31,87,1.497
31,88,1.645
31,89,1.627
31,90,1.78
31,91,1.808
31,92,1.762
31,93,1.825
31,94,1.946
31,95,1.983
31,96,1.981
31,97,1.957
31,98,2.047
31,99,2.155
31,100,2.212
31,101,2.285
31,102,2.029
31,103,2.187
31,104,2.321
31,105,2.327
31,106,2.482
31,107,2.412
31,108,2.198
31,109,2.292
31,110,1.555
31,111,1.405
31,112,1.485
31,113,1.628
31,114,1.529
31,115,1.638
31,116,1.81
31,117,1.661
31,118,1.781
31,119,1.998
31,120,0.579
31,121,1.068
31,122,2.57
31,123,1.173
31,124,1.25
31,125,1.61
31,126,2.002
31,127,2.462
31,128,2.722
31,129,3.037
31,130,0.745
31,131,0.933
31,132,0.563
32,1,0.744
32,2,0.855
32,3,0.963
32,4,1.104
32,5,1.206
32,6,0.874
32,7,0.954
32,8,1.047
32,9,1.115
32,10,1.252
32,11,1.341
32,12,1.239
32,13,1.349
32,14,1.435
32,15,1.404
32,16,1.478
32,17,1.552
32,18,1.481
32,19,1.613
32,20,1.672
32,21,1.612
32,22,1.616
32,23,1.734
32,24,1.854
32,25,1.75
32,26,1.824
32,27,1.963
32,28,1.96
32,29,2.113
32,30,0.435
32,31,0.152
32,32,0.063
32,33,0.253
32,34,0.395
32,35,0.5
32,36,0.254
32,37,0.335
32,38,0.543
32,39,0.537
32,40,0.33
32,41,0.486
32,42,0.705
32,43,0.667
32,44,0.468
32,45,0.572
32,46,0.355
32,47,0.461
32,48,0.592
32,49,0.702
32,50,0.438
32,51,0.567
32,52,0.684
32,53,0.839
32,54,0.565
32,55,0.844
32,56,0.816
32,57,1.018
32,58,0.69
32,59,0.8
32,60,0.924
32,61,1.007
32,62,0.743
32,63,0.61
32,64,0.677
32,65,0.844
32,66,0.788
32,67,0.814
32,68,0.983
32,69,0.954
32,70,0.968
32,71,1.131
32,72,1.058
32,73,1.096
32,74,1.411
32,75,1.182
32,76,1.269
32,77,1.005
32,78,1.072
32,79,1.183
32,80,1.162
32,81,1.219
32,82,1.299
32,83,1.283
32,84,1.424
32,85,1.515
32,86,1.564
32,87,1.42
32,88,1.568
32,89,1.551
32,90,1.704
32,91,1.731
32,92,1.685
32,93,1.748
32,94,1.869
32,95,1.907
32,96,1.905
32,97,1.88
32,98,1.97
32,99,2.079
32,100,2.136
32,101,2.208
32,102,1.952
32,103,2.11
32,104,2.244
32,105,2.25
32,106,2.406
32,107,2.335
32,108,2.122
32,109,2.215
32,110,1.478
32,111,1.328
32,112,1.408
32,113,1.551
32,114,1.452
32,115,1.562
32,116,1.734
32,117,1.584
32,118,1.704
32,119,1.921
32,120,0.722
32,121,1.21
32,122,2.493
32,123,1.316
32,124,1.393
32,125,1.752
32,126,2.092
32,127,2.385
32,128,2.645
32,129,2.96
32,130,0.63
32,131,0.861
32,132,0.492
33,1,0.687
33,2,0.672
33,3,0.753
33,4,0.894
33,5,0.996
33,6,0.817
33,7,0.824
33,8,0.917
33,9,0.905
33,10,1.042
33,11,1.131
33,12,1.031
33,13,1.14
33,14,1.225
33,15,1.226
33,16,1.269
33,17,1.343
33,18,1.302
33,19,1.404
33,20,1.463
33,21,1.47
33,22,1.438
33,23,1.538
33,24,1.645
33,25,1.571
33,26,1.664
33,27,1.782
33,28,1.799
33,29,1.942
33,30,0.652
33,31,0.369
33,32,0.253
33,33,0.073
33,34,0.612
33,35,0.705
33,36,0.431
33,37,0.2
33,38,0.76
33,39,0.738
33,40,0.535
33,41,0.351
33,42,0.922
33,43,0.881
33,44,0.632
33,45,0.495
33,46,0.265
33,47,0.37
33,48,0.501
33,49,0.611
33,50,0.228
33,51,0.477
33,52,0.594
33,53,0.748
33,54,0.355
33,55,0.739
33,56,0.624
33,57,0.85
33,58,0.595
33,59,0.59
33,60,0.714
33,61,0.853
33,62,0.908
33,63,0.775
33,64,0.624
33,65,1.009
33,66,0.952
33,67,0.804
33,68,1.147
33,69,1.093
33,70,0.958
33,71,1.296
33,72,1.223
33,73,1.07
33,74,1.4
33,75,1.346
33,76,1.213
33,77,0.948
33,78,0.949
33,79,1.018
33,80,1.105
33,81,1.131
33,82,1.158
33,83,1.226
33,84,1.292
33,85,1.374
33,86,1.436
33,87,1.364
33,88,1.437
33,89,1.494
33,90,1.572
33,91,1.602
33,92,1.628
33,93,1.692
33,94,1.751
33,95,1.728
33,96,1.848
33,97,1.823
33,98,1.913
33,99,1.9
33,100,1.975
33,101,2.046
33,102,1.896
33,103,2.054
33,104,2.122
33,105,2.077
33,106,2.245
33,107,2.173
33,108,2.065
33,109,2.158
33,110,1.57
33,111,1.449
33,112,1.352
33,113,1.636
33,114,1.537
33,115,1.528
33,116,1.818
33,117,1.669
33,118,1.648
33,119,2.006
33,120,0.939
33,121,1.427
33,122,2.32
33,123,1.533
33,124,1.61
33,125,1.969
33,126,2.176
33,127,2.176
33,128,2.436
33,129,2.751
33,130,0.539
33,131,0.783
33,132,0.586
34,1,0.863
34,2,0.974
34,3,1.092
34,4,1.234
34,5,1.336
34,6,0.992
34,7,1.073
34,8,1.165
34,9,1.236
34,10,1.374
34,11,1.462
34,12,1.358
34,13,1.468
34,14,1.557
34,15,1.523
34,16,1.597
34,17,1.671
34,18,1.599
34,19,1.731
34,20,1.791
34,21,1.73
34,22,1.735
34,23,1.852
34,24,1.973
34,25,1.868
34,26,1.943
34,27,2.082
34,28,2.078
34,29,2.232
34,30,0.288
34,31,0.252
34,32,0.395
34,33,0.612
34,34,0.067
34,35,0.353
34,36,0.574
34,37,0.694
34,38,0.373
34,39,0.486
34,40,0.449
34,41,0.685
34,42,0.535
34,43,0.497
34,44,0.581
34,45,0.691
34,46,0.714
34,47,0.82
34,48,0.951
34,49,1.061
34,50,0.797
34,51,0.926
34,52,1.043
34,53,1.198
34,54,0.888
34,55,0.963
34,56,1.143
34,57,1.252
34,58,0.809
34,59,0.929
34,60,1.053
34,61,1.195
34,62,0.726
34,63,0.724
34,64,0.796
34,65,0.896
34,66,0.839
34,67,0.893
34,68,1.034
34,69,1.006
34,70,1.047
34,71,1.183
34,72,1.11
34,73,1.175
34,74,1.452
34,75,1.233
34,76,1.378
34,77,1.124
34,78,1.191
34,79,1.302
34,80,1.28
34,81,1.338
34,82,1.417
34,83,1.402
34,84,1.542
34,85,1.634
34,86,1.683
34,87,1.539
34,88,1.687
34,89,1.66
34,90,1.822
34,91,1.85
34,92,1.794
34,93,1.858
34,94,1.978
34,95,2.025
34,96,2.014
34,97,1.989
34,98,2.079
34,99,2.197
34,100,2.254
34,101,2.327
34,102,2.062
34,103,2.22
34,104,2.353
34,105,2.359
34,106,2.524
34,107,2.454
34,108,2.231
34,109,2.324
34,110,1.53
34,111,1.38
34,112,1.517
34,113,1.602
34,114,1.504
34,115,1.613
34,116,1.785
34,117,1.636
34,118,1.786
34,119,1.973
34,120,0.486
34,121,1.041
34,122,2.602
34,123,1.08
34,124,1.157
34,125,1.535
34,126,1.976
34,127,2.504
34,128,2.764
34,129,3.079
34,130,0.988
34,131,1.176
34,132,0.57
35,1,0.636
35,2,0.746
35,3,0.865
35,4,1.007
35,5,1.108
35,6,0.765
35,7,0.846
35,8,0.938
35,9,1.008
35,10,1.146
35,11,1.235
35,12,1.131
35,13,1.241
35,14,1.33
35,15,1.296
35,16,1.37
35,17,1.444
35,18,1.372
35,19,1.504
35,20,1.564
35,21,1.503
35,22,1.508
35,23,1.625
35,24,1.746
35,25,1.641
35,26,1.716
35,27,1.854
35,28,1.851
35,29,2.005
35,30,0.415
35,31,0.38
35,32,0.5
35,33,0.705
35,34,0.353
35,35,0.067
35,36,0.353
35,37,0.532
35,38,0.45
35,39,0.423
35,40,0.222
35,41,0.458
35,42,0.612
35,43,0.566
35,44,0.354
35,45,0.464
35,46,0.824
35,47,0.93
35,48,1.061
35,49,1.169
35,50,0.674
35,51,0.848
35,52,0.936
35,53,1.08
35,54,0.661
35,55,0.736
35,56,0.916
35,57,1.025
35,58,0.582
35,59,0.702
35,60,0.826
35,61,0.968
35,62,0.629
35,63,0.496
35,64,0.568
35,65,0.73
35,66,0.674
35,67,0.7
35,68,0.869
35,69,0.84
35,70,0.854
35,71,1.017
35,72,0.944
35,73,0.982
35,74,1.297
35,75,1.068
35,76,1.161
35,77,0.897
35,78,0.964
35,79,1.074
35,80,1.053
35,81,1.11
35,82,1.19
35,83,1.174
35,84,1.315
35,85,1.407
35,86,1.456
35,87,1.312
35,88,1.46
35,89,1.442
35,90,1.595
35,91,1.623
35,92,1.577
35,93,1.64
35,94,1.761
35,95,1.798
35,96,1.796
35,97,1.772
35,98,1.862
35,99,1.97
35,100,2.027
35,101,2.1
35,102,1.844
35,103,2.002
35,104,2.136
35,105,2.142
35,106,2.297
35,107,2.227
35,108,2.013
35,109,2.106
35,110,1.364
35,111,1.214
35,112,1.3
35,113,1.437
35,114,1.338
35,115,1.448
35,116,1.62
35,117,1.47
35,118,1.596
35,119,1.807
35,120,0.68
35,121,1.118
35,122,2.384
35,123,1.261
35,124,1.338
35,125,1.66
35,126,1.978
35,127,2.276
35,128,2.536
35,129,2.852
35,130,1.099
35,131,1.286
35,132,0.698
36,1,0.596
36,2,0.705
36,3,0.786
36,4,0.927
36,5,1.029
36,6,0.726
36,7,0.807
36,8,0.899
36,9,0.937
36,10,1.074
36,11,1.163
36,12,1.063
36,13,1.173
36,14,1.258
36,15,1.257
36,16,1.302
36,17,1.376
36,18,1.333
36,19,1.436
36,20,1.496
36,21,1.464
36,22,1.469
36,23,1.571
36,24,1.678
36,25,1.602
36,26,1.677
36,27,1.815
36,28,1.812
36,29,1.966
36,30,0.614
36,31,0.331
36,32,0.254
36,33,0.431
36,34,0.574
36,35,0.353
36,36,0.067
36,37,0.258
36,38,0.501
36,39,0.389
36,40,0.183
36,41,0.294
36,42,0.593
36,43,0.532
36,44,0.321
36,45,0.424
36,46,0.578
36,47,0.684
36,48,0.81
36,49,0.895
36,50,0.4
36,51,0.575
36,52,0.663
36,53,0.807
36,54,0.388
36,55,0.682
36,56,0.659
36,57,0.886
36,58,0.542
36,59,0.622
36,60,0.746
36,61,0.888
36,62,0.596
36,63,0.463
36,64,0.529
36,65,0.697
36,66,0.64
36,67,0.667
36,68,0.835
36,69,0.807
36,70,0.821
36,71,0.984
36,72,0.911
36,73,0.949
36,74,1.264
36,75,1.034
36,76,1.122
36,77,0.858
36,78,0.925
36,79,1.035
36,80,1.014
36,81,1.071
36,82,1.151
36,83,1.135
36,84,1.276
36,85,1.368
36,86,1.417
36,87,1.273
36,88,1.421
36,89,1.403
36,90,1.556
36,91,1.584
36,92,1.538
36,93,1.601
36,94,1.722
36,95,1.759
36,96,1.757
36,97,1.732
36,98,1.822
36,99,1.931
36,100,1.988
36,101,2.06
36,102,1.805
36,103,1.963
36,104,2.097
36,105,2.103
36,106,2.258
36,107,2.188
36,108,1.974
36,109,2.067
36,110,1.331
36,111,1.181
36,112,1.261
36,113,1.403
36,114,1.305
36,115,1.414
36,116,1.586
36,117,1.437
36,118,1.557
36,119,1.774
36,120,0.854
36,121,1.098
36,122,2.345
36,123,1.242
36,124,1.319
36,125,1.64
36,126,1.944
36,127,2.208
36,128,2.468
36,129,2.784
36,130,0.853
36,131,1.04
36,132,0.671
37,1,0.514
37,2,0.574
37,3,0.655
37,4,0.796
37,5,0.898
37,6,0.644
37,7,0.725
37,8,0.817
37,9,0.807
37,10,0.944
37,11,1.033
37,12,0.933
37,13,1.042
37,14,1.128
37,15,1.128
37,16,1.171
37,17,1.245
37,18,1.204
37,19,1.306
37,20,1.366
37,21,1.373
37,22,1.34
37,23,1.44
37,24,1.548
37,25,1.473
37,26,1.566
37,27,1.685
37,28,1.701
37,29,1.844
37,30,0.734
37,31,0.451
37,32,0.335
37,33,0.2
37,34,0.694
37,35,0.532
37,36,0.258
37,37,0.077
37,38,0.677
37,39,0.565
37,40,0.362
37,41,0.178
37,42,0.769
37,43,0.708
37,44,0.46
37,45,0.322
37,46,0.391
37,47,0.497
37,48,0.628
37,49,0.738
37,50,0.27
37,51,0.444
37,52,0.532
37,53,0.676
37,54,0.257
37,55,0.566
37,56,0.529
37,57,0.755
37,58,0.43
37,59,0.492
37,60,0.616
37,61,0.758
37,62,0.735
37,63,0.602
37,64,0.452
37,65,0.836
37,66,0.779
37,67,0.631
37,68,0.974
37,69,0.92
37,70,0.785
37,71,1.123
37,72,1.05
37,73,0.897
37,74,1.228
37,75,1.173
37,76,1.04
37,77,0.776
37,78,0.843
37,79,0.92
37,80,0.932
37,81,0.989
37,82,1.06
37,83,1.053
37,84,1.194
37,85,1.276
37,86,1.335
37,87,1.191
37,88,1.339
37,89,1.321
37,90,1.474
37,91,1.502
37,92,1.456
37,93,1.519
37,94,1.64
37,95,1.63
37,96,1.675
37,97,1.65
37,98,1.74
37,99,1.802
37,100,1.877
37,101,1.948
37,102,1.723
37,103,1.881
37,104,2.015
37,105,1.979
37,106,2.147
37,107,2.075
37,108,1.892
37,109,1.985
37,110,1.397
37,111,1.276
37,112,1.179
37,113,1.463
37,114,1.364
37,115,1.355
37,116,1.646
37,117,1.496
37,118,1.475
37,119,1.833
37,120,1.021
37,121,1.275
37,122,2.222
37,123,1.418
37,124,1.495
37,125,1.817
37,126,2.004
37,127,2.078
37,128,2.338
37,129,2.653
37,130,0.665
37,131,0.909
37,132,0.668
38,1,0.7
38,2,0.811
38,3,0.93
38,4,1.072
38,5,1.173
38,6,0.754
38,7,0.873
38,8,0.965
38,9,1.073
38,10,1.211
38,11,1.3
38,12,1.174
38,13,1.283
38,14,1.384
38,15,1.28
38,16,1.373
38,17,1.486
38,18,1.357
38,19,1.504
38,20,1.607
38,21,1.489
38,22,1.492
38,23,1.61
38,24,1.789
38,25,1.626
38,26,1.7
38,27,1.839
38,28,1.836
38,29,1.989
38,30,0.435
38,31,0.4
38,32,0.543
38,33,0.76
38,34,0.373
38,35,0.45
38,36,0.501
38,37,0.677
38,38,0.067
38,39,0.204
38,40,0.37
38,41,0.523
38,42,0.253
38,43,0.214
38,44,0.381
38,45,0.528
38,46,0.862
38,47,0.968
38,48,1.098
38,49,1.208
38,50,0.819
38,51,0.994
38,52,1.082
38,53,1.226
38,54,0.806
38,55,0.801
38,56,0.98
38,57,1.09
38,58,0.646
38,59,0.767
38,60,0.891
38,61,1.033
38,62,0.443
38,63,0.495
38,64,0.633
38,65,0.614
38,66,0.557
38,67,0.611
38,68,0.752
38,69,0.724
38,70,0.765
38,71,0.9
38,72,0.828
38,73,0.893
38,74,1.169
38,75,0.951
38,76,1.096
38,77,0.885
38,78,0.941
38,79,1.101
38,80,0.999
38,81,1.088
38,82,1.176
38,83,1.12
38,84,1.293
38,85,1.392
38,86,1.433
38,87,1.258
38,88,1.437
38,89,1.377
38,90,1.57
38,91,1.6
38,92,1.512
38,93,1.575
38,94,1.696
38,95,1.783
38,96,1.731
38,97,1.707
38,98,1.797
38,99,1.955
38,100,2.012
38,101,2.084
38,102,1.779
38,103,1.937
38,104,2.071
38,105,2.077
38,106,2.255
38,107,2.211
38,108,1.948
38,109,2.042
38,110,1.248
38,111,1.098
38,112,1.235
38,113,1.32
38,114,1.221
38,115,1.331
38,116,1.503
38,117,1.354
38,118,1.504
38,119,1.69
38,120,0.514
38,121,0.758
38,122,2.32
38,123,0.902
38,124,0.979
38,125,1.3
38,126,1.693
38,127,2.31
38,128,2.579
38,129,2.894
38,130,1.136
38,131,1.324
38,132,0.718
39,1,0.588
39,2,0.699
39,3,0.818
39,4,0.96
39,5,1.061
39,6,0.718
39,7,0.799
39,8,0.891
39,9,0.961
39,10,1.099
39,11,1.188
39,12,1.084
39,13,1.194
39,14,1.283
39,15,1.249
39,16,1.323
39,17,1.396
39,18,1.325
39,19,1.457
39,20,1.517
39,21,1.456
39,22,1.461
39,23,1.578
39,24,1.699
39,25,1.594
39,26,1.669
39,27,1.807
39,28,1.804
39,29,1.958
39,30,0.549
39,31,0.513
39,32,0.537
39,33,0.738
39,34,0.486
39,35,0.423
39,36,0.389
39,37,0.565
39,38,0.204
39,39,0.067
39,40,0.258
39,41,0.411
39,42,0.296
39,43,0.235
39,44,0.269
39,45,0.416
39,46,0.861
39,47,0.966
39,48,1.097
39,49,1.202
39,50,0.707
39,51,0.882
39,52,0.97
39,53,1.114
39,54,0.694
39,55,0.689
39,56,0.868
39,57,0.978
39,58,0.534
39,59,0.655
39,60,0.779
39,61,0.921
39,62,0.464
39,63,0.411
39,64,0.521
39,65,0.634
39,66,0.577
39,67,0.615
39,68,0.773
39,69,0.744
39,70,0.769
39,71,0.921
39,72,0.848
39,73,0.897
39,74,1.212
39,75,0.971
39,76,1.1
39,77,0.85
39,78,0.917
39,79,1.027
39,80,1.003
39,81,1.063
39,82,1.143
39,83,1.124
39,84,1.268
39,85,1.36
39,86,1.409
39,87,1.262
39,88,1.413
39,89,1.382
39,90,1.548
39,91,1.576
39,92,1.516
39,93,1.579
39,94,1.7
39,95,1.751
39,96,1.736
39,97,1.711
39,98,1.801
39,99,1.923
39,100,1.98
39,101,2.052
39,102,1.783
39,103,1.941
39,104,2.075
39,105,2.081
39,106,2.25
39,107,2.18
39,108,1.952
39,109,2.046
39,110,1.268
39,111,1.118
39,112,1.239
39,113,1.341
39,114,1.242
39,115,1.351
39,116,1.523
39,117,1.374
39,118,1.525
39,119,1.711
39,120,0.557
39,121,0.801
39,122,2.324
39,123,0.945
39,124,1.022
39,125,1.343
39,126,1.736
39,127,2.229
39,128,2.489
39,129,2.805
39,130,1.135
39,131,1.323
39,132,0.832
40,1,0.445
40,2,0.556
40,3,0.674
40,4,0.816
40,5,0.918
40,6,0.574
40,7,0.655
40,8,0.747
40,9,0.818
40,10,0.956
40,11,1.044
40,12,0.94
40,13,1.05
40,14,1.139
40,15,1.105
40,16,1.179
40,17,1.253
40,18,1.181
40,19,1.313
40,20,1.373
40,21,1.312
40,22,1.317
40,23,1.434
40,24,1.555
40,25,1.45
40,26,1.525
40,27,1.664
40,28,1.66
40,29,1.814
40,30,0.511
40,31,0.407
40,32,0.33
40,33,0.535
40,34,0.449
40,35,0.222
40,36,0.183
40,37,0.362
40,38,0.37
40,39,0.258
40,40,0.067
40,41,0.267
40,42,0.462
40,43,0.402
40,44,0.19
40,45,0.273
40,46,0.654
40,47,0.76
40,48,0.891
40,49,0.999
40,50,0.504
40,51,0.679
40,52,0.766
40,53,0.91
40,54,0.491
40,55,0.545
40,56,0.725
40,57,0.834
40,58,0.391
40,59,0.511
40,60,0.635
40,61,0.777
40,62,0.465
40,63,0.332
40,64,0.378
40,65,0.566
40,66,0.509
40,67,0.52
40,68,0.705
40,69,0.676
40,70,0.674
40,71,0.853
40,72,0.78
40,73,0.802
40,74,1.116
40,75,0.903
40,76,0.97
40,77,0.706
40,78,0.773
40,79,0.884
40,80,0.862
40,81,0.92
40,82,0.999
40,83,0.984
40,84,1.124
40,85,1.216
40,86,1.265
40,87,1.121
40,88,1.269
40,89,1.251
40,90,1.404
40,91,1.432
40,92,1.386
40,93,1.449
40,94,1.57
40,95,1.607
40,96,1.605
40,97,1.581
40,98,1.671
40,99,1.779
40,100,1.836
40,101,1.909
40,102,1.653
40,103,1.811
40,104,1.945
40,105,1.951
40,106,2.106
40,107,2.036
40,108,1.822
40,109,1.916
40,110,1.2
40,111,1.05
40,112,1.109
40,113,1.273
40,114,1.174
40,115,1.283
40,116,1.455
40,117,1.306
40,118,1.405
40,119,1.643
40,120,0.724
40,121,0.968
40,122,2.194
40,123,1.112
40,124,1.188
40,125,1.51
40,126,1.813
40,127,2.086
40,128,2.346
40,129,2.661
40,130,0.929
40,131,1.116
40,132,0.747
41,1,0.36
41,2,0.44
41,3,0.559
41,4,0.701
41,5,0.802
41,6,0.49
41,7,0.57
41,8,0.662
41,9,0.702
41,10,0.84
41,11,0.929
41,12,0.827
41,13,0.938
41,14,1.024
41,15,1.017
41,16,1.067
41,17,1.141
41,18,1.093
41,19,1.201
41,20,1.261
41,21,1.227
41,22,1.229
41,23,1.336
41,24,1.443
41,25,1.362
41,26,1.44
41,27,1.579
41,28,1.575
41,29,1.729
41,30,0.747
41,31,0.584
41,32,0.486
41,33,0.351
41,34,0.685
41,35,0.458
41,36,0.294
41,37,0.178
41,38,0.523
41,39,0.411
41,40,0.267
41,41,0.077
41,42,0.614
41,43,0.554
41,44,0.305
41,45,0.167
41,46,0.542
41,47,0.647
41,48,0.729
41,49,0.814
41,50,0.32
41,51,0.494
41,52,0.582
41,53,0.726
41,54,0.307
41,55,0.411
41,56,0.579
41,57,0.7
41,58,0.276
41,59,0.396
41,60,0.52
41,61,0.662
41,62,0.58
41,63,0.447
41,64,0.297
41,65,0.681
41,66,0.624
41,67,0.476
41,68,0.82
41,69,0.765
41,70,0.63
41,71,0.968
41,72,0.895
41,73,0.742
41,74,1.073
41,75,1.018
41,76,0.885
41,77,0.621
41,78,0.688
41,79,0.799
41,80,0.777
41,81,0.835
41,82,0.914
41,83,0.899
41,84,1.04
41,85,1.131
41,86,1.18
41,87,1.036
41,88,1.184
41,89,1.166
41,90,1.32
41,91,1.347
41,92,1.301
41,93,1.364
41,94,1.485
41,95,1.519
41,96,1.52
41,97,1.496
41,98,1.586
41,99,1.691
41,100,1.752
41,101,1.824
41,102,1.568
41,103,1.726
41,104,1.86
41,105,1.866
41,106,2.022
41,107,1.951
41,108,1.737
41,109,1.831
41,110,1.242
41,111,1.121
41,112,1.024
41,113,1.308
41,114,1.21
41,115,1.201
41,116,1.491
41,117,1.342
41,118,1.32
41,119,1.678
41,120,0.876
41,121,1.12
41,122,2.109
41,123,1.264
41,124,1.341
41,125,1.662
41,126,1.849
41,127,1.974
41,128,2.234
41,129,2.549
41,130,0.816
41,131,1.06
41,132,0.819
42,1,0.668
42,2,0.811
42,3,0.952
42,4,1.093
42,5,1.195
42,6,0.652
42,7,0.771
42,8,0.864
42,9,1.007
42,10,1.144
42,11,1.233
42,12,1.073
42,13,1.182
42,14,1.283
42,15,1.195
42,16,1.287
42,17,1.385
42,18,1.271
42,19,1.419
42,20,1.505
42,21,1.403
42,22,1.407
42,23,1.524
42,24,1.687
42,25,1.54
42,26,1.615
42,27,1.753
42,28,1.75
42,29,1.904
42,30,0.597
42,31,0.562
42,32,0.705
42,33,0.922
42,34,0.535
42,35,0.612
42,36,0.593
42,37,0.769
42,38,0.253
42,39,0.296
42,40,0.462
42,41,0.614
42,42,0.067
42,43,0.285
42,44,0.473
42,45,0.62
42,46,1.024
42,47,1.13
42,48,1.26
42,49,1.37
42,50,0.911
42,51,1.086
42,52,1.173
42,53,1.317
42,54,0.898
42,55,0.893
42,56,1.072
42,57,1.182
42,58,0.738
42,59,0.859
42,60,0.983
42,61,1.124
42,62,0.364
42,63,0.415
42,64,0.558
42,65,0.534
42,66,0.477
42,67,0.523
42,68,0.672
42,69,0.644
42,70,0.677
42,71,0.821
42,72,0.748
42,73,0.806
42,74,1.03
42,75,0.871
42,76,1.009
42,77,0.784
42,78,0.856
42,79,1
42,80,0.911
42,81,1.002
42,82,1.09
42,83,1.033
42,84,1.207
42,85,1.307
42,86,1.348
42,87,1.17
42,88,1.351
42,89,1.29
42,90,1.483
42,91,1.514
42,92,1.424
42,93,1.488
42,94,1.609
42,95,1.697
42,96,1.644
42,97,1.619
42,98,1.709
42,99,1.869
42,100,1.926
42,101,1.998
42,102,1.692
42,103,1.85
42,104,1.984
42,105,1.99
42,106,2.168
42,107,2.126
42,108,1.861
42,109,1.954
42,110,1.168
42,111,1.018
42,112,1.148
42,113,1.24
42,114,1.142
42,115,1.251
42,116,1.423
42,117,1.274
42,118,1.424
42,119,1.611
42,120,0.502
42,121,0.618
42,122,2.232
42,123,0.89
42,124,0.882
42,125,1.16
42,126,1.553
42,127,2.218
42,128,2.478
42,129,2.793
42,130,1.298
42,131,1.486
42,132,0.88
43,1,0.602
43,2,0.745
43,3,0.886
43,4,1.027
43,5,1.129
43,6,0.587
43,7,0.706
43,8,0.798
43,9,0.942
43,10,1.079
43,11,1.168
43,12,1.007
43,13,1.116
43,14,1.217
43,15,1.114
43,16,1.206
43,17,1.319
43,18,1.19
43,19,1.338
43,20,1.44
43,21,1.322
43,22,1.326
43,23,1.443
43,24,1.622
43,25,1.459
43,26,1.534
43,27,1.672
43,28,1.669
43,29,1.822
43,30,0.559
43,31,0.524
43,32,0.667
43,33,0.881
43,34,0.497
43,35,0.566
43,36,0.532
43,37,0.708
43,38,0.214
43,39,0.235
43,40,0.402
43,41,0.554
43,42,0.285
43,43,0.067
43,44,0.412
43,45,0.56
43,46,0.986
43,47,1.091
43,48,1.222
43,49,1.332
43,50,0.85
43,51,1.025
43,52,1.113
43,53,1.257
43,54,0.838
43,55,0.832
43,56,1.012
43,57,1.121
43,58,0.678
43,59,0.798
43,60,0.922
43,61,1.064
43,62,0.276
43,63,0.328
43,64,0.492
43,65,0.447
43,66,0.39
43,67,0.444
43,68,0.585
43,69,0.557
43,70,0.598
43,71,0.734
43,72,0.661
43,73,0.726
43,74,1.041
43,75,0.784
43,76,0.929
43,77,0.718
43,78,0.774
43,79,0.934
43,80,0.832
43,81,0.921
43,82,1.009
43,83,0.953
43,84,1.126
43,85,1.226
43,86,1.266
43,87,1.091
43,88,1.27
43,89,1.21
43,90,1.403
43,91,1.433
43,92,1.345
43,93,1.408
43,94,1.529
43,95,1.616
43,96,1.564
43,97,1.54
43,98,1.63
43,99,1.788
43,100,1.845
43,101,1.917
43,102,1.612
43,103,1.77
43,104,1.904
43,105,1.91
43,106,2.088
43,107,2.044
43,108,1.781
43,109,1.875
43,110,1.081
43,111,0.931
43,112,1.068
43,113,1.153
43,114,1.054
43,115,1.164
43,116,1.336
43,117,1.187
43,118,1.337
43,119,1.523
43,120,0.547
43,121,0.791
43,122,2.153
43,123,0.935
43,124,1.012
43,125,1.333
43,126,1.694
43,127,2.143
43,128,2.412
43,129,2.728
43,130,1.26
43,131,1.448
43,132,0.842
44,1,0.375
44,2,0.559
44,3,0.712
44,4,0.854
44,5,0.956
44,6,0.497
44,7,0.586
44,8,0.678
44,9,0.778
44,10,0.915
44,11,1.004
44,12,0.87
44,13,0.98
44,14,1.081
44,15,1.035
44,16,1.109
44,17,1.183
44,18,1.112
44,19,1.244
44,20,1.304
44,21,1.243
44,22,1.247
44,23,1.365
44,24,1.486
44,25,1.381
44,26,1.455
44,27,1.594
44,28,1.591
44,29,1.744
44,30,0.644
44,31,0.545
44,32,0.468
44,33,0.632
44,34,0.581
44,35,0.354
44,36,0.321
44,37,0.46
44,38,0.381
44,39,0.269
44,40,0.19
44,41,0.305
44,42,0.473
44,43,0.412
44,44,0.067
44,45,0.259
44,46,0.792
44,47,0.898
44,48,1.011
44,49,1.096
44,50,0.601
44,51,0.776
44,52,0.864
44,53,1.008
44,54,0.589
44,55,0.583
44,56,0.763
44,57,0.872
44,58,0.429
44,59,0.549
44,60,0.673
44,61,0.815
44,62,0.297
44,63,0.164
44,64,0.308
44,65,0.398
44,66,0.342
44,67,0.368
44,68,0.537
44,69,0.508
44,70,0.522
44,71,0.685
44,72,0.612
44,73,0.65
44,74,0.965
44,75,0.736
44,76,0.854
44,77,0.629
44,78,0.7
44,79,0.814
44,80,0.756
44,81,0.847
44,82,0.93
44,83,0.878
44,84,1.052
44,85,1.146
44,86,1.192
44,87,1.015
44,88,1.196
44,89,1.135
44,90,1.328
44,91,1.359
44,92,1.269
44,93,1.333
44,94,1.454
44,95,1.538
44,96,1.489
44,97,1.464
44,98,1.554
44,99,1.71
44,100,1.767
44,101,1.839
44,102,1.537
44,103,1.695
44,104,1.828
44,105,1.834
44,106,2.012
44,107,1.966
44,108,1.706
44,109,1.799
44,110,1.032
44,111,0.882
44,112,0.992
44,113,1.105
44,114,1.006
44,115,1.116
44,116,1.288
44,117,1.138
44,118,1.288
44,119,1.475
44,120,0.734
44,121,0.845
44,122,2.077
44,123,1.122
44,124,1.109
44,125,1.387
44,126,1.646
44,127,2.016
44,128,2.276
44,129,2.591
44,130,1.067
44,131,1.254
44,132,0.885
45,1,0.22
45,2,0.401
45,3,0.52
45,4,0.662
45,5,0.763
45,6,0.35
45,7,0.431
45,8,0.523
45,9,0.623
45,10,0.76
45,11,0.849
45,12,0.715
45,13,0.825
45,14,0.926
45,15,0.88
45,16,0.954
45,17,1.028
45,18,0.957
45,19,1.089
45,20,1.149
45,21,1.088
45,22,1.092
45,23,1.21
45,24,1.331
45,25,1.226
45,26,1.3
45,27,1.439
45,28,1.436
45,29,1.589
45,30,0.753
45,31,0.649
45,32,0.572
45,33,0.495
45,34,0.691
45,35,0.464
45,36,0.424
45,37,0.322
45,38,0.528
45,39,0.416
45,40,0.273
45,41,0.167
45,42,0.62
45,43,0.56
45,44,0.257
45,45,0.077
45,46,0.686
45,47,0.791
45,48,0.873
45,49,0.958
45,50,0.464
45,51,0.638
45,52,0.726
45,53,0.87
45,54,0.451
45,55,0.445
45,56,0.615
45,57,0.724
45,58,0.236
45,59,0.357
45,60,0.481
45,61,0.623
45,62,0.454
45,63,0.321
45,64,0.157
45,65,0.555
45,66,0.498
45,67,0.348
45,68,0.694
45,69,0.637
45,70,0.502
45,71,0.842
45,72,0.769
45,73,0.603
45,74,0.945
45,75,0.892
45,76,0.746
45,77,0.481
45,78,0.549
45,79,0.659
45,80,0.638
45,81,0.695
45,82,0.775
45,83,0.759
45,84,0.9
45,85,0.991
45,86,1.041
45,87,0.897
45,88,1.044
45,89,1.027
45,90,1.18
45,91,1.208
45,92,1.161
45,93,1.225
45,94,1.346
45,95,1.383
45,96,1.381
45,97,1.356
45,98,1.446
45,99,1.555
45,100,1.612
45,101,1.684
45,102,1.429
45,103,1.587
45,104,1.72
45,105,1.726
45,106,1.882
45,107,1.811
45,108,1.598
45,109,1.691
45,110,1.114
45,111,0.993
45,112,0.884
45,113,1.18
45,114,1.081
45,115,1.061
45,116,1.363
45,117,1.214
45,118,1.18
45,119,1.55
45,120,0.882
45,121,1.002
45,122,1.969
45,123,1.27
45,124,1.266
45,125,1.544
45,126,1.721
45,127,1.861
45,128,2.121
45,129,2.436
45,130,0.96
45,131,1.204
45,132,0.963
46,1,0.845
46,2,0.81
46,3,0.775
46,4,0.876
46,5,0.931
46,6,0.979
46,7,0.962
46,8,0.949
46,9,0.916
46,10,1.003
46,11,1.092
46,12,1.042
46,13,1.114
46,14,1.191
46,15,1.238
46,16,1.243
46,17,1.315
46,18,1.314
46,19,1.377
46,20,1.436
46,21,1.506
46,22,1.45
46,23,1.512
46,24,1.618
46,25,1.583
46,26,1.637
46,27,1.755
46,28,1.772
46,29,1.914
46,30,0.754
46,31,0.471
46,32,0.355
46,33,0.265
46,34,0.714
46,35,0.824
46,36,0.578
46,37,0.391
46,38,0.862
46,39,0.861
46,40,0.654
46,41,0.542
46,42,1.024
46,43,0.986
46,44,0.792
46,45,0.686
46,46,0.053
46,47,0.166
46,48,0.297
46,49,0.407
46,50,0.374
46,51,0.272
46,52,0.39
46,53,0.544
46,54,0.501
46,55,0.639
46,56,0.521
46,57,0.724
46,58,0.742
46,59,0.68
46,60,0.647
46,61,0.712
46,62,1.067
46,63,0.934
46,64,0.815
46,65,1.168
46,66,1.112
46,67,0.994
46,68,1.307
46,69,1.278
46,70,1.148
46,71,1.455
46,72,1.382
46,73,1.261
46,74,1.591
46,75,1.506
46,76,1.404
46,77,1.11
46,78,1.087
46,79,1.044
46,80,1.267
46,81,1.277
46,82,1.193
46,83,1.388
46,84,1.416
46,85,1.41
46,86,1.485
46,87,1.526
46,88,1.549
46,89,1.658
46,90,1.676
46,91,1.65
46,92,1.793
46,93,1.802
46,94,1.829
46,95,1.74
46,96,2.012
46,97,1.934
46,98,2.024
46,99,1.912
46,100,1.949
46,101,2.018
46,102,2.06
46,103,2.202
46,104,2.134
46,105,2.089
46,106,2.219
46,107,2.145
46,108,2.229
46,109,2.306
46,110,1.76
46,111,1.64
46,112,1.542
46,113,1.827
46,114,1.728
46,115,1.719
46,116,2.009
46,117,1.86
46,118,1.838
46,119,2.197
46,120,1.041
46,121,1.529
46,122,2.332
46,123,1.635
46,124,1.712
46,125,2.071
46,126,2.367
46,127,2.148
46,128,2.408
46,129,2.723
46,130,0.335
46,131,0.579
46,132,0.688
47,1,0.813
47,2,0.707
47,3,0.672
47,4,0.769
47,5,0.825
47,6,0.946
47,7,0.86
47,8,0.847
47,9,0.814
47,10,0.896
47,11,0.985
47,12,0.94
47,13,1.011
47,14,1.088
47,15,1.135
47,16,1.14
47,17,1.213
47,18,1.212
47,19,1.275
47,20,1.333
47,21,1.404
47,22,1.347
47,23,1.409
47,24,1.515
47,25,1.48
47,26,1.535
47,27,1.652
47,28,1.67
47,29,1.812
47,30,0.86
47,31,0.576
47,32,0.461
47,33,0.37
47,34,0.82
47,35,0.93
47,36,0.684
47,37,0.497
47,38,0.968
47,39,0.966
47,40,0.76
47,41,0.647
47,42,1.13
47,43,1.091
47,44,0.898
47,45,0.791
47,46,0.166
47,47,0.064
47,48,0.167
47,49,0.277
47,50,0.48
47,51,0.217
47,52,0.283
47,53,0.414
47,54,0.513
47,55,0.536
47,56,0.419
47,57,0.617
47,58,0.709
47,59,0.578
47,60,0.545
47,61,0.606
47,62,1.173
47,63,1.04
47,64,0.921
47,65,1.274
47,66,1.217
47,67,1.1
47,68,1.413
47,69,1.384
47,70,1.254
47,71,1.561
47,72,1.488
47,73,1.328
47,74,1.697
47,75,1.611
47,76,1.47
47,77,1.078
47,78,0.984
47,79,0.941
47,80,1.234
47,81,1.192
47,82,1.091
47,83,1.355
47,84,1.314
47,85,1.307
47,86,1.383
47,87,1.493
47,88,1.447
47,89,1.626
47,90,1.573
47,91,1.547
47,92,1.76
47,93,1.7
47,94,1.726
47,95,1.638
47,96,1.956
47,97,1.832
47,98,1.922
47,99,1.81
47,100,1.846
47,101,1.916
47,102,2.028
47,103,2.1
47,104,2.031
47,105,1.986
47,106,2.116
47,107,2.043
47,108,2.197
47,109,2.204
47,110,1.862
47,111,1.745
47,112,1.584
47,113,1.896
47,114,1.797
47,115,1.735
47,116,2.078
47,117,1.929
47,118,1.854
47,119,2.261
47,120,1.146
47,121,1.635
47,122,2.229
47,123,1.74
47,124,1.817
47,125,2.177
47,126,2.436
47,127,2.046
47,128,2.306
47,129,2.621
47,130,0.275
47,131,0.519
47,132,0.794
48,1,0.829
48,2,0.724
48,3,0.646
48,4,0.673
48,5,0.706
48,6,0.963
48,7,0.876
48,8,0.821
48,9,0.756
48,10,0.77
48,11,0.859
48,12,0.882
48,13,0.941
48,14,0.99
48,15,1.078
48,16,1.07
48,17,1.139
48,18,1.154
48,19,1.205
48,20,1.263
48,21,1.378
48,22,1.29
48,23,1.339
48,24,1.445
48,25,1.423
48,26,1.465
48,27,1.582
48,28,1.6
48,29,1.742
48,30,0.991
48,31,0.707
48,32,0.592
48,33,0.501
48,34,0.951
48,35,1.061
48,36,0.81
48,37,0.628
48,38,1.098
48,39,1.097
48,40,0.891
48,41,0.729
48,42,1.26
48,43,1.222
48,44,1.011
48,45,0.873
48,46,0.297
48,47,0.167
48,48,0.064
48,49,0.145
48,50,0.57
48,51,0.348
48,52,0.203
48,53,0.282
48,54,0.557
48,55,0.553
48,56,0.347
48,57,0.493
48,58,0.726
48,59,0.594
48,60,0.495
48,61,0.48
48,62,1.286
48,63,1.153
48,64,1.003
48,65,1.387
48,66,1.33
48,67,1.17
48,68,1.525
48,69,1.41
48,70,1.324
48,71,1.642
48,72,1.569
48,73,1.344
48,74,1.717
48,75,1.692
48,76,1.487
48,77,1.094
48,78,1.001
48,79,0.915
48,80,1.25
48,81,1.184
48,82,1.065
48,83,1.372
48,84,1.301
48,85,1.282
48,86,1.357
48,87,1.509
48,88,1.421
48,89,1.618
48,90,1.548
48,91,1.522
48,92,1.749
48,93,1.674
48,94,1.701
48,95,1.58
48,96,1.931
48,97,1.806
48,98,1.896
48,99,1.752
48,100,1.776
48,101,1.842
48,102,2.007
48,103,2.074
48,104,1.974
48,105,1.929
48,106,2.046
48,107,1.969
48,108,2.176
48,109,2.178
48,110,1.878
48,111,1.766
48,112,1.6
48,113,1.912
48,114,1.813
48,115,1.743
48,116,2.095
48,117,1.946
48,118,1.862
48,119,2.244
48,120,1.277
48,121,1.766
48,122,2.172
48,123,1.871
48,124,1.948
48,125,2.308
48,126,2.453
48,127,1.976
48,128,2.236
48,129,2.551
48,130,0.303
48,131,0.546
48,132,0.925
49,1,0.917
49,2,0.811
49,3,0.734
49,4,0.692
49,5,0.724
49,6,1.05
49,7,0.964
49,8,0.908
49,9,0.837
49,10,0.789
49,11,0.878
49,12,0.937
49,13,0.96
49,14,1.008
49,15,1.132
49,16,1.089
49,17,1.157
49,18,1.208
49,19,1.223
49,20,1.282
49,21,1.45
49,22,1.344
49,23,1.358
49,24,1.464
49,25,1.477
49,26,1.483
49,27,1.601
49,28,1.618
49,29,1.76
49,30,1.101
49,31,0.817
49,32,0.702
49,33,0.611
49,34,1.061
49,35,1.168
49,36,0.895
49,37,0.738
49,38,1.208
49,39,1.202
49,40,0.999
49,41,0.814
49,42,1.37
49,43,1.332
49,44,1.096
49,45,0.958
49,46,0.407
49,47,0.277
49,48,0.145
49,49,0.053
49,50,0.655
49,51,0.458
49,52,0.282
49,53,0.168
49,54,0.642
49,55,0.64
49,56,0.434
49,57,0.511
49,58,0.813
49,59,0.682
49,60,0.583
49,61,0.498
49,62,1.371
49,63,1.238
49,64,1.088
49,65,1.472
49,66,1.415
49,67,1.258
49,68,1.611
49,69,1.497
49,70,1.412
49,71,1.73
49,72,1.657
49,73,1.432
49,74,1.805
49,75,1.78
49,76,1.574
49,77,1.182
49,78,1.088
49,79,1.003
49,80,1.338
49,81,1.272
49,82,1.153
49,83,1.459
49,84,1.371
49,85,1.353
49,86,1.425
49,87,1.597
49,88,1.49
49,89,1.686
49,90,1.616
49,91,1.593
49,92,1.817
49,93,1.743
49,94,1.764
49,95,1.634
49,96,1.999
49,97,1.874
49,98,1.964
49,99,1.806
49,100,1.795
49,101,1.86
49,102,2.075
49,103,2.142
49,104,2.028
49,105,1.98
49,106,2.065
49,107,1.987
49,108,2.244
49,109,2.247
49,110,1.966
49,111,1.853
49,112,1.688
49,113,2
49,114,1.901
49,115,1.811
49,116,2.182
49,117,2.033
49,118,1.93
49,119,2.312
49,120,1.387
49,121,1.876
49,122,2.226
49,123,1.981
49,124,2.058
49,125,2.414
49,126,2.54
49,127,1.994
49,128,2.254
49,129,2.569
49,130,0.413
49,131,0.652
49,132,1.035
50,1,0.495
50,2,0.468
50,3,0.549
50,4,0.69
50,5,0.792
50,6,0.628
50,7,0.62
50,8,0.713
50,9,0.701
50,10,0.838
50,11,0.927
50,12,0.827
50,13,0.936
50,14,1.021
50,15,1.022
50,16,1.065
50,17,1.139
50,18,1.098
50,19,1.2
50,20,1.259
50,21,1.266
50,22,1.234
50,23,1.334
50,24,1.441
50,25,1.367
50,26,1.46
50,27,1.578
50,28,1.595
50,29,1.738
50,30,0.837
50,31,0.554
50,32,0.438
50,33,0.228
50,34,0.797
50,35,0.674
50,36,0.4
50,37,0.27
50,38,0.819
50,39,0.707
50,40,0.504
50,41,0.32
50,42,0.911
50,43,0.85
50,44,0.601
50,45,0.464
50,46,0.375
50,47,0.48
50,48,0.57
50,49,0.656
50,50,0.055
50,51,0.335
50,52,0.423
50,53,0.567
50,54,0.151
50,55,0.537
50,56,0.42
50,57,0.646
50,58,0.391
50,59,0.386
50,60,0.51
50,61,0.649
50,62,0.876
50,63,0.744
50,64,0.593
50,65,0.978
50,66,0.921
50,67,0.772
50,68,1.116
50,69,1.062
50,70,0.926
50,71,1.264
50,72,1.192
50,73,1.01
50,74,1.369
50,75,1.315
50,76,1.152
50,77,0.76
50,78,0.745
50,79,0.814
50,80,0.916
50,81,0.927
50,82,0.954
50,83,1.038
50,84,1.088
50,85,1.17
50,86,1.232
50,87,1.175
50,88,1.233
50,89,1.308
50,90,1.368
50,91,1.398
50,92,1.442
50,93,1.495
50,94,1.547
50,95,1.524
50,96,1.662
50,97,1.626
50,98,1.716
50,99,1.696
50,100,1.771
50,101,1.842
50,102,1.71
50,103,1.868
50,104,1.918
50,105,1.873
50,106,2.041
50,107,1.969
50,108,1.879
50,109,1.972
50,110,1.538
50,111,1.418
50,112,1.266
50,113,1.578
50,114,1.479
50,115,1.417
50,116,1.76
50,117,1.611
50,118,1.536
50,119,1.943
50,120,1.124
50,121,1.416
50,122,2.116
50,123,1.56
50,124,1.637
50,125,1.958
50,126,2.118
50,127,1.972
50,128,2.232
50,129,2.547
50,130,0.649
50,131,0.893
50,132,0.771
51,1,0.666
51,2,0.563
51,3,0.528
51,4,0.637
51,5,0.701
51,6,0.8
51,7,0.716
51,8,0.703
51,9,0.67
51,10,0.761
51,11,0.85
51,12,0.796
51,13,0.867
51,14,0.945
51,15,0.991
51,16,0.996
51,17,1.069
51,18,1.068
51,19,1.131
51,20,1.189
51,21,1.26
51,22,1.203
51,23,1.265
51,24,1.371
51,25,1.337
51,26,1.391
51,27,1.508
51,28,1.526
51,29,1.668
51,30,0.966
51,31,0.683
51,32,0.567
51,33,0.477
51,34,0.926
51,35,0.848
51,36,0.575
51,37,0.444
51,38,0.994
51,39,0.882
51,40,0.679
51,41,0.494
51,42,1.086
51,43,1.025
51,44,0.776
51,45,0.638
51,46,0.272
51,47,0.217
51,48,0.348
51,49,0.458
51,50,0.335
51,51,0.066
51,52,0.257
51,53,0.422
51,54,0.322
51,55,0.392
51,56,0.275
51,57,0.501
51,58,0.563
51,59,0.434
51,60,0.401
51,61,0.504
51,62,1.051
51,63,0.918
51,64,0.768
51,65,1.152
51,66,1.095
51,67,0.947
51,68,1.291
51,69,1.236
51,70,1.101
51,71,1.439
51,72,1.366
51,73,1.181
51,74,1.544
51,75,1.489
51,76,1.324
51,77,0.931
51,78,0.84
51,79,0.797
51,80,1.088
51,81,1.048
51,82,0.947
51,83,1.209
51,84,1.17
51,85,1.164
51,86,1.239
51,87,1.347
51,88,1.303
51,89,1.48
51,90,1.43
51,91,1.404
51,92,1.614
51,93,1.556
51,94,1.583
51,95,1.494
51,96,1.813
51,97,1.688
51,98,1.778
51,99,1.666
51,100,1.702
51,101,1.772
51,102,1.881
51,103,1.956
51,104,1.888
51,105,1.843
51,106,1.972
51,107,1.899
51,108,2.05
51,109,2.06
51,110,1.713
51,111,1.592
51,112,1.438
51,113,1.749
51,114,1.651
51,115,1.589
51,116,1.932
51,117,1.783
51,118,1.708
51,119,2.115
51,120,1.253
51,121,1.591
51,122,2.085
51,123,1.735
51,124,1.812
51,125,2.133
51,126,2.29
51,127,1.902
51,128,2.162
51,129,2.477
51,130,0.386
51,131,0.63
51,132,0.9
52,1,0.688
52,2,0.582
52,3,0.505
52,4,0.542
52,5,0.598
52,6,0.821
52,7,0.734
52,8,0.679
52,9,0.615
52,10,0.67
52,11,0.758
52,12,0.741
52,13,0.812
52,14,0.888
52,15,0.936
52,16,0.941
52,17,1.014
52,18,1.012
52,19,1.076
52,20,1.134
52,21,1.236
52,22,1.148
52,23,1.21
52,24,1.316
52,25,1.281
52,26,1.336
52,27,1.453
52,28,1.471
52,29,1.613
52,30,1.083
52,31,0.8
52,32,0.684
52,33,0.594
52,34,1.043
52,35,0.948
52,36,0.674
52,37,0.544
52,38,1.093
52,39,0.981
52,40,0.778
52,41,0.594
52,42,1.185
52,43,1.124
52,44,0.876
52,45,0.738
52,46,0.39
52,47,0.283
52,48,0.189
52,49,0.282
52,50,0.435
52,51,0.257
52,52,0.067
52,53,0.194
52,54,0.422
52,55,0.411
52,56,0.205
52,57,0.39
52,58,0.584
52,59,0.452
52,60,0.354
52,61,0.379
52,62,1.151
52,63,1.018
52,64,0.868
52,65,1.252
52,66,1.195
52,67,1.029
52,68,1.39
52,69,1.268
52,70,1.183
52,71,1.5
52,72,1.428
52,73,1.202
52,74,1.576
52,75,1.551
52,76,1.345
52,77,0.952
52,78,0.859
52,79,0.774
52,80,1.109
52,81,1.043
52,82,0.924
52,83,1.23
52,84,1.159
52,85,1.14
52,86,1.215
52,87,1.368
52,88,1.28
52,89,1.476
52,90,1.406
52,91,1.38
52,92,1.607
52,93,1.533
52,94,1.559
52,95,1.438
52,96,1.789
52,97,1.664
52,98,1.754
52,99,1.61
52,100,1.647
52,101,1.716
52,102,1.865
52,103,1.932
52,104,1.832
52,105,1.787
52,106,1.917
52,107,1.844
52,108,2.034
52,109,2.037
52,110,1.737
52,111,1.624
52,112,1.459
52,113,1.77
52,114,1.672
52,115,1.601
52,116,1.953
52,117,1.804
52,118,1.72
52,119,2.102
52,120,1.37
52,121,1.691
52,122,2.03
52,123,1.834
52,124,1.911
52,125,2.185
52,126,2.311
52,127,1.846
52,128,2.106
52,129,2.422
52,130,0.419
52,131,0.663
52,132,1.017
53,1,0.82
53,2,0.714
53,3,0.629
53,4,0.58
53,5,0.612
53,6,0.954
53,7,0.867
53,8,0.804
53,9,0.726
53,10,0.677
53,11,0.766
53,12,0.825
53,13,0.848
53,14,0.896
53,15,1.02
53,16,0.977
53,17,1.045
53,18,1.097
53,19,1.112
53,20,1.17
53,21,1.338
53,22,1.232
53,23,1.246
53,24,1.352
53,25,1.366
53,26,1.372
53,27,1.489
53,28,1.507
53,29,1.649
53,30,1.238
53,31,0.954
53,32,0.839
53,33,0.748
53,34,1.198
53,35,1.08
53,36,0.806
53,37,0.676
53,38,1.225
53,39,1.113
53,40,0.91
53,41,0.726
53,42,1.317
53,43,1.256
53,44,1.008
53,45,0.87
53,46,0.544
53,47,0.414
53,48,0.282
53,49,0.168
53,50,0.567
53,51,0.422
53,52,0.194
53,53,0.051
53,54,0.554
53,55,0.544
53,56,0.338
53,57,0.4
53,58,0.716
53,59,0.585
53,60,0.478
53,61,0.387
53,62,1.283
53,63,1.15
53,64,1
53,65,1.384
53,66,1.327
53,67,1.161
53,68,1.522
53,69,1.4
53,70,1.315
53,71,1.633
53,72,1.56
53,73,1.335
53,74,1.708
53,75,1.683
53,76,1.478
53,77,1.085
53,78,0.992
53,79,0.898
53,80,1.241
53,81,1.167
53,82,1.048
53,83,1.363
53,84,1.26
53,85,1.242
53,86,1.314
53,87,1.5
53,88,1.378
53,89,1.574
53,90,1.504
53,91,1.482
53,92,1.706
53,93,1.631
53,94,1.653
53,95,1.523
53,96,1.888
53,97,1.763
53,98,1.853
53,99,1.695
53,100,1.683
53,101,1.748
53,102,1.964
53,103,2.031
53,104,1.916
53,105,1.869
53,106,1.953
53,107,1.875
53,108,2.133
53,109,2.135
53,110,1.869
53,111,1.756
53,112,1.591
53,113,1.903
53,114,1.804
53,115,1.7
53,116,2.086
53,117,1.936
53,118,1.819
53,119,2.201
53,120,1.524
53,121,1.823
53,122,2.114
53,123,1.966
53,124,2.043
53,125,2.317
53,126,2.444
53,127,1.882
53,128,2.142
53,129,2.458
53,130,0.55
53,131,0.789
53,132,1.172
54,1,0.353
54,2,0.326
54,3,0.407
54,4,0.549
54,5,0.65
54,6,0.487
54,7,0.479
54,8,0.571
54,9,0.559
54,10,0.696
54,11,0.785
54,12,0.685
54,13,0.794
54,14,0.88
54,15,0.88
54,16,0.924
54,17,0.997
54,18,0.957
54,19,1.058
54,20,1.118
54,21,1.125
54,22,1.092
54,23,1.192
54,24,1.3
54,25,1.226
54,26,1.318
54,27,1.437
54,28,1.453
54,29,1.597
54,30,0.95
54,31,0.678
54,32,0.565
54,33,0.355
54,34,0.888
54,35,0.661
54,36,0.388
54,37,0.257
54,38,0.806
54,39,0.694
54,40,0.491
54,41,0.307
54,42,0.898
54,43,0.838
54,44,0.589
54,45,0.451
54,46,0.502
54,47,0.513
54,48,0.557
54,49,0.643
54,50,0.151
54,51,0.322
54,52,0.41
54,53,0.554
54,54,0.054
54,55,0.494
54,56,0.407
54,57,0.612
54,58,0.25
54,59,0.244
54,60,0.368
54,61,0.51
54,62,0.864
54,63,0.731
54,64,0.581
54,65,0.965
54,66,0.908
54,67,0.695
54,68,1.082
54,69,0.934
54,70,0.849
54,71,1.166
54,72,1.093
54,73,0.868
54,74,1.242
54,75,1.216
54,76,1.011
54,77,0.618
54,78,0.604
54,79,0.672
54,80,0.775
54,81,0.785
54,82,0.812
54,83,0.896
54,84,0.947
54,85,1.028
54,86,1.09
54,87,1.034
54,88,1.091
54,89,1.166
54,90,1.227
54,91,1.257
54,92,1.301
54,93,1.353
54,94,1.405
54,95,1.383
54,96,1.52
54,97,1.485
54,98,1.575
54,99,1.555
54,100,1.63
54,101,1.7
54,102,1.568
54,103,1.726
54,104,1.776
54,105,1.732
54,106,1.9
54,107,1.827
54,108,1.737
54,109,1.831
54,110,1.402
54,111,1.29
54,112,1.124
54,113,1.436
54,114,1.338
54,115,1.276
54,116,1.619
54,117,1.47
54,118,1.395
54,119,1.802
54,120,1.16
54,121,1.382
54,122,1.974
54,123,1.548
54,124,1.624
54,125,1.851
54,126,1.977
54,127,1.83
54,128,2.09
54,129,2.406
54,130,0.665
54,131,0.909
54,132,0.898
55,1,0.496
55,2,0.39
55,3,0.355
55,4,0.464
55,5,0.527
55,6,0.629
55,7,0.542
55,8,0.53
55,9,0.497
55,10,0.588
55,11,0.677
55,12,0.623
55,13,0.694
55,14,0.771
55,15,0.818
55,16,0.823
55,17,0.896
55,18,0.894
55,19,0.958
55,20,1.016
55,21,1.087
55,22,1.03
55,23,1.092
55,24,1.198
55,25,1.163
55,26,1.218
55,27,1.335
55,28,1.353
55,29,1.495
55,30,1.025
55,31,0.921
55,32,0.844
55,33,0.739
55,34,0.963
55,35,0.736
55,36,0.682
55,37,0.566
55,38,0.801
55,39,0.689
55,40,0.545
55,41,0.411
55,42,0.893
55,43,0.832
55,44,0.583
55,45,0.445
55,46,0.639
55,47,0.536
55,48,0.549
55,49,0.636
55,50,0.537
55,51,0.392
55,52,0.398
55,53,0.544
55,54,0.494
55,55,0.066
55,56,0.228
55,57,0.337
55,58,0.392
55,59,0.26
55,60,0.228
55,61,0.337
55,62,0.858
55,63,0.725
55,64,0.575
55,65,0.959
55,66,0.902
55,67,0.754
55,68,1.098
55,69,1.043
55,70,0.908
55,71,1.246
55,72,1.173
55,73,1.01
55,74,1.351
55,75,1.296
55,76,1.153
55,77,0.76
55,78,0.667
55,79,0.624
55,80,0.917
55,81,0.875
55,82,0.774
55,83,1.038
55,84,0.997
55,85,0.99
55,86,1.066
55,87,1.176
55,88,1.13
55,89,1.309
55,90,1.256
55,91,1.23
55,92,1.443
55,93,1.383
55,94,1.409
55,95,1.32
55,96,1.639
55,97,1.514
55,98,1.604
55,99,1.492
55,100,1.529
55,101,1.598
55,102,1.71
55,103,1.782
55,104,1.714
55,105,1.669
55,106,1.799
55,107,1.726
55,108,1.88
55,109,1.887
55,110,1.52
55,111,1.399
55,112,1.267
55,113,1.578
55,114,1.48
55,115,1.418
55,116,1.761
55,117,1.612
55,118,1.537
55,119,1.944
55,120,1.154
55,121,1.398
55,122,1.912
55,123,1.542
55,124,1.619
55,125,1.94
55,126,2.119
55,127,1.728
55,128,1.988
55,129,2.304
55,130,0.672
55,131,0.916
55,132,1.207
56,1,0.504
56,2,0.398
56,3,0.321
56,4,0.398
56,5,0.456
56,6,0.638
56,7,0.551
56,8,0.496
56,9,0.431
56,10,0.522
56,11,0.611
56,12,0.557
56,13,0.628
56,14,0.706
56,15,0.752
56,16,0.758
56,17,0.83
56,18,0.829
56,19,0.892
56,20,0.95
56,21,1.053
56,22,0.964
56,23,1.026
56,24,1.132
56,25,1.098
56,26,1.152
56,27,1.27
56,28,1.287
56,29,1.429
56,30,1.205
56,31,0.932
56,32,0.816
56,33,0.624
56,34,1.143
56,35,0.916
56,36,0.66
56,37,0.529
56,38,0.98
56,39,0.868
56,40,0.725
56,41,0.579
56,42,1.072
56,43,1.012
56,44,0.763
56,45,0.617
56,46,0.522
56,47,0.419
56,48,0.343
56,49,0.43
56,50,0.42
56,51,0.275
56,52,0.192
56,53,0.338
56,54,0.407
56,55,0.228
56,56,0.067
56,57,0.248
56,58,0.4
56,59,0.269
56,60,0.17
56,61,0.256
56,62,1.032
56,63,0.899
56,64,0.747
56,65,1.133
56,66,1.076
56,67,0.845
56,68,1.232
56,69,1.084
56,70,0.999
56,71,1.317
56,72,1.244
56,73,1.019
56,74,1.392
56,75,1.367
56,76,1.162
56,77,0.769
56,78,0.676
56,79,0.59
56,80,0.925
56,81,0.859
56,82,0.74
56,83,1.047
56,84,0.976
56,85,0.956
56,86,1.032
56,87,1.184
56,88,1.096
56,89,1.292
56,90,1.222
56,91,1.196
56,92,1.424
56,93,1.349
56,94,1.376
56,95,1.255
56,96,1.606
56,97,1.481
56,98,1.571
56,99,1.427
56,100,1.464
56,101,1.533
56,102,1.682
56,103,1.749
56,104,1.649
56,105,1.604
56,106,1.734
56,107,1.66
56,108,1.851
56,109,1.853
56,110,1.553
56,111,1.44
56,112,1.275
56,113,1.587
56,114,1.488
56,115,1.418
56,116,1.77
56,117,1.62
56,118,1.537
56,119,1.919
56,120,1.334
56,121,1.532
56,122,1.846
56,123,1.722
56,124,1.798
56,125,2.001
56,126,2.128
56,127,1.663
56,128,1.923
56,129,2.238
56,130,0.555
56,131,0.799
56,132,1.149
57,1,0.613
57,2,0.508
57,3,0.408
57,4,0.356
57,5,0.388
57,6,0.747
57,7,0.66
57,8,0.582
57,9,0.501
57,10,0.474
57,11,0.563
57,12,0.605
57,13,0.624
57,14,0.679
57,15,0.799
57,16,0.753
57,17,0.825
57,18,0.876
57,19,0.887
57,20,0.946
57,21,1.118
57,22,1.012
57,23,1.022
57,24,1.128
57,25,1.145
57,26,1.147
57,27,1.265
57,28,1.283
57,29,1.425
57,30,1.314
57,31,1.138
57,32,1.022
57,33,0.85
57,34,1.252
57,35,1.025
57,36,0.886
57,37,0.755
57,38,1.09
57,39,0.978
57,40,0.834
57,41,0.7
57,42,1.182
57,43,1.121
57,44,0.872
57,45,0.726
57,46,0.728
57,47,0.62
57,48,0.493
57,49,0.512
57,50,0.646
57,51,0.502
57,52,0.37
57,53,0.4
57,54,0.611
57,55,0.337
57,56,0.248
57,57,0.047
57,58,0.51
57,59,0.378
57,60,0.256
57,61,0.184
57,62,1.142
57,63,1.009
57,64,0.856
57,65,1.243
57,66,1.186
57,67,0.955
57,68,1.342
57,69,1.194
57,70,1.109
57,71,1.426
57,72,1.353
57,73,1.128
57,74,1.502
57,75,1.476
57,76,1.271
57,77,0.878
57,78,0.785
57,79,0.677
57,80,1.035
57,81,0.946
57,82,0.826
57,83,1.156
57,84,1.039
57,85,1.021
57,86,1.093
57,87,1.294
57,88,1.158
57,89,1.354
57,90,1.284
57,91,1.261
57,92,1.485
57,93,1.411
57,94,1.432
57,95,1.302
57,96,1.667
57,97,1.542
57,98,1.632
57,99,1.474
57,100,1.459
57,101,1.528
57,102,1.743
57,103,1.81
57,104,1.696
57,105,1.644
57,106,1.729
57,107,1.655
57,108,1.912
57,109,1.915
57,110,1.662
57,111,1.55
57,112,1.384
57,113,1.696
57,114,1.598
57,115,1.479
57,116,1.879
57,117,1.73
57,118,1.598
57,119,1.98
57,120,1.443
57,121,1.642
57,122,1.894
57,123,1.831
57,124,1.908
57,125,2.111
57,126,2.237
57,127,1.658
57,128,1.918
57,129,2.234
57,130,0.756
57,131,1
57,132,1.355
58,1,0.186
58,2,0.218
58,3,0.306
58,4,0.447
58,5,0.549
58,6,0.319
58,7,0.353
58,8,0.446
58,9,0.457
58,10,0.594
58,11,0.683
58,12,0.583
58,13,0.693
58,14,0.778
58,15,0.778
58,16,0.822
58,17,0.896
58,18,0.855
58,19,0.956
58,20,1.016
58,21,1.01
58,22,0.99
58,23,1.091
58,24,1.198
58,25,1.124
58,26,1.216
58,27,1.335
58,28,1.352
58,29,1.495
58,30,0.871
58,31,0.767
58,32,0.69
58,33,0.595
58,34,0.809
58,35,0.582
58,36,0.542
58,37,0.429
58,38,0.646
58,39,0.534
58,40,0.391
58,41,0.274
58,42,0.738
58,43,0.678
58,44,0.429
58,45,0.238
58,46,0.742
58,47,0.709
58,48,0.722
58,49,0.808
58,50,0.391
58,51,0.563
58,52,0.57
58,53,0.717
58,54,0.25
58,55,0.392
58,56,0.4
58,57,0.51
58,58,0.055
58,59,0.142
58,60,0.266
58,61,0.408
58,62,0.654
58,63,0.521
58,64,0.368
58,65,0.755
58,66,0.698
58,67,0.527
58,68,0.893
58,69,0.766
58,70,0.681
58,71,0.999
58,72,0.926
58,73,0.701
58,74,1.074
58,75,1.049
58,76,0.843
58,77,0.451
58,78,0.471
58,79,0.571
58,80,0.607
58,81,0.618
58,82,0.698
58,83,0.728
58,84,0.823
58,85,0.914
58,86,0.963
58,87,0.866
58,88,0.967
58,89,0.999
58,90,1.103
58,91,1.13
58,92,1.133
58,93,1.197
58,94,1.278
58,95,1.281
58,96,1.353
58,97,1.328
58,98,1.418
58,99,1.453
58,100,1.528
58,101,1.598
58,102,1.401
58,103,1.559
58,104,1.675
58,105,1.63
58,106,1.798
58,107,1.726
58,108,1.57
58,109,1.663
58,110,1.235
58,111,1.122
58,112,0.957
58,113,1.269
58,114,1.17
58,115,1.108
58,116,1.451
58,117,1.302
58,118,1.227
58,119,1.634
58,120,1
58,121,1.202
58,122,1.872
58,123,1.388
58,124,1.464
58,125,1.683
58,126,1.809
58,127,1.728
58,128,1.988
58,129,2.304
58,130,0.845
58,131,1.089
58,132,1.07
59,1,0.246
59,2,0.14
59,3,0.221
59,4,0.362
59,5,0.464
59,6,0.379
59,7,0.293
59,8,0.385
59,9,0.373
59,10,0.51
59,11,0.599
59,12,0.499
59,13,0.608
59,14,0.694
59,15,0.694
59,16,0.737
59,17,0.811
59,18,0.77
59,19,0.872
59,20,0.932
59,21,0.939
59,22,0.906
59,23,1.006
59,24,1.114
59,25,1.039
59,26,1.132
59,27,1.251
59,28,1.267
59,29,1.41
59,30,0.991
59,31,0.887
59,32,0.8
59,33,0.59
59,34,0.929
59,35,0.702
59,36,0.622
59,37,0.492
59,38,0.767
59,39,0.655
59,40,0.511
59,41,0.395
59,42,0.859
59,43,0.798
59,44,0.549
59,45,0.359
59,46,0.68
59,47,0.578
59,48,0.59
59,49,0.677
59,50,0.385
59,51,0.434
59,52,0.439
59,53,0.585
59,54,0.244
59,55,0.26
59,56,0.269
59,57,0.378
59,58,0.142
59,59,0.067
59,60,0.135
59,61,0.276
59,62,0.774
59,63,0.641
59,64,0.489
59,65,0.875
59,66,0.818
59,67,0.587
59,68,0.974
59,69,0.826
59,70,0.741
59,71,1.059
59,72,0.986
59,73,0.761
59,74,1.134
59,75,1.109
59,76,0.903
59,77,0.511
59,78,0.417
59,79,0.486
59,80,0.667
59,81,0.638
59,82,0.626
59,83,0.788
59,84,0.76
59,85,0.842
59,86,0.904
59,87,0.926
59,88,0.905
59,89,1.059
59,90,1.04
59,91,1.071
59,92,1.193
59,93,1.167
59,94,1.219
59,95,1.196
59,96,1.413
59,97,1.299
59,98,1.389
59,99,1.368
59,100,1.443
59,101,1.514
59,102,1.461
59,103,1.567
59,104,1.59
59,105,1.545
59,106,1.713
59,107,1.641
59,108,1.63
59,109,1.671
59,110,1.295
59,111,1.182
59,112,1.017
59,113,1.329
59,114,1.23
59,115,1.168
59,116,1.511
59,117,1.362
59,118,1.287
59,119,1.694
59,120,1.12
59,121,1.274
59,122,1.788
59,123,1.508
59,124,1.585
59,125,1.743
59,126,1.869
59,127,1.644
59,128,1.904
59,129,2.219
59,130,0.713
59,131,0.957
59,132,1.132
60,1,0.37
60,2,0.264
60,3,0.181
60,4,0.278
60,5,0.342
60,6,0.503
60,7,0.417
60,8,0.355
60,9,0.311
60,10,0.402
60,11,0.491
60,12,0.437
60,13,0.508
60,14,0.586
60,15,0.632
60,16,0.637
60,17,0.71
60,18,0.709
60,19,0.772
60,20,0.83
60,21,0.912
60,22,0.844
60,23,0.906
60,24,1.012
60,25,0.978
60,26,1.032
60,27,1.149
60,28,1.167
60,29,1.309
60,30,1.115
60,31,1.011
60,32,0.924
60,33,0.714
60,34,1.053
60,35,0.826
60,36,0.746
60,37,0.616
60,38,0.891
60,39,0.779
60,40,0.635
60,41,0.519
60,42,0.983
60,43,0.922
60,44,0.673
60,45,0.483
60,46,0.647
60,47,0.545
60,48,0.492
60,49,0.578
60,50,0.509
60,51,0.401
60,52,0.34
60,53,0.48
60,54,0.368
60,55,0.228
60,56,0.17
60,57,0.256
60,58,0.266
60,59,0.135
60,60,0.067
60,61,0.151
60,62,0.898
60,63,0.765
60,64,0.613
60,65,0.999
60,66,0.942
60,67,0.711
60,68,1.098
60,69,0.95
60,70,0.865
60,71,1.183
60,72,1.11
60,73,0.885
60,74,1.258
60,75,1.233
60,76,1.027
60,77,0.635
60,78,0.541
60,79,0.45
60,80,0.791
60,81,0.7
60,82,0.599
60,83,0.912
60,84,0.822
60,85,0.816
60,86,0.891
60,87,1.05
60,88,0.955
60,89,1.152
60,90,1.082
60,91,1.056
60,92,1.283
60,93,1.208
60,94,1.235
60,95,1.135
60,96,1.465
60,97,1.34
60,98,1.43
60,99,1.307
60,100,1.343
60,101,1.413
60,102,1.541
60,103,1.608
60,104,1.528
60,105,1.484
60,106,1.613
60,107,1.54
60,108,1.71
60,109,1.712
60,110,1.419
60,111,1.306
60,112,1.141
60,113,1.453
60,114,1.354
60,115,1.277
60,116,1.635
60,117,1.486
60,118,1.396
60,119,1.778
60,120,1.244
60,121,1.398
60,122,1.726
60,123,1.632
60,124,1.709
60,125,1.867
60,126,1.993
60,127,1.543
60,128,1.803
60,129,2.118
60,130,0.68
60,131,0.924
60,132,1.256
61,1,0.512
61,2,0.406
61,3,0.302
61,4,0.25
61,5,0.283
61,6,0.645
61,7,0.558
61,8,0.477
61,9,0.396
61,10,0.318
61,11,0.407
61,12,0.499
61,13,0.518
61,14,0.537
61,15,0.694
61,16,0.648
61,17,0.686
61,18,0.771
61,19,0.782
61,20,0.814
61,21,1.012
61,22,0.906
61,23,0.916
61,24,0.996
61,25,1.04
61,26,1.042
61,27,1.13
61,28,1.177
61,29,1.293
61,30,1.257
61,31,1.129
61,32,1.013
61,33,0.855
61,34,1.195
61,35,0.968
61,36,0.888
61,37,0.757
61,38,1.033
61,39,0.921
61,40,0.777
61,41,0.661
61,42,1.124
61,43,1.064
61,44,0.815
61,45,0.625
61,46,0.718
61,47,0.611
61,48,0.48
61,49,0.499
61,50,0.651
61,51,0.51
61,52,0.361
61,53,0.387
61,54,0.51
61,55,0.337
61,56,0.256
61,57,0.184
61,58,0.408
61,59,0.276
61,60,0.151
61,61,0.061
61,62,1.04
61,63,0.907
61,64,0.754
61,65,1.141
61,66,1.084
61,67,0.853
61,68,1.24
61,69,1.092
61,70,1.007
61,71,1.324
61,72,1.252
61,73,1.026
61,74,1.4
61,75,1.375
61,76,1.169
61,77,0.776
61,78,0.683
61,79,0.571
61,80,0.933
61,81,0.84
61,82,0.721
61,83,1.054
61,84,0.934
61,85,0.916
61,86,0.988
61,87,1.192
61,88,1.052
61,89,1.249
61,90,1.179
61,91,1.156
61,92,1.38
61,93,1.305
61,94,1.327
61,95,1.197
61,96,1.562
61,97,1.437
61,98,1.527
61,99,1.369
61,100,1.354
61,101,1.389
61,102,1.638
61,103,1.705
61,104,1.591
61,105,1.539
61,106,1.624
61,107,1.516
61,108,1.807
61,109,1.809
61,110,1.561
61,111,1.448
61,112,1.283
61,113,1.594
61,114,1.496
61,115,1.374
61,116,1.777
61,117,1.628
61,118,1.493
61,119,1.875
61,120,1.386
61,121,1.54
61,122,1.788
61,123,1.774
61,124,1.851
61,125,2.009
61,126,2.135
61,127,1.526
61,128,1.786
61,129,2.102
61,130,0.747
61,131,0.991
61,132,1.346
62,1,0.533
62,2,0.676
62,3,0.816
62,4,0.958
62,5,1.06
62,6,0.517
62,7,0.636
62,8,0.728
62,9,0.872
62,10,1.009
62,11,1.098
62,12,0.902
62,13,1.039
62,14,1.139
62,15,0.97
62,16,1.063
62,17,1.177
62,18,1.047
62,19,1.194
62,20,1.327
62,21,1.179
62,22,1.182
62,23,1.3
62,24,1.499
62,25,1.316
62,26,1.39
62,27,1.529
62,28,1.526
62,29,1.679
62,30,0.788
62,31,0.752
62,32,0.743
62,33,0.908
62,34,0.726
62,35,0.629
62,36,0.596
62,37,0.735
62,38,0.443
62,39,0.464
62,40,0.465
62,41,0.58
62,42,0.353
62,43,0.276
62,44,0.297
62,45,0.456
62,46,1.067
62,47,1.173
62,48,1.286
62,49,1.371
62,50,0.876
62,51,1.051
62,52,1.139
62,53,1.283
62,54,0.864
62,55,0.858
62,56,1.031
62,57,1.141
62,58,0.653
62,59,0.773
62,60,0.897
62,61,1.039
62,62,0.067
62,63,0.184
62,64,0.423
62,65,0.303
62,66,0.246
62,67,0.3
62,68,0.442
62,69,0.413
62,70,0.454
62,71,0.59
62,72,0.517
62,73,0.583
62,74,0.897
62,75,0.64
62,76,0.786
62,77,0.631
62,78,0.631
62,79,0.806
62,80,0.688
62,81,0.778
62,82,0.866
62,83,0.81
62,84,0.982
62,85,1.082
62,86,1.123
62,87,0.947
62,88,1.127
62,89,1.067
62,90,1.26
62,91,1.29
62,92,1.202
62,93,1.265
62,94,1.386
62,95,1.473
62,96,1.421
62,97,1.396
62,98,1.486
62,99,1.645
62,100,1.702
62,101,1.774
62,102,1.469
62,103,1.627
62,104,1.761
62,105,1.767
62,106,1.945
62,107,1.901
62,108,1.638
62,109,1.731
62,110,0.937
62,111,0.787
62,112,0.925
62,113,1.01
62,114,0.911
62,115,1.02
62,116,1.192
62,117,1.043
62,118,1.194
62,119,1.38
62,120,0.722
62,121,0.75
62,122,2.009
62,123,1.11
62,124,1.014
62,125,1.292
62,126,1.55
62,127,1.999
62,128,2.273
62,129,2.615
62,130,1.342
62,131,1.529
62,132,1.071
63,1,0.4
63,2,0.543
63,3,0.684
63,4,0.825
63,5,0.927
63,6,0.384
63,7,0.503
63,8,0.596
63,9,0.739
63,10,0.876
63,11,0.965
63,12,0.805
63,13,0.914
63,14,1.015
63,15,0.927
63,16,1.019
63,17,1.117
63,18,1.003
63,19,1.151
63,20,1.237
63,21,1.135
63,22,1.139
63,23,1.256
63,24,1.419
63,25,1.272
63,26,1.347
63,27,1.485
63,28,1.482
63,29,1.636
63,30,0.786
63,31,0.687
63,32,0.61
63,33,0.775
63,34,0.724
63,35,0.496
63,36,0.463
63,37,0.602
63,38,0.495
63,39,0.411
63,40,0.332
63,41,0.447
63,42,0.404
63,43,0.328
63,44,0.164
63,45,0.323
63,46,0.934
63,47,1.04
63,48,1.153
63,49,1.238
63,50,0.744
63,51,0.918
63,52,1.006
63,53,1.15
63,54,0.731
63,55,0.725
63,56,0.898
63,57,1.008
63,58,0.52
63,59,0.64
63,60,0.764
63,61,0.906
63,62,0.184
63,63,0.067
63,64,0.29
63,65,0.286
63,66,0.229
63,67,0.255
63,68,0.424
63,69,0.396
63,70,0.409
63,71,0.572
63,72,0.5
63,73,0.538
63,74,0.852
63,75,0.623
63,76,0.741
63,77,0.516
63,78,0.588
63,79,0.732
63,80,0.643
63,81,0.734
63,82,0.822
63,83,0.765
63,84,0.939
63,85,1.039
63,86,1.08
63,87,0.902
63,88,1.083
63,89,1.022
63,90,1.215
63,91,1.246
63,92,1.156
63,93,1.22
63,94,1.341
63,95,1.429
63,96,1.376
63,97,1.351
63,98,1.441
63,99,1.601
63,100,1.658
63,101,1.73
63,102,1.424
63,103,1.582
63,104,1.716
63,105,1.722
63,106,1.9
63,107,1.858
63,108,1.593
63,109,1.686
63,110,0.92
63,111,0.77
63,112,0.88
63,113,0.992
63,114,0.893
63,115,1.003
63,116,1.175
63,117,1.026
63,118,1.176
63,119,1.362
63,120,0.774
63,121,0.732
63,122,1.964
63,123,1.162
63,124,0.996
63,125,1.274
63,126,1.533
63,127,1.95
63,128,2.21
63,129,2.525
63,130,1.209
63,131,1.396
63,132,1.027
64,1,0.267
64,2,0.41
64,3,0.55
64,4,0.692
64,5,0.794
64,6,0.251
64,7,0.37
64,8,0.462
64,9,0.606
64,10,0.743
64,11,0.832
64,12,0.672
64,13,0.781
64,14,0.882
64,15,0.822
64,16,0.91
64,17,0.984
64,18,0.899
64,19,1.044
64,20,1.104
64,21,1.03
64,22,1.034
64,23,1.152
64,24,1.286
64,25,1.168
64,26,1.242
64,27,1.381
64,28,1.378
64,29,1.531
64,30,0.858
64,31,0.754
64,32,0.678
64,33,0.624
64,34,0.796
64,35,0.569
64,36,0.53
64,37,0.452
64,38,0.634
64,39,0.522
64,40,0.378
64,41,0.297
64,42,0.544
64,43,0.478
64,44,0.309
64,45,0.157
64,46,0.815
64,47,0.921
64,48,1.003
64,49,1.088
64,50,0.593
64,51,0.768
64,52,0.856
64,53,1
64,54,0.581
64,55,0.575
64,56,0.745
64,57,0.854
64,58,0.366
64,59,0.487
64,60,0.611
64,61,0.752
64,62,0.423
64,63,0.29
64,64,0.067
64,65,0.524
64,66,0.467
64,67,0.226
64,68,0.662
64,69,0.516
64,70,0.38
64,71,0.748
64,72,0.675
64,73,0.491
64,74,0.823
64,75,0.798
64,76,0.634
64,77,0.383
64,78,0.483
64,79,0.599
64,80,0.536
64,81,0.63
64,82,0.717
64,83,0.658
64,84,0.835
64,85,0.933
64,86,0.975
64,87,0.795
64,88,0.979
64,89,0.915
64,90,1.108
64,91,1.142
64,92,1.05
64,93,1.113
64,94,1.234
64,95,1.325
64,96,1.269
64,97,1.244
64,98,1.334
64,99,1.497
64,100,1.554
64,101,1.626
64,102,1.317
64,103,1.475
64,104,1.609
64,105,1.615
64,106,1.793
64,107,1.753
64,108,1.486
64,109,1.579
64,110,0.992
64,111,0.872
64,112,0.773
64,113,1.059
64,114,0.96
64,115,0.949
64,116,1.241
64,117,1.092
64,118,1.069
64,119,1.429
64,120,0.913
64,121,0.964
64,122,1.857
64,123,1.301
64,124,1.234
64,125,1.432
64,126,1.599
64,127,1.817
64,128,2.077
64,129,2.392
64,130,1.09
64,131,1.334
64,132,1.093
65,1,0.634
65,2,0.777
65,3,0.918
65,4,1.059
65,5,1.161
65,6,0.618
65,7,0.737
65,8,0.83
65,9,0.973
65,10,1.11
65,11,1.199
65,12,0.982
65,13,1.119
65,14,1.22
65,15,1.028
65,16,1.139
65,17,1.255
65,18,1.104
65,19,1.252
65,20,1.392
65,21,1.206
65,22,1.24
65,23,1.343
65,24,1.542
65,25,1.372
65,26,1.434
65,27,1.572
65,28,1.569
65,29,1.723
65,30,0.958
65,31,0.921
65,32,0.844
65,33,1.009
65,34,0.896
65,35,0.73
65,36,0.697
65,37,0.836
65,38,0.614
65,39,0.634
65,40,0.566
65,41,0.681
65,42,0.523
65,43,0.447
65,44,0.398
65,45,0.557
65,46,1.168
65,47,1.274
65,48,1.387
65,49,1.472
65,50,0.978
65,51,1.152
65,52,1.24
65,53,1.384
65,54,0.965
65,55,0.959
65,56,1.132
65,57,1.242
65,58,0.754
65,59,0.874
65,60,0.998
65,61,1.14
65,62,0.303
65,63,0.286
65,64,0.524
65,65,0.065
65,66,0.13
65,67,0.381
65,68,0.326
65,69,0.297
65,70,0.464
65,71,0.474
65,72,0.401
65,73,0.521
65,74,0.786
65,75,0.524
65,76,0.724
65,77,0.61
65,78,0.711
65,79,0.886
65,80,0.627
65,81,0.724
65,82,0.854
65,83,0.748
65,84,0.934
65,85,1.073
65,86,1.09
65,87,0.886
65,88,1.07
65,89,1.006
65,90,1.198
65,91,1.256
65,92,1.14
65,93,1.204
65,94,1.324
65,95,1.472
65,96,1.36
65,97,1.335
65,98,1.425
65,99,1.644
65,100,1.745
65,101,1.818
65,102,1.408
65,103,1.566
65,104,1.699
65,105,1.705
65,106,1.883
65,107,1.945
65,108,1.577
65,109,1.67
65,110,0.821
65,111,0.671
65,112,0.826
65,113,0.894
65,114,0.795
65,115,0.904
65,116,1.076
65,117,0.927
65,118,1.078
65,119,1.264
65,120,0.893
65,121,0.69
65,122,1.948
65,123,1.281
65,124,1.094
65,125,1.232
65,126,1.434
65,127,2.043
65,128,2.317
65,129,2.68
65,130,1.443
65,131,1.63
65,132,1.241
66,1,0.577
66,2,0.72
66,3,0.861
66,4,1.002
66,5,1.104
66,6,0.562
66,7,0.68
66,8,0.773
66,9,0.916
66,10,1.053
66,11,1.142
66,12,0.925
66,13,1.062
66,14,1.163
66,15,0.971
66,16,1.082
66,17,1.198
66,18,1.047
66,19,1.195
66,20,1.335
66,21,1.15
66,22,1.183
66,23,1.286
66,24,1.486
66,25,1.316
66,26,1.377
66,27,1.516
66,28,1.512
66,29,1.666
66,30,0.901
66,31,0.864
66,32,0.788
66,33,0.952
66,34,0.839
66,35,0.674
66,36,0.64
66,37,0.779
66,38,0.557
66,39,0.577
66,40,0.509
66,41,0.624
66,42,0.466
66,43,0.39
66,44,0.342
66,45,0.5
66,46,1.112
66,47,1.217
66,48,1.33
66,49,1.416
66,50,0.921
66,51,1.095
66,52,1.183
66,53,1.327
66,54,0.908
66,55,0.902
66,56,1.076
66,57,1.185
66,58,0.697
66,59,0.817
66,60,0.941
66,61,1.083
66,62,0.246
66,63,0.229
66,64,0.467
66,65,0.13
66,66,0.064
66,67,0.324
66,68,0.269
66,69,0.24
66,70,0.407
66,71,0.417
66,72,0.344
66,73,0.464
66,74,0.729
66,75,0.467
66,76,0.668
66,77,0.553
66,78,0.654
66,79,0.83
66,80,0.57
66,81,0.667
66,82,0.797
66,83,0.692
66,84,0.877
66,85,1.016
66,86,1.033
66,87,0.829
66,88,1.013
66,89,0.949
66,90,1.142
66,91,1.2
66,92,1.083
66,93,1.147
66,94,1.268
66,95,1.415
66,96,1.303
66,97,1.278
66,98,1.368
66,99,1.587
66,100,1.688
66,101,1.761
66,102,1.351
66,103,1.509
66,104,1.642
66,105,1.648
66,106,1.826
66,107,1.888
66,108,1.52
66,109,1.613
66,110,0.764
66,111,0.614
66,112,0.77
66,113,0.837
66,114,0.738
66,115,0.847
66,116,1.019
66,117,0.87
66,118,1.021
66,119,1.207
66,120,0.836
66,121,0.633
66,122,1.891
66,123,1.224
66,124,1.037
66,125,1.175
66,126,1.377
66,127,1.986
66,128,2.26
66,129,2.623
66,130,1.386
66,131,1.574
66,132,1.184
67,1,0.341
67,2,0.484
67,3,0.625
67,4,0.766
67,5,0.868
67,6,0.326
67,7,0.411
67,8,0.537
67,9,0.68
67,10,0.818
67,11,0.906
67,12,0.646
67,13,0.783
67,14,0.884
67,15,0.715
67,16,0.807
67,17,0.922
67,18,0.791
67,19,0.939
67,20,1.072
67,21,0.923
67,22,0.927
67,23,1.044
67,24,1.244
67,25,1.06
67,26,1.135
67,27,1.274
67,28,1.27
67,29,1.424
67,30,0.959
67,31,0.885
67,32,0.809
67,33,0.804
67,34,0.896
67,35,0.695
67,36,0.661
67,37,0.632
67,38,0.614
67,39,0.609
67,40,0.52
67,41,0.477
67,42,0.522
67,43,0.447
67,44,0.363
67,45,0.35
67,46,0.995
67,47,1.101
67,48,1.165
67,49,1.252
67,50,0.773
67,51,0.948
67,52,1.014
67,53,1.16
67,54,0.693
67,55,0.755
67,56,0.844
67,57,0.953
67,58,0.526
67,59,0.586
67,60,0.71
67,61,0.851
67,62,0.304
67,63,0.268
67,64,0.231
67,65,0.384
67,66,0.327
67,67,0.063
67,68,0.481
67,69,0.333
67,70,0.198
67,71,0.565
67,72,0.492
67,73,0.326
67,74,0.64
67,75,0.615
67,76,0.529
67,77,0.376
67,78,0.376
67,79,0.551
67,80,0.432
67,81,0.522
67,82,0.61
67,83,0.553
67,84,0.727
67,85,0.827
67,86,0.868
67,87,0.69
67,88,0.872
67,89,0.81
67,90,1.003
67,91,1.035
67,92,0.945
67,93,1.008
67,94,1.129
67,95,1.217
67,96,1.164
67,97,1.14
67,98,1.23
67,99,1.389
67,100,1.446
67,101,1.519
67,102,1.212
67,103,1.37
67,104,1.504
67,105,1.51
67,106,1.688
67,107,1.646
67,108,1.381
67,109,1.474
67,110,0.81
67,111,0.689
67,112,0.668
67,113,0.876
67,114,0.777
67,115,0.844
67,116,1.058
67,117,0.909
67,118,0.964
67,119,1.246
67,120,0.891
67,121,0.781
67,122,1.752
67,123,1.279
67,124,1.094
67,125,1.25
67,126,1.416
67,127,1.744
67,128,2.018
67,129,2.36
67,130,1.27
67,131,1.514
67,132,1.225
68,1,0.73
68,2,0.865
68,3,1.006
68,4,1.138
68,5,1.232
68,6,0.609
68,7,0.742
68,8,0.886
68,9,1.02
68,10,1.154
68,11,1.234
68,12,0.92
68,13,1.028
68,14,1.128
68,15,0.901
68,16,1.013
68,17,1.129
68,18,0.978
68,19,1.125
68,20,1.265
68,21,1.08
68,22,1.113
68,23,1.217
68,24,1.416
68,25,1.246
68,26,1.307
68,27,1.446
68,28,1.443
68,29,1.596
68,30,1.097
68,31,1.06
68,32,0.983
68,33,1.147
68,34,1.034
68,35,0.869
68,36,0.835
68,37,0.974
68,38,0.752
68,39,0.773
68,40,0.705
68,41,0.82
68,42,0.662
68,43,0.585
68,44,0.537
68,45,0.696
68,46,1.307
68,47,1.413
68,48,1.525
68,49,1.611
68,50,1.116
68,51,1.291
68,52,1.378
68,53,1.522
68,54,1.082
68,55,1.098
68,56,1.232
68,57,1.342
68,58,0.892
68,59,0.974
68,60,1.098
68,61,1.24
68,62,0.442
68,63,0.424
68,64,0.662
68,65,0.326
68,66,0.269
68,67,0.481
68,68,0.066
68,69,0.171
68,70,0.337
68,71,0.348
68,72,0.275
68,73,0.395
68,74,0.659
68,75,0.398
68,76,0.598
68,77,0.483
68,78,0.647
68,79,0.833
68,80,0.501
68,81,0.597
68,82,0.727
68,83,0.622
68,84,0.807
68,85,0.947
68,86,0.963
68,87,0.76
68,88,0.943
68,89,0.879
68,90,1.072
68,91,1.13
68,92,1.014
68,93,1.077
68,94,1.198
68,95,1.345
68,96,1.233
68,97,1.209
68,98,1.299
68,99,1.517
68,100,1.619
68,101,1.691
68,102,1.281
68,103,1.439
68,104,1.573
68,105,1.579
68,106,1.757
68,107,1.818
68,108,1.45
68,109,1.544
68,110,0.695
68,111,0.545
68,112,0.7
68,113,0.767
68,114,0.668
68,115,0.778
68,116,0.95
68,117,0.801
68,118,0.951
68,119,1.137
68,120,1.031
68,121,0.563
68,122,1.822
68,123,1.419
68,124,0.99
68,125,1.105
68,126,1.308
68,127,1.916
68,128,2.19
68,129,2.553
68,130,1.581
68,131,1.769
68,132,1.38
69,1,0.582
69,2,0.717
69,3,0.858
69,4,0.99
69,5,1.084
69,6,0.461
69,7,0.594
69,8,0.738
69,9,0.872
69,10,1.006
69,11,1.086
69,12,0.772
69,13,0.88
69,14,0.98
69,15,0.753
69,16,0.865
69,17,0.981
69,18,0.83
69,19,0.977
69,20,1.117
69,21,0.932
69,22,0.965
69,23,1.069
69,24,1.268
69,25,1.098
69,26,1.159
69,27,1.298
69,28,1.295
69,29,1.448
69,30,1.068
69,31,1.031
69,32,0.954
69,33,1.094
69,34,1.006
69,35,0.84
69,36,0.807
69,37,0.921
69,38,0.724
69,39,0.744
69,40,0.676
69,41,0.766
69,42,0.633
69,43,0.557
69,44,0.508
69,45,0.639
69,46,1.278
69,47,1.384
69,48,1.406
69,49,1.492
69,50,1.062
69,51,1.237
69,52,1.254
69,53,1.401
69,54,0.934
69,55,1.044
69,56,1.084
69,57,1.194
69,58,0.766
69,59,0.826
69,60,0.95
69,61,1.092
69,62,0.413
69,63,0.396
69,64,0.52
69,65,0.297
69,66,0.24
69,67,0.333
69,68,0.171
69,69,0.066
69,70,0.189
69,71,0.319
69,72,0.246
69,73,0.247
69,74,0.562
69,75,0.369
69,76,0.45
69,77,0.335
69,78,0.499
69,79,0.685
69,80,0.353
69,81,0.449
69,82,0.579
69,83,0.474
69,84,0.659
69,85,0.799
69,86,0.815
69,87,0.612
69,88,0.795
69,89,0.731
69,90,0.924
69,91,0.982
69,92,0.866
69,93,0.929
69,94,1.05
69,95,1.197
69,96,1.085
69,97,1.061
69,98,1.151
69,99,1.369
69,100,1.471
69,101,1.543
69,102,1.133
69,103,1.291
69,104,1.425
69,105,1.431
69,106,1.609
69,107,1.67
69,108,1.302
69,109,1.396
69,110,0.666
69,111,0.516
69,112,0.589
69,113,0.739
69,114,0.64
69,115,0.749
69,116,0.921
69,117,0.772
69,118,0.885
69,119,1.109
69,120,1.003
69,121,0.535
69,122,1.674
69,123,1.391
69,124,0.961
69,125,1.077
69,126,1.279
69,127,1.768
69,128,2.042
69,129,2.405
69,130,1.529
69,131,1.74
69,132,1.351
70,1,0.495
70,2,0.638
70,3,0.779
70,4,0.92
70,5,1.02
70,6,0.397
70,7,0.529
70,8,0.674
70,9,0.807
70,10,0.942
70,11,1.022
70,12,0.708
70,13,0.815
70,14,0.916
70,15,0.689
70,16,0.8
70,17,0.916
70,18,0.765
70,19,0.913
70,20,1.053
70,21,0.868
70,22,0.901
70,23,1.004
70,24,1.204
70,25,1.034
70,26,1.095
70,27,1.234
70,28,1.23
70,29,1.384
70,30,1.113
70,31,1.039
70,32,0.963
70,33,0.958
70,34,1.05
70,35,0.849
70,36,0.815
70,37,0.786
70,38,0.768
70,39,0.763
70,40,0.674
70,41,0.631
70,42,0.676
70,43,0.601
70,44,0.517
70,45,0.504
70,46,1.149
70,47,1.255
70,48,1.319
70,49,1.406
70,50,0.927
70,51,1.102
70,52,1.168
70,53,1.314
70,54,0.847
70,55,0.909
70,56,0.998
70,57,1.107
70,58,0.68
70,59,0.74
70,60,0.864
70,61,1.005
70,62,0.458
70,63,0.422
70,64,0.385
70,65,0.464
70,66,0.407
70,67,0.198
70,68,0.337
70,69,0.189
70,70,0.066
70,71,0.422
70,72,0.349
70,73,0.182
70,74,0.497
70,75,0.472
70,76,0.386
70,77,0.271
70,78,0.435
70,79,0.621
70,80,0.288
70,81,0.385
70,82,0.515
70,83,0.41
70,84,0.595
70,85,0.734
70,86,0.751
70,87,0.547
70,88,0.731
70,89,0.667
70,90,0.86
70,91,0.918
70,92,0.801
70,93,0.865
70,94,0.986
70,95,1.133
70,96,1.021
70,97,0.996
70,98,1.086
70,99,1.305
70,100,1.406
70,101,1.479
70,102,1.069
70,103,1.227
70,104,1.36
70,105,1.366
70,106,1.544
70,107,1.606
70,108,1.238
70,109,1.331
70,110,0.666
70,111,0.545
70,112,0.524
70,113,0.732
70,114,0.634
70,115,0.701
70,116,0.915
70,117,0.766
70,118,0.82
70,119,1.103
70,120,1.045
70,121,0.637
70,122,1.609
70,123,1.433
70,124,1.064
70,125,1.106
70,126,1.273
70,127,1.704
70,128,1.978
70,129,2.341
70,130,1.424
70,131,1.668
70,132,1.379
71,1,0.814
71,2,0.95
71,3,1.091
71,4,1.222
71,5,1.316
71,6,0.694
71,7,0.826
71,8,0.971
71,9,1.104
71,10,1.238
71,11,1.319
71,12,1.005
71,13,1.112
71,14,1.213
71,15,0.884
71,16,1.019
71,17,1.18
71,18,0.96
71,19,1.108
71,20,1.248
71,21,0.98
71,22,1.046
71,23,1.144
71,24,1.344
71,25,1.135
71,26,1.235
71,27,1.374
71,28,1.329
71,29,1.475
71,30,1.245
71,31,1.208
71,32,1.131
71,33,1.296
71,34,1.183
71,35,1.017
71,36,0.984
71,37,1.123
71,38,0.9
71,39,0.921
71,40,0.853
71,41,0.968
71,42,0.81
71,43,0.734
71,44,0.685
71,45,0.844
71,46,1.455
71,47,1.561
71,48,1.638
71,49,1.725
71,50,1.264
71,51,1.439
71,52,1.487
71,53,1.633
71,54,1.166
71,55,1.246
71,56,1.317
71,57,1.426
71,58,0.999
71,59,1.059
71,60,1.183
71,61,1.324
71,62,0.59
71,63,0.572
71,64,0.753
71,65,0.474
71,66,0.417
71,67,0.565
71,68,0.348
71,69,0.319
71,70,0.422
71,71,0.066
71,72,0.146
71,73,0.43
71,74,0.494
71,75,0.232
71,76,0.439
71,77,0.568
71,78,0.732
71,79,0.918
71,80,0.523
71,81,0.638
71,82,0.769
71,83,0.491
71,84,0.716
71,85,0.818
71,86,0.834
71,87,0.629
71,88,0.813
71,89,0.717
71,90,0.91
71,91,1.001
71,92,0.852
71,93,0.915
71,94,1.036
71,95,1.183
71,96,1.071
71,97,1.047
71,98,1.137
71,99,1.355
71,100,1.472
71,101,1.57
71,102,1.119
71,103,1.277
71,104,1.411
71,105,1.417
71,106,1.595
71,107,1.697
71,108,1.288
71,109,1.382
71,110,0.529
71,111,0.379
71,112,0.535
71,113,0.602
71,114,0.503
71,115,0.612
71,116,0.784
71,117,0.635
71,118,0.786
71,119,0.972
71,120,1.18
71,121,0.596
71,122,1.66
71,123,1.568
71,124,1.022
71,125,1.103
71,126,1.142
71,127,1.83
71,128,2.104
71,129,2.499
71,130,1.73
71,131,1.917
71,132,1.528
72,1,0.741
72,2,0.877
72,3,1.018
72,4,1.149
72,5,1.244
72,6,0.621
72,7,0.753
72,8,0.898
72,9,1.031
72,10,1.166
72,11,1.246
72,12,0.932
72,13,1.039
72,14,1.14
72,15,0.848
72,16,0.983
72,17,1.14
72,18,0.924
72,19,1.072
72,20,1.212
72,21,0.944
72,22,1.01
72,23,1.108
72,24,1.308
72,25,1.099
72,26,1.199
72,27,1.338
72,28,1.293
72,29,1.439
72,30,1.172
72,31,1.135
72,32,1.058
72,33,1.223
72,34,1.11
72,35,0.944
72,36,0.911
72,37,1.05
72,38,0.828
72,39,0.848
72,40,0.78
72,41,0.895
72,42,0.737
72,43,0.661
72,44,0.612
72,45,0.771
72,46,1.382
72,47,1.488
72,48,1.566
72,49,1.652
72,50,1.192
72,51,1.366
72,52,1.414
72,53,1.56
72,54,1.093
72,55,1.173
72,56,1.244
72,57,1.353
72,58,0.926
72,59,0.986
72,60,1.11
72,61,1.252
72,62,0.517
72,63,0.5
72,64,0.68
72,65,0.401
72,66,0.344
72,67,0.492
72,68,0.275
72,69,0.246
72,70,0.349
72,71,0.146
72,72,0.066
72,73,0.374
72,74,0.458
72,75,0.196
72,76,0.403
72,77,0.495
72,78,0.659
72,79,0.845
72,80,0.479
72,81,0.576
72,82,0.706
72,83,0.455
72,84,0.68
72,85,0.782
72,86,0.798
72,87,0.593
72,88,0.777
72,89,0.681
72,90,0.874
72,91,0.965
72,92,0.816
72,93,0.879
72,94,1
72,95,1.147
72,96,1.035
72,97,1.011
72,98,1.101
72,99,1.319
72,100,1.436
72,101,1.534
72,102,1.083
72,103,1.241
72,104,1.375
72,105,1.381
72,106,1.559
72,107,1.661
72,108,1.252
72,109,1.346
72,110,0.493
72,111,0.343
72,112,0.499
72,113,0.566
72,114,0.467
72,115,0.576
72,116,0.748
72,117,0.599
72,118,0.75
72,119,0.936
72,120,1.107
72,121,0.523
72,122,1.624
72,123,1.495
72,124,0.949
72,125,1.065
72,126,1.106
72,127,1.794
72,128,2.068
72,129,2.463
72,130,1.657
72,131,1.844
72,132,1.455
73,1,0.516
73,2,0.652
73,3,0.793
73,4,0.924
73,5,1.018
73,6,0.396
73,7,0.528
73,8,0.673
73,9,0.806
73,10,0.94
73,11,1.02
73,12,0.695
73,13,0.814
73,14,0.914
73,15,0.592
73,16,0.704
73,17,0.861
73,18,0.669
73,19,0.816
73,20,0.956
73,21,0.771
73,22,0.804
73,23,0.908
73,24,1.107
73,25,0.937
73,26,0.998
73,27,1.137
73,28,1.134
73,29,1.287
73,30,1.241
73,31,1.168
73,32,1.091
73,33,1.067
73,34,1.179
73,35,0.977
73,36,0.943
73,37,0.894
73,38,0.896
73,39,0.892
73,40,0.802
73,41,0.74
73,42,0.804
73,43,0.729
73,44,0.645
73,45,0.6
73,46,1.258
73,47,1.328
73,48,1.34
73,49,1.427
73,50,1.01
73,51,1.181
73,52,1.189
73,53,1.335
73,54,0.868
73,55,1.01
73,56,1.019
73,57,1.128
73,58,0.701
73,59,0.761
73,60,0.885
73,61,1.026
73,62,0.586
73,63,0.55
73,64,0.486
73,65,0.521
73,66,0.464
73,67,0.326
73,68,0.395
73,69,0.247
73,70,0.182
73,71,0.422
73,72,0.374
73,73,0.066
73,74,0.408
73,75,0.402
73,76,0.256
73,77,0.27
73,78,0.434
73,79,0.619
73,80,0.192
73,81,0.288
73,82,0.418
73,83,0.31
73,84,0.498
73,85,0.634
73,86,0.651
73,87,0.447
73,88,0.631
73,89,0.538
73,90,0.73
73,91,0.818
73,92,0.672
73,93,0.736
73,94,0.856
73,95,1.004
73,96,0.892
73,97,0.867
73,98,0.957
73,99,1.176
73,100,1.292
73,101,1.382
73,102,0.94
73,103,1.098
73,104,1.231
73,105,1.237
73,106,1.415
73,107,1.509
73,108,1.109
73,109,1.202
73,110,0.578
73,111,0.457
73,112,0.395
73,113,0.644
73,114,0.545
73,115,0.572
73,116,0.826
73,117,0.677
73,118,0.691
73,119,1.014
73,120,1.173
73,121,0.662
73,122,1.48
73,123,1.561
73,124,1.089
73,125,1.018
73,126,1.184
73,127,1.608
73,128,1.881
73,129,2.244
73,130,1.463
73,131,1.707
73,132,1.507
74,1,0.894
74,2,1.03
74,3,1.15
74,4,1.242
74,5,1.335
74,6,0.774
74,7,0.906
74,8,1.028
74,9,1.102
74,10,1.236
74,11,1.325
74,12,0.998
74,13,1.119
74,14,1.219
74,15,0.867
74,16,1.002
74,17,1.163
74,18,0.943
74,19,1.091
74,20,1.231
74,21,0.963
74,22,1.03
74,23,1.128
74,24,1.327
74,25,1.118
74,26,1.218
74,27,1.357
74,28,1.312
74,29,1.459
74,30,1.514
74,31,1.479
74,32,1.41
74,33,1.406
74,34,1.452
74,35,1.296
74,36,1.263
74,37,1.233
74,38,1.169
74,39,1.211
74,40,1.121
74,41,1.078
74,42,1.03
74,43,1.042
74,44,0.964
74,45,0.951
74,46,1.597
74,47,1.703
74,48,1.718
74,49,1.805
74,50,1.375
74,51,1.55
74,52,1.567
74,53,1.713
74,54,1.246
74,55,1.357
74,56,1.397
74,57,1.506
74,58,1.079
74,59,1.139
74,60,1.263
74,61,1.404
74,62,0.899
74,63,0.87
74,64,0.833
74,65,0.783
74,66,0.726
74,67,0.645
74,68,0.656
74,69,0.566
74,70,0.502
74,71,0.491
74,72,0.455
74,73,0.413
74,74,0.066
74,75,0.471
74,76,0.422
74,77,0.648
74,78,0.812
74,79,0.95
74,80,0.506
74,81,0.622
74,82,0.752
74,83,0.475
74,84,0.699
74,85,0.801
74,86,0.817
74,87,0.612
74,88,0.796
74,89,0.701
74,90,0.893
74,91,0.984
74,92,0.835
74,93,0.898
74,94,1.019
74,95,1.167
74,96,1.055
74,97,1.03
74,98,1.12
74,99,1.339
74,100,1.455
74,101,1.554
74,102,1.102
74,103,1.26
74,104,1.394
74,105,1.4
74,106,1.578
74,107,1.681
74,108,1.272
74,109,1.365
74,110,0.635
74,111,0.514
74,112,0.518
74,113,0.701
74,114,0.603
74,115,0.676
74,116,0.884
74,117,0.735
74,118,0.854
74,119,1.072
74,120,1.41
74,121,0.45
74,122,1.643
74,123,1.556
74,124,0.991
74,125,0.613
74,126,1.006
74,127,1.813
74,128,2.087
74,129,2.482
74,130,1.841
74,131,2.085
74,132,1.797
75,1,0.864
75,2,1
75,3,1.139
75,4,1.231
75,5,1.324
75,6,0.744
75,7,0.876
75,8,1.018
75,9,1.091
75,10,1.225
75,11,1.314
75,12,0.987
75,13,1.108
75,14,1.208
75,15,0.856
75,16,0.992
75,17,1.152
75,18,0.84
75,19,0.985
75,20,1.125
75,21,0.838
75,22,0.915
75,23,1.027
75,24,1.226
75,25,0.96
75,26,1.096
75,27,1.244
75,28,1.126
75,29,1.273
75,30,1.295
75,31,1.258
75,32,1.182
75,33,1.346
75,34,1.233
75,35,1.068
75,36,1.034
75,37,1.173
75,38,0.951
75,39,0.971
75,40,0.903
75,41,1.018
75,42,0.86
75,43,0.784
75,44,0.736
75,45,0.894
75,46,1.506
75,47,1.611
75,48,1.689
75,49,1.775
75,50,1.315
75,51,1.489
75,52,1.537
75,53,1.684
75,54,1.216
75,55,1.296
75,56,1.367
75,57,1.476
75,58,1.049
75,59,1.109
75,60,1.233
75,61,1.375
75,62,0.64
75,63,0.623
75,64,0.803
75,65,0.524
75,66,0.467
75,67,0.615
75,68,0.398
75,69,0.369
75,70,0.472
75,71,0.232
75,72,0.196
75,73,0.402
75,74,0.466
75,75,0.066
75,76,0.397
75,77,0.618
75,78,0.782
75,79,0.939
75,80,0.496
75,81,0.611
75,82,0.741
75,83,0.404
75,84,0.604
75,85,0.675
75,86,0.691
75,87,0.433
75,88,0.626
75,89,0.515
75,90,0.707
75,91,0.826
75,92,0.649
75,93,0.712
75,94,0.833
75,95,0.981
75,96,0.869
75,97,0.844
75,98,0.934
75,99,1.153
75,100,1.269
75,101,1.368
75,102,0.916
75,103,1.074
75,104,1.208
75,105,1.214
75,106,1.392
75,107,1.495
75,108,1.086
75,109,1.179
75,110,0.32
75,111,0.17
75,112,0.332
75,113,0.393
75,114,0.294
75,115,0.404
75,116,0.576
75,117,0.426
75,118,0.577
75,119,0.763
75,120,1.23
75,121,0.586
75,122,1.457
75,123,1.578
75,124,1.013
75,125,1.075
75,126,0.934
75,127,1.627
75,128,1.901
75,129,2.379
75,130,1.78
75,131,1.968
75,132,1.578
76,1,0.659
76,2,0.794
76,3,0.906
76,4,0.997
76,5,1.091
76,6,0.538
76,7,0.671
76,8,0.784
76,9,0.857
76,10,0.991
76,11,1.08
76,12,0.753
76,13,0.874
76,14,0.975
76,15,0.622
76,16,0.758
76,17,0.919
76,18,0.675
76,19,0.82
76,20,0.96
76,21,0.673
76,22,0.75
76,23,0.861
76,24,1.06
76,25,0.813
76,26,0.938
76,27,1.078
76,28,0.979
76,29,1.125
76,30,1.444
76,31,1.343
76,32,1.267
76,33,1.21
76,34,1.382
76,35,1.158
76,36,1.119
76,37,1.037
76,38,1.099
76,39,1.095
76,40,0.967
76,41,0.882
76,42,1.007
76,43,0.932
76,44,0.848
76,45,0.743
76,46,1.401
76,47,1.47
76,48,1.483
76,49,1.57
76,50,1.152
76,51,1.324
76,52,1.332
76,53,1.478
76,54,1.011
76,55,1.153
76,56,1.162
76,57,1.271
76,58,0.843
76,59,0.903
76,60,1.027
76,61,1.169
76,62,0.789
76,63,0.753
76,64,0.628
76,65,0.724
76,66,0.668
76,67,0.529
76,68,0.598
76,69,0.45
76,70,0.386
76,71,0.446
76,72,0.41
76,73,0.256
76,74,0.432
76,75,0.397
76,76,0.066
76,77,0.412
76,78,0.567
76,79,0.705
76,80,0.258
76,81,0.377
76,82,0.507
76,83,0.23
76,84,0.438
76,85,0.509
76,86,0.526
76,87,0.286
76,88,0.478
76,89,0.367
76,90,0.56
76,91,0.679
76,92,0.502
76,93,0.565
76,94,0.686
76,95,0.833
76,96,0.721
76,97,0.696
76,98,0.786
76,99,1.005
76,100,1.121
76,101,1.22
76,102,0.769
76,103,0.927
76,104,1.061
76,105,1.067
76,106,1.245
76,107,1.347
76,108,0.938
76,109,1.031
76,110,0.503
76,111,0.406
76,112,0.225
76,113,0.536
76,114,0.438
76,115,0.401
76,116,0.719
76,117,0.57
76,118,0.521
76,119,0.907
76,120,1.376
76,121,0.798
76,122,1.309
76,123,1.764
76,124,1.225
76,125,1.041
76,126,1.077
76,127,1.48
76,128,1.754
76,129,2.214
76,130,1.606
76,131,1.85
76,132,1.678
77,1,0.266
77,2,0.402
77,3,0.543
77,4,0.674
77,5,0.768
77,6,0.146
77,7,0.278
77,8,0.423
77,9,0.561
77,10,0.699
77,11,0.788
77,12,0.513
77,13,0.648
77,14,0.749
77,15,0.542
77,16,0.634
77,17,0.749
77,18,0.618
77,19,0.766
77,20,0.899
77,21,0.733
77,22,0.754
77,23,0.872
77,24,1.071
77,25,0.887
77,26,0.962
77,27,1.101
77,28,1.097
77,29,1.251
77,30,1.186
77,31,1.082
77,32,1.005
77,33,0.948
77,34,1.124
77,35,0.897
77,36,0.858
77,37,0.776
77,38,0.889
77,39,0.85
77,40,0.706
77,41,0.621
77,42,0.788
77,43,0.722
77,44,0.629
77,45,0.481
77,46,1.11
77,47,1.078
77,48,1.09
77,49,1.177
77,50,0.76
77,51,0.931
77,52,0.939
77,53,1.085
77,54,0.618
77,55,0.76
77,56,0.769
77,57,0.878
77,58,0.451
77,59,0.511
77,60,0.635
77,61,0.776
77,62,0.655
77,63,0.534
77,64,0.379
77,65,0.61
77,66,0.553
77,67,0.413
77,68,0.483
77,69,0.335
77,70,0.271
77,71,0.568
77,72,0.495
77,73,0.27
77,74,0.643
77,75,0.618
77,76,0.412
77,77,0.067
77,78,0.177
77,79,0.418
77,80,0.17
77,81,0.261
77,82,0.392
77,83,0.291
77,84,0.471
77,85,0.615
77,86,0.631
77,87,0.429
77,88,0.612
77,89,0.562
77,90,0.748
77,91,0.798
77,92,0.696
77,93,0.759
77,94,0.88
77,95,1.028
77,96,0.916
77,97,0.891
77,98,0.981
77,99,1.2
77,100,1.274
77,101,1.346
77,102,0.963
77,103,1.121
77,104,1.255
77,105,1.261
77,106,1.439
77,107,1.473
77,108,1.132
77,109,1.226
77,110,0.798
77,111,0.691
77,112,0.52
77,113,0.831
77,114,0.733
77,115,0.671
77,116,1.014
77,117,0.865
77,118,0.79
77,119,1.197
77,120,1.157
77,121,0.783
77,122,1.504
77,123,1.545
77,124,1.21
77,125,1.252
77,126,1.372
77,127,1.571
77,128,1.845
77,129,2.187
77,130,1.213
77,131,1.457
77,132,1.417
78,1,0.342
78,2,0.278
78,3,0.412
78,4,0.55
78,5,0.644
78,6,0.282
78,7,0.145
78,8,0.291
78,9,0.411
78,10,0.549
78,11,0.638
78,12,0.362
78,13,0.498
78,14,0.599
78,15,0.393
78,16,0.486
78,17,0.6
78,18,0.47
78,19,0.617
78,20,0.75
78,21,0.6
78,22,0.605
78,23,0.723
78,24,0.922
78,25,0.739
78,26,0.813
78,27,0.952
78,28,0.949
78,29,1.102
78,30,1.253
78,31,1.149
78,32,1.072
78,33,0.949
78,34,1.191
78,35,0.964
78,36,0.925
78,37,0.843
78,38,0.943
78,39,0.917
78,40,0.773
78,41,0.688
78,42,0.853
78,43,0.776
78,44,0.696
78,45,0.549
78,46,1.087
78,47,0.984
78,48,0.997
78,49,1.084
78,50,0.745
78,51,0.84
78,52,0.846
78,53,0.992
78,54,0.603
78,55,0.667
78,56,0.676
78,57,0.785
78,58,0.471
78,59,0.417
78,60,0.541
78,61,0.683
78,62,0.633
78,63,0.602
78,64,0.461
78,65,0.713
78,66,0.656
78,67,0.391
78,68,0.647
78,69,0.499
78,70,0.435
78,71,0.732
78,72,0.659
78,73,0.434
78,74,0.807
78,75,0.782
78,76,0.569
78,77,0.177
78,78,0.066
78,79,0.268
78,80,0.325
78,81,0.244
78,82,0.261
78,83,0.446
78,84,0.369
78,85,0.493
78,86,0.51
78,87,0.584
78,88,0.514
78,89,0.71
78,90,0.649
78,91,0.677
78,92,0.841
78,93,0.776
78,94,0.825
78,95,0.896
78,96,1.032
78,97,0.907
78,98,0.997
78,99,1.068
78,100,1.125
78,101,1.197
78,102,1.099
78,103,1.175
78,104,1.29
78,105,1.245
78,106,1.395
78,107,1.324
78,108,1.268
78,109,1.28
78,110,0.953
78,111,0.855
78,112,0.675
78,113,0.986
78,114,0.888
78,115,0.826
78,116,1.169
78,117,1.02
78,118,0.945
78,119,1.336
78,120,1.222
78,121,0.947
78,122,1.487
78,123,1.61
78,124,1.374
78,125,1.416
78,126,1.527
78,127,1.422
78,128,1.696
78,129,2.038
78,130,1.12
78,131,1.364
78,132,1.484
79,1,0.457
79,2,0.386
79,3,0.296
79,4,0.407
79,5,0.502
79,6,0.432
79,7,0.267
79,8,0.152
79,9,0.267
79,10,0.405
79,11,0.489
79,12,0.146
79,13,0.283
79,14,0.383
79,15,0.32
79,16,0.411
79,17,0.515
79,18,0.396
79,19,0.544
79,20,0.636
79,21,0.522
79,22,0.532
79,23,0.65
79,24,0.818
79,25,0.665
79,26,0.74
79,27,0.879
79,28,0.875
79,29,1.029
79,30,1.368
79,31,1.264
79,32,1.188
79,33,1.023
79,34,1.306
79,35,1.079
79,36,1.04
79,37,0.925
79,38,1.104
79,39,1.032
79,40,0.888
79,41,0.803
79,42,1.003
79,43,0.937
79,44,0.819
79,45,0.664
79,46,1.048
79,47,0.946
79,48,0.919
79,49,1.006
79,50,0.818
79,51,0.802
79,52,0.768
79,53,0.907
79,54,0.677
79,55,0.629
79,56,0.598
79,57,0.684
79,58,0.575
79,59,0.491
79,60,0.454
79,61,0.579
79,62,0.812
79,63,0.749
79,64,0.594
79,65,0.892
79,66,0.835
79,67,0.57
79,68,0.829
79,69,0.681
79,70,0.616
79,71,0.913
79,72,0.84
79,73,0.615
79,74,0.944
79,75,0.938
79,76,0.704
79,77,0.413
79,78,0.262
79,79,0.065
79,80,0.48
79,81,0.332
79,82,0.209
79,83,0.573
79,84,0.445
79,85,0.425
79,86,0.501
79,87,0.71
79,88,0.565
79,89,0.761
79,90,0.691
79,91,0.665
79,92,0.893
79,93,0.818
79,94,0.844
79,95,0.822
79,96,1.074
79,97,0.95
79,98,1.04
79,99,0.994
79,100,1.052
79,101,1.124
79,102,1.151
79,103,1.218
79,104,1.216
79,105,1.171
79,106,1.322
79,107,1.251
79,108,1.32
79,109,1.322
79,110,1.079
79,111,0.983
79,112,0.801
79,113,1.113
79,114,1.014
79,115,0.886
79,116,1.296
79,117,1.147
79,118,1.006
79,119,1.388
79,120,1.372
79,121,1.129
79,122,1.414
79,123,1.76
79,124,1.555
79,125,1.553
79,126,1.654
79,127,1.348
79,128,1.608
79,129,1.923
79,130,1.082
79,131,1.326
79,132,1.566
80,1,0.423
80,2,0.558
80,3,0.68
80,4,0.81
80,5,0.903
80,6,0.302
80,7,0.433
80,8,0.559
80,9,0.67
80,10,0.804
80,11,0.884
80,12,0.559
80,13,0.678
80,14,0.778
80,15,0.456
80,16,0.568
80,17,0.725
80,18,0.532
80,19,0.68
80,20,0.82
80,21,0.622
80,22,0.668
80,23,0.772
80,24,0.971
80,25,0.777
80,26,0.862
80,27,1.001
80,28,0.998
80,29,1.151
80,30,1.342
80,31,1.238
80,32,1.162
80,33,1.105
80,34,1.28
80,35,1.053
80,36,1.014
80,37,0.932
80,38,1.012
80,39,1.006
80,40,0.862
80,41,0.777
80,42,0.919
80,43,0.845
80,44,0.76
80,45,0.638
80,46,1.267
80,47,1.234
80,48,1.247
80,49,1.333
80,50,0.916
80,51,1.088
80,52,1.095
80,53,1.242
80,54,0.774
80,55,0.917
80,56,0.925
80,57,1.035
80,58,0.607
80,59,0.667
80,60,0.791
80,61,0.933
80,62,0.701
80,63,0.666
80,64,0.535
80,65,0.637
80,66,0.58
80,67,0.441
80,68,0.51
80,69,0.362
80,70,0.298
80,71,0.514
80,72,0.478
80,73,0.201
80,74,0.5
80,75,0.494
80,76,0.258
80,77,0.17
80,78,0.323
80,79,0.483
80,80,0.067
80,81,0.152
80,82,0.282
80,83,0.135
80,84,0.351
80,85,0.46
80,86,0.476
80,87,0.273
80,88,0.456
80,89,0.406
80,90,0.592
80,91,0.643
80,92,0.54
80,93,0.603
80,94,0.724
80,95,0.872
80,96,0.76
80,97,0.735
80,98,0.825
80,99,1.044
80,100,1.16
80,101,1.246
80,102,0.807
80,103,0.965
80,104,1.099
80,105,1.105
80,106,1.283
80,107,1.373
80,108,0.976
80,109,1.07
80,110,0.642
80,111,0.545
80,112,0.364
80,113,0.675
80,114,0.577
80,115,0.515
80,116,0.858
80,117,0.709
80,118,0.634
80,119,1.041
80,120,1.289
80,121,0.777
80,122,1.348
80,123,1.677
80,124,1.204
80,125,1.109
80,126,1.216
80,127,1.471
80,128,1.745
80,129,2.108
80,130,1.37
80,131,1.614
80,132,1.573
81,1,0.489
81,2,0.511
81,3,0.534
81,4,0.663
81,5,0.757
81,6,0.394
81,7,0.378
81,8,0.412
81,9,0.523
81,10,0.657
81,11,0.738
81,12,0.412
81,13,0.531
81,14,0.632
81,15,0.309
81,16,0.421
81,17,0.578
81,18,0.386
81,19,0.533
81,20,0.674
81,21,0.488
81,22,0.521
81,23,0.625
81,24,0.824
81,25,0.654
81,26,0.716
81,27,0.854
81,28,0.851
81,29,1.004
81,30,1.4
81,31,1.296
81,32,1.219
81,33,1.131
81,34,1.338
81,35,1.11
81,36,1.071
81,37,0.989
81,38,1.09
81,39,1.063
81,40,0.92
81,41,0.835
81,42,0.999
81,43,0.923
81,44,0.843
81,45,0.695
81,46,1.277
81,47,1.183
81,48,1.174
81,49,1.26
81,50,0.927
81,51,1.039
81,52,1.022
81,53,1.162
81,54,0.785
81,55,0.866
81,56,0.852
81,57,0.938
81,58,0.618
81,59,0.643
81,60,0.691
81,61,0.833
81,62,0.779
81,63,0.748
81,64,0.608
81,65,0.724
81,66,0.667
81,67,0.528
81,68,0.597
81,69,0.449
81,70,0.385
81,71,0.635
81,72,0.576
81,73,0.288
81,74,0.621
81,75,0.615
81,76,0.381
81,77,0.261
81,78,0.252
81,79,0.336
81,80,0.154
81,81,0.066
81,82,0.136
81,83,0.25
81,84,0.219
81,85,0.368
81,86,0.385
81,87,0.387
81,88,0.363
81,89,0.52
81,90,0.499
81,91,0.552
81,92,0.655
81,93,0.626
81,94,0.7
81,95,0.811
81,96,0.874
81,97,0.757
81,98,0.847
81,99,0.983
81,100,1.027
81,101,1.099
81,102,0.922
81,103,1.025
81,104,1.159
81,105,1.127
81,106,1.297
81,107,1.226
81,108,1.091
81,109,1.13
81,110,0.756
81,111,0.66
81,112,0.478
81,113,0.79
81,114,0.691
81,115,0.629
81,116,0.973
81,117,0.824
81,118,0.749
81,119,1.156
81,120,1.369
81,121,0.864
81,122,1.37
81,123,1.757
81,124,1.291
81,125,1.23
81,126,1.331
81,127,1.325
81,128,1.598
81,129,1.961
81,130,1.319
81,131,1.563
81,132,1.63
82,1,0.588
82,2,0.521
82,3,0.452
82,4,0.551
82,5,0.645
82,6,0.524
82,7,0.39
82,8,0.308
82,9,0.411
82,10,0.545
82,11,0.608
82,12,0.28
82,13,0.401
82,14,0.502
82,15,0.177
82,16,0.289
82,17,0.446
82,18,0.254
82,19,0.401
82,20,0.542
82,21,0.356
82,22,0.389
82,23,0.493
82,24,0.692
82,25,0.522
82,26,0.584
82,27,0.722
82,28,0.719
82,29,0.872
82,30,1.499
82,31,1.395
82,32,1.318
82,33,1.179
82,34,1.437
82,35,1.21
82,36,1.171
82,37,1.081
82,38,1.189
82,39,1.163
82,40,1.019
82,41,0.934
82,42,1.099
82,43,1.022
82,44,0.942
82,45,0.794
82,46,1.204
82,47,1.102
82,48,1.075
82,49,1.162
82,50,0.974
82,51,0.958
82,52,0.924
82,53,1.063
82,54,0.833
82,55,0.785
82,56,0.754
82,57,0.84
82,58,0.717
82,59,0.647
82,60,0.61
82,61,0.735
82,62,0.879
82,63,0.847
82,64,0.707
82,65,0.854
82,66,0.797
82,67,0.637
82,68,0.727
82,69,0.579
82,70,0.515
82,71,0.765
82,72,0.706
82,73,0.418
82,74,0.751
82,75,0.745
82,76,0.511
82,77,0.392
82,78,0.264
82,79,0.224
82,80,0.284
82,81,0.136
82,82,0.066
82,83,0.38
82,84,0.26
82,85,0.26
82,86,0.335
82,87,0.518
82,88,0.399
82,89,0.596
82,90,0.526
82,91,0.5
82,92,0.727
82,93,0.652
82,94,0.679
82,95,0.679
82,96,0.909
82,97,0.784
82,98,0.874
82,99,0.851
82,100,0.895
82,101,0.967
82,102,0.985
82,103,1.052
82,104,1.073
82,105,1.028
82,106,1.165
82,107,1.094
82,108,1.154
82,109,1.156
82,110,0.886
82,111,0.79
82,112,0.608
82,113,0.92
82,114,0.822
82,115,0.721
82,116,1.103
82,117,0.954
82,118,0.84
82,119,1.222
82,120,1.468
82,121,0.994
82,122,1.271
82,123,1.856
82,124,1.421
82,125,1.36
82,126,1.461
82,127,1.193
82,128,1.466
82,129,1.829
82,130,1.238
82,131,1.482
82,132,1.722
83,1,0.544
83,2,0.68
83,3,0.778
83,4,0.87
83,5,0.963
83,6,0.423
83,7,0.554
83,8,0.656
83,9,0.729
83,10,0.864
83,11,0.952
83,12,0.626
83,13,0.746
83,14,0.847
83,15,0.495
83,16,0.63
83,17,0.791
83,18,0.502
83,19,0.647
83,20,0.787
83,21,0.5
83,22,0.577
83,23,0.689
83,24,0.888
83,25,0.656
83,26,0.765
83,27,0.906
83,28,0.885
83,29,1.032
83,30,1.464
83,31,1.36
83,32,1.283
83,33,1.226
83,34,1.402
83,35,1.174
83,36,1.135
83,37,1.053
83,38,1.133
83,39,1.127
83,40,0.984
83,41,0.899
83,42,1.041
83,43,0.966
83,44,0.882
83,45,0.759
83,46,1.388
83,47,1.355
83,48,1.368
83,49,1.455
83,50,1.037
83,51,1.209
83,52,1.217
83,53,1.363
83,54,0.896
83,55,1.038
83,56,1.047
83,57,1.156
83,58,0.728
83,59,0.788
83,60,0.912
83,61,1.054
83,62,0.823
83,63,0.787
83,64,0.657
83,65,0.758
83,66,0.701
83,67,0.562
83,68,0.632
83,69,0.484
83,70,0.419
83,71,0.493
83,72,0.457
83,73,0.307
83,74,0.479
83,75,0.404
83,76,0.239
83,77,0.291
83,78,0.444
83,79,0.577
83,80,0.135
83,81,0.25
83,82,0.38
83,83,0.067
83,84,0.266
83,85,0.337
83,86,0.353
83,87,0.141
83,88,0.324
83,89,0.274
83,90,0.46
83,91,0.522
83,92,0.408
83,93,0.471
83,94,0.592
83,95,0.74
83,96,0.628
83,97,0.603
83,98,0.693
83,99,0.912
83,100,1.028
83,101,1.126
83,102,0.675
83,103,0.833
83,104,0.967
83,105,0.973
83,106,1.151
83,107,1.254
83,108,0.844
83,109,0.938
83,110,0.51
83,111,0.413
83,112,0.232
83,113,0.543
83,114,0.445
83,115,0.383
83,116,0.726
83,117,0.577
83,118,0.502
83,119,0.909
83,120,1.41
83,121,0.845
83,122,1.216
83,123,1.798
83,124,1.272
83,125,1.088
83,126,1.084
83,127,1.376
83,128,1.65
83,129,2.041
83,130,1.491
83,131,1.735
83,132,1.694
84,1,0.694
84,2,0.629
84,3,0.651
84,4,0.742
84,5,0.836
84,6,0.604
84,7,0.496
84,8,0.529
84,9,0.602
84,10,0.736
84,11,0.825
84,12,0.498
84,13,0.619
84,14,0.72
84,15,0.367
84,16,0.502
84,17,0.664
84,18,0.368
84,19,0.513
84,20,0.653
84,21,0.366
84,22,0.443
84,23,0.555
84,24,0.754
84,25,0.522
84,26,0.631
84,27,0.772
84,28,0.766
84,29,0.922
84,30,1.605
84,31,1.501
84,32,1.424
84,33,1.291
84,34,1.543
84,35,1.316
84,36,1.277
84,37,1.193
84,38,1.295
84,39,1.269
84,40,1.125
84,41,1.04
84,42,1.205
84,43,1.128
84,44,1.048
84,45,0.901
84,46,1.402
84,47,1.3
84,48,1.29
84,49,1.37
84,50,1.087
84,51,1.156
84,52,1.139
84,53,1.258
84,54,0.946
84,55,0.983
84,56,0.969
84,57,1.035
84,58,0.823
84,59,0.76
84,60,0.808
84,61,0.93
84,62,0.985
84,63,0.954
84,64,0.813
84,65,0.934
84,66,0.877
84,67,0.738
84,68,0.807
84,69,0.659
84,70,0.595
84,71,0.712
84,72,0.676
84,73,0.498
84,74,0.698
84,75,0.604
84,76,0.438
84,77,0.471
84,78,0.37
84,79,0.449
84,80,0.351
84,81,0.219
84,82,0.26
84,83,0.266
84,84,0.067
84,85,0.203
84,86,0.219
84,87,0.332
84,88,0.191
84,89,0.387
84,90,0.326
84,91,0.388
84,92,0.518
84,93,0.453
84,94,0.536
84,95,0.664
84,96,0.709
84,97,0.584
84,98,0.674
84,99,0.836
84,100,0.943
84,101,1.017
84,102,0.776
84,103,0.852
84,104,0.986
84,105,0.955
84,106,1.133
84,107,1.144
84,108,0.946
84,109,0.957
84,110,0.709
84,111,0.612
84,112,0.431
84,113,0.743
84,114,0.644
84,115,0.512
84,116,0.926
84,117,0.776
84,118,0.632
84,119,1.013
84,120,1.574
84,121,1.065
84,122,1.197
84,123,1.962
84,124,1.491
84,125,1.307
84,126,1.284
84,127,1.242
84,128,1.516
84,129,1.908
84,130,1.436
84,131,1.68
84,132,1.834
85,1,0.795
85,2,0.726
85,3,0.658
85,4,0.72
85,5,0.813
85,6,0.735
85,7,0.598
85,8,0.513
85,9,0.579
85,10,0.713
85,11,0.778
85,12,0.475
85,13,0.572
85,14,0.672
85,15,0.347
85,16,0.437
85,17,0.556
85,18,0.232
85,19,0.377
85,20,0.518
85,21,0.231
85,22,0.307
85,23,0.419
85,24,0.618
85,25,0.397
85,26,0.495
85,27,0.636
85,28,0.631
85,29,0.786
85,30,1.706
85,31,1.602
85,32,1.526
85,33,1.384
85,34,1.644
85,35,1.417
85,36,1.378
85,37,1.286
85,38,1.396
85,39,1.37
85,40,1.226
85,41,1.141
85,42,1.306
85,43,1.229
85,44,1.149
85,45,1.002
85,46,1.41
85,47,1.307
85,48,1.28
85,49,1.347
85,50,1.18
85,51,1.163
85,52,1.129
85,53,1.235
85,54,1.038
85,55,0.99
85,56,0.959
85,57,1.012
85,58,0.924
85,59,0.852
85,60,0.816
85,61,0.907
85,62,1.086
85,63,1.055
85,64,0.914
85,65,1.078
85,66,1.022
85,67,0.844
85,68,0.952
85,69,0.804
85,70,0.74
85,71,0.814
85,72,0.778
85,73,0.629
85,74,0.8
85,75,0.675
85,76,0.509
85,77,0.612
85,78,0.495
85,79,0.43
85,80,0.456
85,81,0.367
85,82,0.267
85,83,0.337
85,84,0.203
85,85,0.066
85,86,0.172
85,87,0.403
85,88,0.241
85,89,0.437
85,90,0.367
85,91,0.374
85,92,0.569
85,93,0.494
85,94,0.536
85,95,0.554
85,96,0.75
85,97,0.626
85,98,0.716
85,99,0.726
85,100,0.807
85,101,0.881
85,102,0.827
85,103,0.894
85,104,0.948
85,105,0.903
85,106,1.077
85,107,1.008
85,108,0.996
85,109,0.998
85,110,0.78
85,111,0.683
85,112,0.502
85,113,0.814
85,114,0.715
85,115,0.562
85,116,0.984
85,117,0.835
85,118,0.682
85,119,1.064
85,120,1.675
85,121,1.167
85,122,1.145
85,123,2.063
85,124,1.594
85,125,1.41
85,126,1.354
85,127,1.107
85,128,1.38
85,129,1.772
85,130,1.443
85,131,1.687
85,132,1.927
86,1,0.836
86,2,0.771
86,3,0.736
86,4,0.798
86,5,0.868
86,6,0.76
86,7,0.638
86,8,0.591
86,9,0.657
86,10,0.768
86,11,0.808
86,12,0.549
86,13,0.601
86,14,0.702
86,15,0.404
86,16,0.467
86,17,0.586
86,18,0.262
86,19,0.407
86,20,0.547
86,21,0.263
86,22,0.337
86,23,0.449
86,24,0.648
86,25,0.429
86,26,0.528
86,27,0.669
86,28,0.663
86,29,0.819
86,30,1.747
86,31,1.643
86,32,1.566
86,33,1.434
86,34,1.685
86,35,1.458
86,36,1.419
86,37,1.336
86,38,1.437
86,39,1.411
86,40,1.267
86,41,1.182
86,42,1.347
86,43,1.27
86,44,1.19
86,45,1.042
86,46,1.488
86,47,1.385
86,48,1.358
86,49,1.425
86,50,1.23
86,51,1.241
86,52,1.207
86,53,1.313
86,54,1.089
86,55,1.068
86,56,1.037
86,57,1.09
86,58,0.965
86,59,0.903
86,60,0.894
86,61,0.985
86,62,1.127
86,63,1.095
86,64,0.955
86,65,1.095
86,66,1.038
86,67,0.885
86,68,0.968
86,69,0.82
86,70,0.756
86,71,0.831
86,72,0.795
86,73,0.645
86,74,0.817
86,75,0.691
86,76,0.526
86,77,0.628
86,78,0.512
86,79,0.508
86,80,0.472
86,81,0.384
86,82,0.345
86,83,0.353
86,84,0.219
86,85,0.172
86,86,0.043
86,87,0.343
86,88,0.157
86,89,0.353
86,90,0.283
86,91,0.304
86,92,0.485
86,93,0.41
86,94,0.452
86,95,0.58
86,96,0.666
86,97,0.542
86,98,0.632
86,99,0.752
86,100,0.839
86,101,0.914
86,102,0.743
86,103,0.81
86,104,0.943
86,105,0.912
86,106,1.09
86,107,1.041
86,108,0.912
86,109,0.914
86,110,0.796
86,111,0.7
86,112,0.518
86,113,0.772
86,114,0.673
86,115,0.478
86,116,0.9
86,117,0.751
86,118,0.598
86,119,0.98
86,120,1.716
86,121,1.183
86,122,1.154
86,123,2.104
86,124,1.61
86,125,1.426
86,126,1.312
86,127,1.139
86,128,1.413
86,129,1.803
86,130,1.521
86,131,1.765
86,132,1.977
87,1,0.682
87,2,0.817
87,3,0.916
87,4,1.007
87,5,1.101
87,6,0.561
87,7,0.692
87,8,0.794
87,9,0.867
87,10,1.001
87,11,1.071
87,12,0.763
87,13,0.864
87,14,0.965
87,15,0.632
87,16,0.73
87,17,0.848
87,18,0.525
87,19,0.67
87,20,0.81
87,21,0.459
87,22,0.6
87,23,0.712
87,24,0.911
87,25,0.582
87,26,0.717
87,27,0.88
87,28,0.748
87,29,0.894
87,30,1.601
87,31,1.497
87,32,1.42
87,33,1.364
87,34,1.539
87,35,1.312
87,36,1.273
87,37,1.191
87,38,1.27
87,39,1.265
87,40,1.121
87,41,1.036
87,42,1.178
87,43,1.104
87,44,1.019
87,45,0.897
87,46,1.526
87,47,1.493
87,48,1.506
87,49,1.592
87,50,1.175
87,51,1.346
87,52,1.354
87,53,1.501
87,54,1.033
87,55,1.176
87,56,1.184
87,57,1.294
87,58,0.866
87,59,0.926
87,60,1.05
87,61,1.192
87,62,0.96
87,63,0.924
87,64,0.794
87,65,0.896
87,66,0.839
87,67,0.7
87,68,0.769
87,69,0.621
87,70,0.557
87,71,0.63
87,72,0.594
87,73,0.445
87,74,0.616
87,75,0.433
87,76,0.286
87,77,0.429
87,78,0.582
87,79,0.715
87,80,0.273
87,81,0.387
87,82,0.517
87,83,0.141
87,84,0.332
87,85,0.403
87,86,0.338
87,87,0.066
87,88,0.24
87,89,0.136
87,90,0.329
87,91,0.448
87,92,0.27
87,93,0.334
87,94,0.455
87,95,0.602
87,96,0.49
87,97,0.465
87,98,0.555
87,99,0.774
87,100,0.89
87,101,0.989
87,102,0.538
87,103,0.696
87,104,0.83
87,105,0.836
87,106,1.014
87,107,1.116
87,108,0.707
87,109,0.8
87,110,0.538
87,111,0.442
87,112,0.26
87,113,0.554
87,114,0.456
87,115,0.261
87,116,0.683
87,117,0.534
87,118,0.38
87,119,0.775
87,120,1.548
87,121,0.983
87,122,1.078
87,123,1.936
87,124,1.41
87,125,1.226
87,126,1.095
87,127,1.249
87,128,1.522
87,129,2.019
87,130,1.629
87,131,1.873
87,132,1.832
88,1,0.839
88,2,0.774
88,3,0.795
88,4,0.866
88,5,0.936
88,6,0.745
88,7,0.641
88,8,0.66
88,9,0.726
88,10,0.837
88,11,0.877
88,12,0.618
88,13,0.67
88,14,0.771
88,15,0.473
88,16,0.536
88,17,0.654
88,18,0.331
88,19,0.476
88,20,0.616
88,21,0.265
88,22,0.406
88,23,0.518
88,24,0.717
88,25,0.42
88,26,0.555
88,27,0.718
88,28,0.69
88,29,0.851
88,30,1.75
88,31,1.646
88,32,1.569
88,33,1.436
88,34,1.688
88,35,1.46
88,36,1.421
88,37,1.338
88,38,1.44
88,39,1.413
88,40,1.27
88,41,1.185
88,42,1.349
88,43,1.273
88,44,1.193
88,45,1.045
88,46,1.547
88,47,1.444
88,48,1.427
88,49,1.494
88,50,1.232
88,51,1.3
88,52,1.276
88,53,1.382
88,54,1.09
88,55,1.127
88,56,1.106
88,57,1.159
88,58,0.968
88,59,0.904
88,60,0.953
88,61,1.054
88,62,1.129
88,63,1.098
88,64,0.958
88,65,1.078
88,66,1.021
88,67,0.882
88,68,0.952
88,69,0.804
88,70,0.739
88,71,0.814
88,72,0.778
88,73,0.628
88,74,0.8
88,75,0.621
88,76,0.474
88,77,0.612
88,78,0.515
88,79,0.577
88,80,0.456
88,81,0.363
88,82,0.405
88,83,0.324
88,84,0.191
88,85,0.246
88,86,0.144
88,87,0.236
88,88,0.067
88,89,0.246
88,90,0.182
88,91,0.286
88,92,0.378
88,93,0.308
88,94,0.42
88,95,0.561
88,96,0.565
88,97,0.44
88,98,0.53
88,99,0.733
88,100,0.847
88,101,0.946
88,102,0.636
88,103,0.708
88,104,0.842
88,105,0.81
88,106,0.988
88,107,1.073
88,108,0.805
88,109,0.812
88,110,0.689
88,111,0.595
88,112,0.448
88,113,0.665
88,114,0.566
88,115,0.371
88,116,0.793
88,117,0.644
88,118,0.491
88,119,0.872
88,120,1.719
88,121,1.167
88,122,1.053
88,123,2.107
88,124,1.593
88,125,1.409
88,126,1.205
88,127,1.192
88,128,1.466
88,129,1.857
88,130,1.58
88,131,1.824
88,132,1.979
89,1,0.814
89,2,0.95
89,3,0.993
89,4,1.064
89,5,1.134
89,6,0.694
89,7,0.825
89,8,0.858
89,9,0.924
89,10,1.035
89,11,1.075
89,12,0.816
89,13,0.868
89,14,0.969
89,15,0.671
89,16,0.734
89,17,0.852
89,18,0.529
89,19,0.674
89,20,0.814
89,21,0.414
89,22,0.604
89,23,0.716
89,24,0.915
89,25,0.484
89,26,0.62
89,27,0.783
89,28,0.65
89,29,0.797
89,30,1.725
89,31,1.625
89,32,1.548
89,33,1.491
89,34,1.663
89,35,1.44
89,36,1.4
89,37,1.318
89,38,1.381
89,39,1.376
89,40,1.249
89,41,1.164
89,42,1.288
89,43,1.214
89,44,1.129
89,45,1.024
89,46,1.658
89,47,1.626
89,48,1.625
89,49,1.692
89,50,1.308
89,51,1.479
89,52,1.474
89,53,1.58
89,54,1.166
89,55,1.309
89,56,1.304
89,57,1.357
89,58,0.999
89,59,1.059
89,60,1.151
89,61,1.252
89,62,1.07
89,63,1.035
89,64,0.91
89,65,1.006
89,66,0.949
89,67,0.81
89,68,0.879
89,69,0.731
89,70,0.667
89,71,0.721
89,72,0.685
89,73,0.538
89,74,0.707
89,75,0.515
89,76,0.367
89,77,0.562
89,78,0.713
89,79,0.775
89,80,0.406
89,81,0.52
89,82,0.603
89,83,0.274
89,84,0.389
89,85,0.444
89,86,0.342
89,87,0.136
89,88,0.244
89,89,0.066
89,90,0.231
89,91,0.35
89,92,0.138
89,93,0.236
89,94,0.357
89,95,0.505
89,96,0.357
89,97,0.368
89,98,0.458
89,99,0.677
89,100,0.793
89,101,0.892
89,102,0.405
89,103,0.563
89,104,0.697
89,105,0.738
89,106,0.916
89,107,1.019
89,108,0.574
89,109,0.667
89,110,0.503
89,111,0.409
89,112,0.342
89,113,0.478
89,114,0.38
89,115,0.185
89,116,0.553
89,117,0.404
89,118,0.251
89,119,0.642
89,120,1.658
89,121,1.074
89,122,0.96
89,123,2.046
89,124,1.5
89,125,1.316
89,126,1.019
89,127,1.151
89,128,1.425
89,129,1.922
89,130,1.762
89,131,2.006
89,132,1.96
90,1,0.974
90,2,0.909
90,3,0.931
90,4,0.993
90,5,1.063
90,6,0.88
90,7,0.776
90,8,0.787
90,9,0.853
90,10,0.964
90,11,1.004
90,12,0.745
90,13,0.797
90,14,0.898
90,15,0.6
90,16,0.663
90,17,0.781
90,18,0.458
90,19,0.603
90,20,0.743
90,21,0.206
90,22,0.411
90,23,0.525
90,24,0.774
90,25,0.276
90,26,0.412
90,27,0.575
90,28,0.547
90,29,0.701
90,30,1.885
90,31,1.781
90,32,1.704
90,33,1.571
90,34,1.823
90,35,1.596
90,36,1.557
90,37,1.473
90,38,1.573
90,39,1.549
90,40,1.405
90,41,1.32
90,42,1.481
90,43,1.406
90,44,1.322
90,45,1.181
90,46,1.682
90,47,1.58
90,48,1.554
90,49,1.621
90,50,1.367
90,51,1.436
90,52,1.403
90,53,1.509
90,54,1.226
90,55,1.263
90,56,1.233
90,57,1.286
90,58,1.103
90,59,1.04
90,60,1.088
90,61,1.181
90,62,1.263
90,63,1.227
90,64,1.093
90,65,1.198
90,66,1.142
90,67,1.003
90,68,1.072
90,69,0.924
90,70,0.86
90,71,0.914
90,72,0.878
90,73,0.73
90,74,0.9
90,75,0.707
90,76,0.56
90,77,0.748
90,78,0.65
90,79,0.704
90,80,0.592
90,81,0.499
90,82,0.54
90,83,0.46
90,84,0.326
90,85,0.373
90,86,0.271
90,87,0.329
90,88,0.182
90,89,0.231
90,90,0.067
90,91,0.142
90,92,0.277
90,93,0.15
90,94,0.262
90,95,0.409
90,96,0.407
90,97,0.282
90,98,0.372
90,99,0.581
90,100,0.697
90,101,0.796
90,102,0.501
90,103,0.55
90,104,0.684
90,105,0.652
90,106,0.83
90,107,0.923
90,108,0.67
90,109,0.654
90,110,0.696
90,111,0.602
90,112,0.535
90,113,0.671
90,114,0.572
90,115,0.378
90,116,0.693
90,117,0.544
90,118,0.391
90,119,0.755
90,120,1.85
90,121,1.266
90,122,0.895
90,123,2.238
90,124,1.693
90,125,1.509
90,126,1.158
90,127,1.049
90,128,1.323
90,129,1.714
90,130,1.716
90,131,1.96
90,132,2.114
91,1,1.003
91,2,0.939
91,3,0.898
91,4,0.96
91,5,1.035
91,6,0.928
91,7,0.806
91,8,0.753
91,9,0.819
91,10,0.936
91,11,0.976
91,12,0.715
91,13,0.769
91,14,0.87
91,15,0.572
91,16,0.635
91,17,0.753
91,18,0.43
91,19,0.553
91,20,0.691
91,21,0.188
91,22,0.291
91,23,0.425
91,24,0.654
91,25,0.157
91,26,0.292
91,27,0.455
91,28,0.428
91,29,0.606
91,30,1.914
91,31,1.81
91,32,1.734
91,33,1.602
91,34,1.852
91,35,1.625
91,36,1.586
91,37,1.504
91,38,1.604
91,39,1.578
91,40,1.434
91,41,1.349
91,42,1.514
91,43,1.437
91,44,1.357
91,45,1.21
91,46,1.65
91,47,1.547
91,48,1.52
91,49,1.587
91,50,1.398
91,51,1.403
91,52,1.369
91,53,1.475
91,54,1.256
91,55,1.23
91,56,1.199
91,57,1.252
91,58,1.132
91,59,1.07
91,60,1.056
91,61,1.147
91,62,1.294
91,63,1.263
91,64,1.122
91,65,1.262
91,66,1.205
91,67,1.052
91,68,1.136
91,69,0.988
91,70,0.923
91,71,0.998
91,72,0.962
91,73,0.812
91,74,0.984
91,75,0.826
91,76,0.679
91,77,0.795
91,78,0.679
91,79,0.67
91,80,0.639
91,81,0.551
91,82,0.507
91,83,0.522
91,84,0.388
91,85,0.374
91,86,0.284
91,87,0.448
91,88,0.301
91,89,0.35
91,90,0.142
91,91,0.067
91,92,0.396
91,93,0.269
91,94,0.249
91,95,0.314
91,96,0.526
91,97,0.401
91,98,0.491
91,99,0.486
91,100,0.602
91,101,0.701
91,102,0.62
91,103,0.669
91,104,0.708
91,105,0.663
91,106,0.841
91,107,0.828
91,108,0.789
91,109,0.773
91,110,0.815
91,111,0.72
91,112,0.654
91,113,0.79
91,114,0.691
91,115,0.497
91,116,0.812
91,117,0.663
91,118,0.51
91,119,0.874
91,120,1.883
91,121,1.351
91,122,0.905
91,123,2.271
91,124,1.777
91,125,1.593
91,126,1.277
91,127,0.929
91,128,1.203
91,129,1.594
91,130,1.683
91,131,1.927
91,132,2.145
92,1,0.949
92,2,1.084
92,3,1.125
92,4,1.196
92,5,1.266
92,6,0.828
92,7,0.959
92,8,0.99
92,9,1.056
92,10,1.166
92,11,1.206
92,12,0.947
92,13,1
92,14,1.1
92,15,0.803
92,16,0.866
92,17,0.984
92,18,0.661
92,19,0.806
92,20,0.946
92,21,0.46
92,22,0.665
92,23,0.779
92,24,1.006
92,25,0.53
92,26,0.666
92,27,0.812
92,28,0.625
92,29,0.772
92,30,1.86
92,31,1.759
92,32,1.682
92,33,1.626
92,34,1.798
92,35,1.574
92,36,1.535
92,37,1.453
92,38,1.515
92,39,1.51
92,40,1.383
92,41,1.298
92,42,1.423
92,43,1.348
92,44,1.264
92,45,1.159
92,46,1.793
92,47,1.76
92,48,1.757
92,49,1.823
92,50,1.442
92,51,1.614
92,52,1.605
92,53,1.712
92,54,1.301
92,55,1.443
92,56,1.435
92,57,1.489
92,58,1.133
92,59,1.193
92,60,1.282
92,61,1.384
92,62,1.205
92,63,1.169
92,64,1.044
92,65,1.14
92,66,1.083
92,67,0.945
92,68,1.014
92,69,0.866
92,70,0.801
92,71,0.855
92,72,0.819
92,73,0.672
92,74,0.842
92,75,0.649
92,76,0.502
92,77,0.696
92,78,0.845
92,79,0.906
92,80,0.54
92,81,0.654
92,82,0.734
92,83,0.408
92,84,0.52
92,85,0.576
92,86,0.474
92,87,0.27
92,88,0.376
92,89,0.138
92,90,0.277
92,91,0.396
92,92,0.066
92,93,0.195
92,94,0.332
92,95,0.48
92,96,0.224
92,97,0.326
92,98,0.416
92,99,0.652
92,100,0.768
92,101,0.866
92,102,0.272
92,103,0.43
92,104,0.564
92,105,0.696
92,106,0.874
92,107,0.994
92,108,0.441
92,109,0.535
92,110,0.638
92,111,0.543
92,112,0.476
92,113,0.613
92,114,0.451
92,115,0.32
92,116,0.466
92,117,0.316
92,118,0.163
92,119,0.509
92,120,1.792
92,121,1.208
92,122,0.827
92,123,2.18
92,124,1.635
92,125,1.451
92,126,0.912
92,127,1.126
92,128,1.4
92,129,1.908
92,130,1.896
92,131,2.14
92,132,2.094
93,1,1.033
93,2,1.038
93,3,1.047
93,4,1.109
93,5,1.185
93,6,0.912
93,7,0.905
93,8,0.903
93,9,0.969
93,10,1.086
93,11,1.126
93,12,0.865
93,13,0.919
93,14,1.02
93,15,0.722
93,16,0.785
93,17,0.903
93,18,0.58
93,19,0.725
93,20,0.86
93,21,0.31
93,22,0.507
93,23,0.629
93,24,0.823
93,25,0.373
93,26,0.508
93,27,0.629
93,28,0.443
93,29,0.589
93,30,1.944
93,31,1.843
93,32,1.766
93,33,1.7
93,34,1.882
93,35,1.658
93,36,1.619
93,37,1.537
93,38,1.599
93,39,1.594
93,40,1.467
93,41,1.382
93,42,1.507
93,43,1.432
93,44,1.348
93,45,1.243
93,46,1.799
93,47,1.697
93,48,1.67
93,49,1.737
93,50,1.496
93,51,1.553
93,52,1.519
93,53,1.625
93,54,1.354
93,55,1.38
93,56,1.349
93,57,1.402
93,58,1.217
93,59,1.168
93,60,1.205
93,61,1.297
93,62,1.289
93,63,1.253
93,64,1.128
93,65,1.224
93,66,1.167
93,67,1.029
93,68,1.098
93,69,0.95
93,70,0.885
93,71,0.939
93,72,0.903
93,73,0.756
93,74,0.926
93,75,0.733
93,76,0.586
93,77,0.78
93,78,0.779
93,79,0.82
93,80,0.624
93,81,0.627
93,82,0.656
93,83,0.492
93,84,0.455
93,85,0.502
93,86,0.4
93,87,0.354
93,88,0.31
93,89,0.257
93,90,0.152
93,91,0.246
93,92,0.19
93,93,0.067
93,94,0.15
93,95,0.297
93,96,0.258
93,97,0.133
93,98,0.223
93,99,0.469
93,100,0.585
93,101,0.684
93,102,0.387
93,103,0.401
93,104,0.535
93,105,0.504
93,106,0.682
93,107,0.811
93,108,0.556
93,109,0.506
93,110,0.722
93,111,0.627
93,112,0.56
93,113,0.697
93,114,0.598
93,115,0.404
93,116,0.651
93,117,0.502
93,118,0.348
93,119,0.637
93,120,1.876
93,121,1.292
93,122,0.746
93,123,2.264
93,124,1.719
93,125,1.535
93,126,1.04
93,127,0.944
93,128,1.217
93,129,1.725
93,130,1.833
93,131,2.077
93,132,2.178
94,1,1.165
94,2,1.1
94,3,1.087
94,4,1.138
94,5,1.19
94,6,1.051
94,7,0.967
94,8,0.943
94,9,0.998
94,10,1.09
94,11,1.13
94,12,0.866
94,13,0.923
94,14,1.024
94,15,0.722
94,16,0.789
94,17,0.894
94,18,0.58
94,19,0.684
94,20,0.772
94,21,0.35
94,22,0.423
94,23,0.553
94,24,0.735
94,25,0.288
94,26,0.421
94,27,0.541
94,28,0.299
94,29,0.445
94,30,2.076
94,31,1.972
94,32,1.895
94,33,1.763
94,34,2.014
94,35,1.787
94,36,1.748
94,37,1.665
94,38,1.738
94,39,1.734
94,40,1.596
94,41,1.511
94,42,1.646
94,43,1.571
94,44,1.487
94,45,1.371
94,46,1.839
94,47,1.737
94,48,1.704
94,49,1.766
94,50,1.559
94,51,1.593
94,52,1.553
94,53,1.654
94,54,1.418
94,55,1.42
94,56,1.383
94,57,1.431
94,58,1.294
94,59,1.232
94,60,1.245
94,61,1.326
94,62,1.428
94,63,1.392
94,64,1.267
94,65,1.363
94,66,1.306
94,67,1.168
94,68,1.237
94,69,1.089
94,70,1.024
94,71,1.078
94,72,1.042
94,73,0.895
94,74,1.065
94,75,0.872
94,76,0.725
94,77,0.919
94,78,0.84
94,79,0.859
94,80,0.763
94,81,0.712
94,82,0.696
94,83,0.631
94,84,0.549
94,85,0.547
94,86,0.445
94,87,0.494
94,88,0.42
94,89,0.396
94,90,0.262
94,91,0.257
94,92,0.323
94,93,0.157
94,94,0.066
94,95,0.153
94,96,0.413
94,97,0.288
94,98,0.378
94,99,0.325
94,100,0.441
94,101,0.54
94,102,0.52
94,103,0.556
94,104,0.547
94,105,0.502
94,106,0.68
94,107,0.667
94,108,0.689
94,109,0.661
94,110,0.861
94,111,0.766
94,112,0.7
94,113,0.836
94,114,0.737
94,115,0.543
94,116,0.784
94,117,0.634
94,118,0.481
94,119,0.77
94,120,2.015
94,121,1.431
94,122,0.745
94,123,2.403
94,124,1.858
94,125,1.674
94,126,1.173
94,127,0.8
94,128,1.074
94,129,1.581
94,130,1.872
94,131,2.116
94,132,2.306
95,1,1.182
95,2,1.11
95,3,1
95,4,1.008
95,5,1.06
95,6,1.125
95,7,0.984
95,8,0.903
95,9,0.868
95,10,0.96
95,11,1
95,12,0.736
95,13,0.793
95,14,0.894
95,15,0.592
95,16,0.659
95,17,0.764
95,18,0.45
95,19,0.554
95,20,0.642
95,21,0.431
95,22,0.293
95,23,0.423
95,24,0.605
95,25,0.158
95,26,0.291
95,27,0.411
95,28,0.169
95,29,0.315
95,30,2.093
95,31,1.988
95,32,1.912
95,33,1.726
95,34,2.03
95,35,1.803
95,36,1.758
95,37,1.628
95,38,1.786
95,39,1.756
95,40,1.612
95,41,1.52
95,42,1.696
95,43,1.62
95,44,1.54
95,45,1.388
95,46,1.738
95,47,1.635
95,48,1.574
95,49,1.636
95,50,1.522
95,51,1.492
95,52,1.423
95,53,1.524
95,54,1.38
95,55,1.318
95,56,1.253
95,57,1.301
95,58,1.279
95,59,1.194
95,60,1.132
95,61,1.196
95,62,1.476
95,63,1.445
95,64,1.304
95,65,1.511
95,66,1.454
95,67,1.234
95,68,1.384
95,69,1.236
95,70,1.172
95,71,1.226
95,72,1.19
95,73,1.043
95,74,1.212
95,75,1.02
95,76,0.872
95,77,1.05
95,78,0.898
95,79,0.82
95,80,0.91
95,81,0.818
95,82,0.686
95,83,0.778
95,84,0.668
95,85,0.554
95,86,0.564
95,87,0.641
95,88,0.567
95,89,0.544
95,90,0.409
95,91,0.314
95,92,0.47
95,93,0.304
95,94,0.153
95,95,0.067
95,96,0.561
95,97,0.436
95,98,0.483
95,99,0.195
95,100,0.311
95,101,0.41
95,102,0.668
95,103,0.551
95,104,0.417
95,105,0.372
95,106,0.55
95,107,0.537
95,108,0.837
95,109,0.789
95,110,1.008
95,111,0.914
95,112,0.847
95,113,0.983
95,114,0.885
95,115,0.69
95,116,0.931
95,117,0.782
95,118,0.629
95,119,0.917
95,120,2.066
95,121,1.578
95,122,0.615
95,123,2.454
95,124,2.005
95,125,1.821
95,126,1.32
95,127,0.67
95,128,0.944
95,129,1.451
95,130,1.771
95,131,2.015
95,132,2.269
96,1,1.165
96,2,1.294
96,3,1.304
96,4,1.366
96,5,1.442
96,6,1.044
96,7,1.161
96,8,1.16
96,9,1.225
96,10,1.342
96,11,1.382
96,12,1.122
96,13,1.175
96,14,1.276
96,15,0.978
96,16,1.041
96,17,1.16
96,18,0.836
96,19,0.981
96,20,1.117
96,21,0.566
96,22,0.764
96,23,0.886
96,24,1.079
96,25,0.629
96,26,0.765
96,27,0.885
96,28,0.699
96,29,0.845
96,30,2.076
96,31,1.975
96,32,1.898
96,33,1.842
96,34,2.014
96,35,1.79
96,36,1.751
96,37,1.669
96,38,1.731
96,39,1.726
96,40,1.599
96,41,1.514
96,42,1.639
96,43,1.564
96,44,1.48
96,45,1.375
96,46,2.009
96,47,1.953
96,48,1.927
96,49,1.993
96,50,1.658
96,51,1.81
96,52,1.775
96,53,1.882
96,54,1.517
96,55,1.636
96,56,1.605
96,57,1.659
96,58,1.349
96,59,1.409
96,60,1.462
96,61,1.553
96,62,1.421
96,63,1.385
96,64,1.26
96,65,1.356
96,66,1.299
96,67,1.161
96,68,1.23
96,69,1.082
96,70,1.017
96,71,1.071
96,72,1.035
96,73,0.888
96,74,1.058
96,75,0.865
96,76,0.718
96,77,0.912
96,78,1.035
96,79,1.076
96,80,0.756
96,81,0.87
96,82,0.913
96,83,0.624
96,84,0.711
96,85,0.758
96,86,0.656
96,87,0.486
96,88,0.567
96,89,0.354
96,90,0.408
96,91,0.503
96,92,0.221
96,93,0.258
96,94,0.406
96,95,0.553
96,96,0.066
96,97,0.147
96,98,0.469
96,99,0.702
96,100,0.796
96,101,0.94
96,102,0.142
96,103,0.3
96,104,0.434
96,105,0.568
96,106,0.746
96,107,0.895
96,108,0.311
96,109,0.404
96,110,0.854
96,111,0.759
96,112,0.692
96,113,0.829
96,114,0.667
96,115,0.536
96,116,0.682
96,117,0.532
96,118,0.379
96,119,0.45
96,120,2.008
96,121,1.424
96,122,0.697
96,123,2.396
96,124,1.851
96,125,1.667
96,126,1.014
96,127,1.2
96,128,1.474
96,129,1.982
96,130,2.089
96,131,2.333
96,132,2.31
97,1,1.164
97,2,1.169
97,3,1.179
97,4,1.241
97,5,1.317
97,6,1.044
97,7,1.036
97,8,1.035
97,9,1.1
97,10,1.217
97,11,1.257
97,12,0.997
97,13,1.05
97,14,1.151
97,15,0.854
97,16,0.916
97,17,1.035
97,18,0.711
97,19,0.856
97,20,0.992
97,21,0.441
97,22,0.639
97,23,0.761
97,24,0.954
97,25,0.504
97,26,0.64
97,27,0.76
97,28,0.574
97,29,0.72
97,30,2.075
97,31,1.975
97,32,1.898
97,33,1.831
97,34,2.013
97,35,1.79
97,36,1.75
97,37,1.668
97,38,1.731
97,39,1.726
97,40,1.599
97,41,1.514
97,42,1.638
97,43,1.564
97,44,1.479
97,45,1.374
97,46,1.931
97,47,1.828
97,48,1.802
97,49,1.868
97,50,1.627
97,51,1.685
97,52,1.65
97,53,1.757
97,54,1.486
97,55,1.511
97,56,1.48
97,57,1.534
97,58,1.349
97,59,1.3
97,60,1.337
97,61,1.428
97,62,1.42
97,63,1.385
97,64,1.26
97,65,1.356
97,66,1.299
97,67,1.16
97,68,1.229
97,69,1.081
97,70,1.017
97,71,1.071
97,72,1.035
97,73,0.888
97,74,1.057
97,75,0.865
97,76,0.717
97,77,0.912
97,78,0.91
97,79,0.951
97,80,0.756
97,81,0.759
97,82,0.788
97,83,0.624
97,84,0.586
97,85,0.633
97,86,0.531
97,87,0.486
97,88,0.442
97,89,0.389
97,90,0.284
97,91,0.378
97,92,0.322
97,93,0.133
97,94,0.281
97,95,0.428
97,96,0.147
97,97,0.067
97,98,0.344
97,99,0.6
97,100,0.717
97,101,0.815
97,102,0.283
97,103,0.279
97,104,0.412
97,105,0.546
97,106,0.724
97,107,0.874
97,108,0.452
97,109,0.383
97,110,0.853
97,111,0.759
97,112,0.692
97,113,0.828
97,114,0.73
97,115,0.535
97,116,0.782
97,117,0.633
97,118,0.48
97,119,0.591
97,120,2.008
97,121,1.424
97,122,0.676
97,123,2.396
97,124,1.85
97,125,1.666
97,126,1.155
97,127,1.075
97,128,1.349
97,129,1.857
97,130,1.964
97,131,2.208
97,132,2.31
98,1,1.254
98,2,1.259
98,3,1.269
98,4,1.331
98,5,1.407
98,6,1.134
98,7,1.126
98,8,1.125
98,9,1.19
98,10,1.307
98,11,1.347
98,12,1.087
98,13,1.14
98,14,1.241
98,15,0.944
98,16,1.006
98,17,1.125
98,18,0.801
98,19,0.946
98,20,1.082
98,21,0.531
98,22,0.729
98,23,0.851
98,24,1.044
98,25,0.594
98,26,0.73
98,27,0.85
98,28,0.629
98,29,0.775
98,30,2.165
98,31,2.065
98,32,1.988
98,33,1.921
98,34,2.103
98,35,1.88
98,36,1.84
98,37,1.758
98,38,1.821
98,39,1.816
98,40,1.689
98,41,1.604
98,42,1.728
98,43,1.654
98,44,1.569
98,45,1.464
98,46,2.021
98,47,1.918
98,48,1.892
98,49,1.958
98,50,1.717
98,51,1.775
98,52,1.74
98,53,1.847
98,54,1.576
98,55,1.601
98,56,1.57
98,57,1.624
98,58,1.439
98,59,1.39
98,60,1.427
98,61,1.518
98,62,1.51
98,63,1.475
98,64,1.35
98,65,1.446
98,66,1.389
98,67,1.25
98,68,1.319
98,69,1.171
98,70,1.107
98,71,1.161
98,72,1.125
98,73,0.978
98,74,1.147
98,75,0.955
98,76,0.807
98,77,1.002
98,78,1
98,79,1.041
98,80,0.846
98,81,0.849
98,82,0.878
98,83,0.714
98,84,0.676
98,85,0.723
98,86,0.621
98,87,0.576
98,88,0.532
98,89,0.479
98,90,0.374
98,91,0.468
98,92,0.412
98,93,0.223
98,94,0.371
98,95,0.483
98,96,0.469
98,97,0.344
98,98,0.067
98,99,0.378
98,100,0.54
98,101,0.691
98,102,0.606
98,103,0.512
98,104,0.378
98,105,0.333
98,106,0.511
98,107,0.66
98,108,0.775
98,109,0.717
98,110,0.943
98,111,0.849
98,112,0.782
98,113,0.918
98,114,0.82
98,115,0.625
98,116,0.872
98,117,0.723
98,118,0.57
98,119,0.858
98,120,2.098
98,121,1.514
98,122,0.576
98,123,2.486
98,124,1.94
98,125,1.756
98,126,1.262
98,127,1.13
98,128,1.403
98,129,1.911
98,130,2.054
98,131,2.298
98,132,2.4
99,1,1.354
99,2,1.282
99,3,1.172
99,4,1.18
99,5,1.21
99,6,1.297
99,7,1.156
99,8,1.075
99,9,1.04
99,10,1.102
99,11,1.129
99,12,0.908
99,13,0.922
99,14,0.998
99,15,0.764
99,16,0.788
99,17,0.872
99,18,0.622
99,19,0.653
99,20,0.751
99,21,0.603
99,22,0.465
99,23,0.519
99,24,0.713
99,25,0.33
99,26,0.387
99,27,0.519
99,28,0.257
99,29,0.403
99,30,2.265
99,31,2.16
99,32,2.084
99,33,1.898
99,34,2.202
99,35,1.975
99,36,1.93
99,37,1.8
99,38,1.958
99,39,1.928
99,40,1.784
99,41,1.692
99,42,1.868
99,43,1.792
99,44,1.712
99,45,1.56
99,46,1.91
99,47,1.807
99,48,1.746
99,49,1.808
99,50,1.694
99,51,1.664
99,52,1.595
99,53,1.696
99,54,1.552
99,55,1.49
99,56,1.425
99,57,1.473
99,58,1.451
99,59,1.366
99,60,1.304
99,61,1.352
99,62,1.648
99,63,1.617
99,64,1.476
99,65,1.683
99,66,1.626
99,67,1.406
99,68,1.556
99,69,1.408
99,70,1.344
99,71,1.398
99,72,1.362
99,73,1.215
99,74,1.384
99,75,1.192
99,76,1.044
99,77,1.222
99,78,1.07
99,79,0.992
99,80,1.082
99,81,0.99
99,82,0.858
99,83,0.95
99,84,0.84
99,85,0.726
99,86,0.736
99,87,0.813
99,88,0.739
99,89,0.716
99,90,0.581
99,91,0.486
99,92,0.642
99,93,0.476
99,94,0.325
99,95,0.195
99,96,0.701
99,97,0.608
99,98,0.378
99,99,0.068
99,100,0.162
99,101,0.314
99,102,0.63
99,103,0.446
99,104,0.312
99,105,0.268
99,106,0.432
99,107,0.441
99,108,0.8
99,109,0.685
99,110,1.18
99,111,1.086
99,112,1.019
99,113,1.155
99,114,1.057
99,115,0.862
99,116,1.103
99,117,0.954
99,118,0.801
99,119,0.938
99,120,2.238
99,121,1.75
99,122,0.51
99,123,2.626
99,124,2.177
99,125,1.993
99,126,1.492
99,127,0.758
99,128,1.031
99,129,1.539
99,130,1.943
99,131,2.187
99,132,2.441
100,1,1.424
100,2,1.352
100,3,1.25
100,4,1.159
100,5,1.14
100,6,1.367
100,7,1.226
100,8,1.145
100,9,1.098
100,10,1.031
100,11,1.059
100,12,0.982
100,13,0.852
100,14,0.928
100,15,0.835
100,16,0.718
100,17,0.82
100,18,0.7
100,19,0.582
100,20,0.698
100,21,0.695
100,22,0.581
100,23,0.449
100,24,0.66
100,25,0.446
100,26,0.316
100,27,0.454
100,28,0.186
100,29,0.318
100,30,2.335
100,31,2.231
100,32,2.154
100,33,1.976
100,34,2.273
100,35,2.046
100,36,2.006
100,37,1.878
100,38,2.029
100,39,1.998
100,40,1.855
100,41,1.77
100,42,1.938
100,43,1.862
100,44,1.782
100,45,1.63
100,46,1.945
100,47,1.843
100,48,1.734
100,49,1.753
100,50,1.772
100,51,1.699
100,52,1.616
100,53,1.642
100,54,1.63
100,55,1.526
100,56,1.46
100,57,1.433
100,58,1.529
100,59,1.444
100,60,1.34
100,61,1.282
100,62,1.718
100,63,1.687
100,64,1.547
100,65,1.758
100,66,1.701
100,67,1.476
100,68,1.632
100,69,1.484
100,70,1.419
100,71,1.514
100,72,1.478
100,73,1.323
100,74,1.5
100,75,1.308
100,76,1.16
100,77,1.282
100,78,1.14
100,79,1.062
100,80,1.189
100,81,1.04
100,82,0.908
100,83,1.067
100,84,0.943
100,85,0.807
100,86,0.85
100,87,0.929
100,88,0.856
100,89,0.832
100,90,0.697
100,91,0.602
100,92,0.758
100,93,0.592
100,94,0.441
100,95,0.311
100,96,0.794
100,97,0.724
100,98,0.54
100,99,0.162
100,100,0.067
100,101,0.172
100,102,0.724
100,103,0.54
100,104,0.406
100,105,0.272
100,106,0.331
100,107,0.299
100,108,0.893
100,109,0.779
100,110,1.296
100,111,1.202
100,112,1.135
100,113,1.272
100,114,1.173
100,115,0.978
100,116,1.219
100,117,1.07
100,118,0.917
100,119,1.032
100,120,2.308
100,121,1.867
100,122,0.604
100,123,2.696
100,124,2.293
100,125,2.109
100,126,1.596
100,127,0.673
100,128,0.947
100,129,1.455
100,130,1.979
100,131,2.223
100,132,2.519
101,1,1.495
101,2,1.424
101,3,1.321
101,4,1.236
101,5,1.217
101,6,1.439
101,7,1.298
101,8,1.217
101,9,1.174
101,10,1.109
101,11,1.07
101,12,1.055
101,13,0.929
101,14,0.93
101,15,0.908
101,16,0.795
101,17,0.76
101,18,0.771
101,19,0.66
101,20,0.638
101,21,0.775
101,22,0.68
101,23,0.526
101,24,0.593
101,25,0.545
101,26,0.415
101,27,0.357
101,28,0.285
101,29,0.221
101,30,2.406
101,31,2.302
101,32,2.226
101,33,2.048
101,34,2.344
101,35,2.117
101,36,2.078
101,37,1.95
101,38,2.1
101,39,2.07
101,40,1.926
101,41,1.841
101,42,2.01
101,43,1.933
101,44,1.853
101,45,1.702
101,46,2.022
101,47,1.919
101,48,1.812
101,49,1.83
101,50,1.843
101,51,1.776
101,52,1.693
101,53,1.719
101,54,1.702
101,55,1.602
101,56,1.537
101,57,1.51
101,58,1.6
101,59,1.516
101,60,1.416
101,61,1.359
101,62,1.79
101,63,1.759
101,64,1.618
101,65,1.83
101,66,1.773
101,67,1.548
101,68,1.703
101,69,1.555
101,70,1.491
101,71,1.613
101,72,1.577
101,73,1.394
101,74,1.599
101,75,1.406
101,76,1.259
101,77,1.354
101,78,1.211
101,79,1.133
101,80,1.26
101,81,1.112
101,82,0.98
101,83,1.156
101,84,1.023
101,85,0.887
101,86,0.937
101,87,1.028
101,88,0.954
101,89,0.93
101,90,0.796
101,91,0.701
101,92,0.857
101,93,0.691
101,94,0.54
101,95,0.41
101,96,0.946
101,97,0.823
101,98,0.691
101,99,0.314
101,100,0.172
101,101,0.074
101,102,0.875
101,103,0.691
101,104,0.557
101,105,0.424
101,106,0.341
101,107,0.201
101,108,1.044
101,109,0.93
101,110,1.395
101,111,1.301
101,112,1.234
101,113,1.37
101,114,1.272
101,115,1.077
101,116,1.318
101,117,1.169
101,118,1.016
101,119,1.183
101,120,2.379
101,121,1.965
101,122,0.755
101,123,2.767
101,124,2.392
101,125,2.208
101,126,1.707
101,127,0.575
101,128,0.849
101,129,1.357
101,130,2.055
101,131,2.299
101,132,2.59
102,1,1.215
102,2,1.35
102,3,1.38
102,4,1.451
102,5,1.521
102,6,1.094
102,7,1.225
102,8,1.245
102,9,1.311
102,10,1.422
102,11,1.462
102,12,1.202
102,13,1.255
102,14,1.356
102,15,1.058
102,16,1.121
102,17,1.239
102,18,0.916
102,19,1.061
102,20,1.201
102,21,0.671
102,22,0.862
102,23,0.99
102,24,1.178
102,25,0.728
102,26,0.863
102,27,0.984
102,28,0.798
102,29,0.944
102,30,2.126
102,31,2.025
102,32,1.948
102,33,1.892
102,34,2.063
102,35,1.84
102,36,1.801
102,37,1.719
102,38,1.781
102,39,1.776
102,40,1.649
102,41,1.564
102,42,1.689
102,43,1.614
102,44,1.53
102,45,1.424
102,46,2.059
102,47,2.026
102,48,2.012
102,49,2.078
102,50,1.708
102,51,1.88
102,52,1.86
102,53,1.967
102,54,1.566
102,55,1.709
102,56,1.69
102,57,1.744
102,58,1.399
102,59,1.459
102,60,1.538
102,61,1.639
102,62,1.471
102,63,1.435
102,64,1.31
102,65,1.406
102,66,1.349
102,67,1.21
102,68,1.28
102,69,1.132
102,70,1.067
102,71,1.121
102,72,1.085
102,73,0.938
102,74,1.107
102,75,0.915
102,76,0.767
102,77,0.962
102,78,1.1
102,79,1.161
102,80,0.806
102,81,0.92
102,82,0.99
102,83,0.674
102,84,0.776
102,85,0.831
102,86,0.729
102,87,0.536
102,88,0.631
102,89,0.403
102,90,0.498
102,91,0.608
102,92,0.271
102,93,0.367
102,94,0.505
102,95,0.652
102,96,0.14
102,97,0.282
102,98,0.589
102,99,0.624
102,100,0.718
102,101,0.869
102,102,0.067
102,103,0.222
102,104,0.356
102,105,0.49
102,106,0.668
102,107,0.817
102,108,0.209
102,109,0.327
102,110,0.903
102,111,0.809
102,112,0.742
102,113,0.875
102,114,0.7
102,115,0.585
102,116,0.714
102,117,0.565
102,118,0.429
102,119,0.348
102,120,2.058
102,121,1.474
102,122,0.619
102,123,2.446
102,124,1.9
102,125,1.716
102,126,0.911
102,127,1.299
102,128,1.572
102,129,2.08
102,130,2.162
102,131,2.406
102,132,2.36
103,1,1.373
103,2,1.437
103,3,1.447
103,4,1.509
103,5,1.585
103,6,1.252
103,7,1.304
103,8,1.303
103,9,1.368
103,10,1.485
103,11,1.524
103,12,1.264
103,13,1.317
103,14,1.393
103,15,1.119
103,16,1.183
103,17,1.267
103,18,0.977
103,19,1.047
103,20,1.145
103,21,0.709
103,22,0.82
103,23,0.914
103,24,1.108
103,25,0.686
103,26,0.781
103,27,0.914
103,28,0.651
103,29,0.798
103,30,2.284
103,31,2.183
103,32,2.107
103,33,2.05
103,34,2.222
103,35,1.998
103,36,1.959
103,37,1.877
103,38,1.939
103,39,1.935
103,40,1.807
103,41,1.722
103,42,1.847
103,43,1.772
103,44,1.688
103,45,1.583
103,46,2.199
103,47,2.096
103,48,2.07
103,49,2.136
103,50,1.866
103,51,1.953
103,52,1.918
103,53,2.025
103,54,1.725
103,55,1.779
103,56,1.748
103,57,1.802
103,58,1.558
103,59,1.568
103,60,1.605
103,61,1.696
103,62,1.629
103,63,1.593
103,64,1.468
103,65,1.564
103,66,1.508
103,67,1.369
103,68,1.438
103,69,1.29
103,70,1.226
103,71,1.28
103,72,1.244
103,73,1.096
103,74,1.266
103,75,1.073
103,76,0.926
103,77,1.12
103,78,1.178
103,79,1.219
103,80,0.964
103,81,1.027
103,82,1.056
103,83,0.832
103,84,0.854
103,85,0.901
103,86,0.799
103,87,0.695
103,88,0.71
103,89,0.562
103,90,0.552
103,91,0.646
103,92,0.429
103,93,0.401
103,94,0.549
103,95,0.551
103,96,0.299
103,97,0.279
103,98,0.512
103,99,0.446
103,100,0.54
103,101,0.691
103,102,0.229
103,103,0.067
103,104,0.178
103,105,0.312
103,106,0.49
103,107,0.639
103,108,0.398
103,109,0.283
103,110,1.062
103,111,0.968
103,112,0.901
103,113,1.037
103,114,0.876
103,115,0.744
103,116,0.89
103,117,0.741
103,118,0.588
103,119,0.536
103,120,2.216
103,121,1.632
103,122,0.555
103,123,2.604
103,124,2.059
103,125,1.875
103,126,1.1
103,127,1.152
103,128,1.426
103,129,1.934
103,130,2.232
103,131,2.476
103,132,2.518
104,1,1.507
104,2,1.504
104,3,1.393
104,4,1.402
104,5,1.453
104,6,1.386
104,7,1.378
104,8,1.297
104,9,1.262
104,10,1.354
104,11,1.39
104,12,1.13
104,13,1.183
104,14,1.259
104,15,0.986
104,16,1.049
104,17,1.133
104,18,0.843
104,19,0.914
104,20,1.012
104,21,0.824
104,22,0.686
104,23,0.78
104,24,0.974
104,25,0.552
104,26,0.648
104,27,0.78
104,28,0.518
104,29,0.664
104,30,2.418
104,31,2.317
104,32,2.24
104,33,2.12
104,34,2.356
104,35,2.132
104,36,2.093
104,37,2.011
104,38,2.073
104,39,2.068
104,40,1.941
104,41,1.856
104,42,1.981
104,43,1.906
104,44,1.822
104,45,1.717
104,46,2.132
104,47,2.029
104,48,1.968
104,49,2.029
104,50,1.916
104,51,1.885
104,52,1.816
104,53,1.918
104,54,1.774
104,55,1.712
104,56,1.646
104,57,1.695
104,58,1.672
104,59,1.588
104,60,1.526
104,61,1.59
104,62,1.763
104,63,1.727
104,64,1.602
104,65,1.698
104,66,1.641
104,67,1.503
104,68,1.572
104,69,1.424
104,70,1.359
104,71,1.413
104,72,1.377
104,73,1.23
104,74,1.4
104,75,1.207
104,76,1.06
104,77,1.254
104,78,1.291
104,79,1.213
104,80,1.098
104,81,1.161
104,82,1.08
104,83,0.966
104,84,0.988
104,85,0.948
104,86,0.933
104,87,0.828
104,88,0.844
104,89,0.696
104,90,0.685
104,91,0.708
104,92,0.563
104,93,0.535
104,94,0.547
104,95,0.417
104,96,0.433
104,97,0.412
104,98,0.378
104,99,0.312
104,100,0.406
104,101,0.557
104,102,0.362
104,103,0.178
104,104,0.067
104,105,0.178
104,106,0.356
104,107,0.506
104,108,0.532
104,109,0.417
104,110,1.196
104,111,1.101
104,112,1.034
104,113,1.171
104,114,1.009
104,115,0.878
104,116,1.024
104,117,0.874
104,118,0.721
104,119,0.67
104,120,2.35
104,121,1.766
104,122,0.421
104,123,2.738
104,124,2.193
104,125,2.009
104,126,1.234
104,127,1.018
104,128,1.292
104,129,1.8
104,130,2.165
104,131,2.409
104,132,2.652
105,1,1.53
105,2,1.459
105,3,1.348
105,4,1.356
105,5,1.337
105,6,1.414
105,7,1.333
105,8,1.252
105,9,1.217
105,10,1.229
105,11,1.256
105,12,1.085
105,13,1.049
105,14,1.125
105,15,0.941
105,16,0.915
105,17,0.999
105,18,0.798
105,19,0.78
105,20,0.878
105,21,0.78
105,22,0.642
105,23,0.646
105,24,0.84
105,25,0.507
105,26,0.514
105,27,0.646
105,28,0.384
105,29,0.53
105,30,2.442
105,31,2.337
105,32,2.261
105,33,2.075
105,34,2.379
105,35,2.152
105,36,2.107
105,37,1.977
105,38,2.101
105,39,2.096
105,40,1.961
105,41,1.869
105,42,2.009
105,43,1.934
105,44,1.85
105,45,1.737
105,46,2.087
105,47,1.984
105,48,1.923
105,49,1.95
105,50,1.871
105,51,1.84
105,52,1.772
105,53,1.839
105,54,1.729
105,55,1.667
105,56,1.602
105,57,1.63
105,58,1.628
105,59,1.543
105,60,1.481
105,61,1.479
105,62,1.791
105,63,1.755
105,64,1.63
105,65,1.726
105,66,1.669
105,67,1.53
105,68,1.6
105,69,1.452
105,70,1.387
105,71,1.441
105,72,1.405
105,73,1.258
105,74,1.427
105,75,1.235
105,76,1.087
105,77,1.282
105,78,1.246
105,79,1.168
105,80,1.126
105,81,1.129
105,82,1.035
105,83,0.994
105,84,0.956
105,85,0.903
105,86,0.902
105,87,0.856
105,88,0.812
105,89,0.759
105,90,0.654
105,91,0.663
105,92,0.692
105,93,0.504
105,94,0.502
105,95,0.372
105,96,0.566
105,97,0.546
105,98,0.333
105,99,0.268
105,100,0.272
105,101,0.424
105,102,0.496
105,103,0.312
105,104,0.178
105,105,0.067
105,106,0.222
105,107,0.372
105,108,0.665
105,109,0.551
105,110,1.223
105,111,1.129
105,112,1.062
105,113,1.199
105,114,1.1
105,115,0.905
105,116,1.152
105,117,1.003
105,118,0.85
105,119,0.804
105,120,2.378
105,121,1.794
105,122,0.376
105,123,2.766
105,124,2.22
105,125,2.036
105,126,1.368
105,127,0.885
105,128,1.158
105,129,1.666
105,130,2.12
105,131,2.364
105,132,2.618
106,1,1.694
106,2,1.622
106,3,1.52
106,4,1.429
106,5,1.41
106,6,1.592
106,7,1.496
106,8,1.415
106,9,1.368
106,10,1.301
106,11,1.329
106,12,1.252
106,13,1.122
106,14,1.197
106,15,1.105
106,16,0.988
106,17,1.027
106,18,0.97
106,19,0.852
106,20,0.906
106,21,0.958
106,22,0.82
106,23,0.719
106,24,0.822
106,25,0.685
106,26,0.586
106,27,0.624
106,28,0.456
106,29,0.488
106,30,2.605
106,31,2.501
106,32,2.424
106,33,2.246
106,34,2.543
106,35,2.316
106,36,2.276
106,37,2.148
106,38,2.279
106,39,2.268
106,40,2.125
106,41,2.04
106,42,2.187
106,43,2.112
106,44,2.028
106,45,1.9
106,46,2.215
106,47,2.113
106,48,2.004
106,49,2.023
106,50,2.042
106,51,1.969
106,52,1.886
106,53,1.912
106,54,1.9
106,55,1.796
106,56,1.73
106,57,1.703
106,58,1.799
106,59,1.714
106,60,1.61
106,61,1.552
106,62,1.969
106,63,1.933
106,64,1.808
106,65,1.904
106,66,1.847
106,67,1.708
106,68,1.778
106,69,1.63
106,70,1.565
106,71,1.619
106,72,1.583
106,73,1.436
106,74,1.605
106,75,1.413
106,76,1.265
106,77,1.46
106,78,1.41
106,79,1.332
106,80,1.304
106,81,1.307
106,82,1.178
106,83,1.172
106,84,1.134
106,85,1.077
106,86,1.08
106,87,1.034
106,88,0.99
106,89,0.937
106,90,0.832
106,91,0.841
106,92,0.87
106,93,0.682
106,94,0.68
106,95,0.55
106,96,0.744
106,97,0.724
106,98,0.511
106,99,0.432
106,100,0.331
106,101,0.341
106,102,0.674
106,103,0.49
106,104,0.356
106,105,0.222
106,106,0.067
106,107,0.194
106,108,0.843
106,109,0.729
106,110,1.401
106,111,1.307
106,112,1.24
106,113,1.377
106,114,1.278
106,115,1.083
106,116,1.33
106,117,1.181
106,118,1.028
106,119,0.982
106,120,2.556
106,121,1.972
106,122,0.554
106,123,2.944
106,124,2.398
106,125,2.214
106,126,1.546
106,127,0.793
106,128,1.067
106,129,1.574
106,130,2.249
106,131,2.493
106,132,2.789
107,1,1.622
107,2,1.551
107,3,1.448
107,4,1.363
107,5,1.344
107,6,1.566
107,7,1.425
107,8,1.344
107,9,1.301
107,10,1.236
107,11,1.197
107,12,1.182
107,13,1.056
107,14,1.057
107,15,1.035
107,16,0.922
107,17,0.887
107,18,0.898
107,19,0.787
107,20,0.766
107,21,0.902
107,22,0.807
107,23,0.653
107,24,0.682
107,25,0.672
107,26,0.542
107,27,0.484
107,28,0.412
107,29,0.348
107,30,2.534
107,31,2.429
107,32,2.353
107,33,2.175
107,34,2.471
107,35,2.244
107,36,2.205
107,37,2.077
107,38,2.227
107,39,2.197
107,40,2.053
107,41,1.968
107,42,2.137
107,43,2.06
107,44,1.98
107,45,1.829
107,46,2.149
107,47,2.046
107,48,1.939
107,49,1.958
107,50,1.97
107,51,1.903
107,52,1.82
107,53,1.846
107,54,1.829
107,55,1.729
107,56,1.664
107,57,1.638
107,58,1.727
107,59,1.643
107,60,1.544
107,61,1.486
107,62,1.917
107,63,1.886
107,64,1.745
107,65,1.957
107,66,1.9
107,67,1.675
107,68,1.83
107,69,1.682
107,70,1.618
107,71,1.74
107,72,1.704
107,73,1.522
107,74,1.726
107,75,1.534
107,76,1.386
107,77,1.481
107,78,1.338
107,79,1.26
107,80,1.387
107,81,1.239
107,82,1.107
107,83,1.284
107,84,1.15
107,85,1.014
107,86,1.064
107,87,1.155
107,88,1.081
107,89,1.058
107,90,0.923
107,91,0.828
107,92,0.984
107,93,0.818
107,94,0.667
107,95,0.537
107,96,0.894
107,97,0.874
107,98,0.66
107,99,0.441
107,100,0.299
107,101,0.201
107,102,0.824
107,103,0.639
107,104,0.506
107,105,0.372
107,106,0.194
107,107,0.074
107,108,0.993
107,109,0.878
107,110,1.522
107,111,1.428
107,112,1.361
107,113,1.497
107,114,1.399
107,115,1.204
107,116,1.445
107,117,1.296
107,118,1.143
107,119,1.131
107,120,2.506
107,121,2.092
107,122,0.703
107,123,2.894
107,124,2.519
107,125,2.335
107,126,1.695
107,127,0.653
107,128,0.927
107,129,1.434
107,130,2.182
107,131,2.426
107,132,2.718
108,1,1.385
108,2,1.52
108,3,1.55
108,4,1.621
108,5,1.691
108,6,1.264
108,7,1.395
108,8,1.415
108,9,1.481
108,10,1.592
108,11,1.632
108,12,1.373
108,13,1.425
108,14,1.526
108,15,1.228
108,16,1.291
108,17,1.409
108,18,1.086
108,19,1.231
108,20,1.371
108,21,0.841
108,22,1.033
108,23,1.161
108,24,1.348
108,25,0.898
108,26,1.034
108,27,1.154
108,28,0.968
108,29,1.114
108,30,2.296
108,31,2.195
108,32,2.118
108,33,2.062
108,34,2.234
108,35,2.01
108,36,1.971
108,37,1.889
108,38,1.951
108,39,1.946
108,40,1.819
108,41,1.734
108,42,1.859
108,43,1.784
108,44,1.7
108,45,1.595
108,46,2.229
108,47,2.196
108,48,2.182
108,49,2.249
108,50,1.878
108,51,2.05
108,52,2.031
108,53,2.137
108,54,1.737
108,55,1.879
108,56,1.861
108,57,1.914
108,58,1.569
108,59,1.629
108,60,1.708
108,61,1.809
108,62,1.641
108,63,1.605
108,64,1.48
108,65,1.576
108,66,1.519
108,67,1.381
108,68,1.45
108,69,1.302
108,70,1.237
108,71,1.291
108,72,1.255
108,73,1.108
108,74,1.278
108,75,1.085
108,76,0.938
108,77,1.132
108,78,1.27
108,79,1.332
108,80,0.976
108,81,1.09
108,82,1.16
108,83,0.844
108,84,0.946
108,85,1.001
108,86,0.899
108,87,0.706
108,88,0.801
108,89,0.574
108,90,0.668
108,91,0.778
108,92,0.441
108,93,0.537
108,94,0.675
108,95,0.822
108,96,0.311
108,97,0.452
108,98,0.759
108,99,0.794
108,100,0.888
108,101,1.039
108,102,0.202
108,103,0.392
108,104,0.526
108,105,0.66
108,106,0.838
108,107,0.987
108,108,0.065
108,109,0.379
108,110,1.074
108,111,0.979
108,112,0.912
108,113,1.045
108,114,0.87
108,115,0.756
108,116,0.884
108,117,0.735
108,118,0.599
108,119,0.374
108,120,2.228
108,121,1.644
108,122,0.51
108,123,2.616
108,124,2.071
108,125,1.887
108,126,1.081
108,127,1.469
108,128,1.743
108,129,2.25
108,130,2.332
108,131,2.576
108,132,2.53
109,1,1.478
109,2,1.542
109,3,1.551
109,4,1.613
109,5,1.689
109,6,1.357
109,7,1.409
109,8,1.407
109,9,1.473
109,10,1.59
109,11,1.63
109,12,1.369
109,13,1.423
109,14,1.524
109,15,1.226
109,16,1.289
109,17,1.407
109,18,1.084
109,19,1.229
109,20,1.364
109,21,0.814
109,22,1.011
109,23,1.133
109,24,1.327
109,25,0.877
109,26,1.012
109,27,1.133
109,28,0.89
109,29,1.036
109,30,2.388
109,31,2.288
109,32,2.211
109,33,2.154
109,34,2.326
109,35,2.103
109,36,2.064
109,37,1.982
109,38,2.044
109,39,2.039
109,40,1.912
109,41,1.827
109,42,1.952
109,43,1.877
109,44,1.792
109,45,1.687
109,46,2.303
109,47,2.201
109,48,2.174
109,49,2.241
109,50,1.971
109,51,2.057
109,52,2.023
109,53,2.129
109,54,1.829
109,55,1.884
109,56,1.853
109,57,1.906
109,58,1.662
109,59,1.672
109,60,1.709
109,61,1.801
109,62,1.734
109,63,1.698
109,64,1.573
109,65,1.669
109,66,1.612
109,67,1.473
109,68,1.542
109,69,1.394
109,70,1.33
109,71,1.384
109,72,1.348
109,73,1.201
109,74,1.37
109,75,1.178
109,76,1.03
109,77,1.225
109,78,1.283
109,79,1.324
109,80,1.069
109,81,1.131
109,82,1.16
109,83,0.937
109,84,0.959
109,85,1.006
109,86,0.904
109,87,0.799
109,88,0.814
109,89,0.666
109,90,0.656
109,91,0.75
109,92,0.534
109,93,0.506
109,94,0.654
109,95,0.789
109,96,0.403
109,97,0.383
109,98,0.717
109,99,0.685
109,100,0.779
109,101,0.93
109,102,0.333
109,103,0.283
109,104,0.417
109,105,0.551
109,106,0.729
109,107,0.878
109,108,0.379
109,109,0.069
109,110,1.166
109,111,1.072
109,112,1.005
109,113,1.142
109,114,0.98
109,115,0.848
109,116,0.994
109,117,0.845
109,118,0.692
109,119,0.641
109,120,2.321
109,121,1.737
109,122,0.329
109,123,2.709
109,124,2.163
109,125,1.979
109,126,1.205
109,127,1.391
109,128,1.665
109,129,2.172
109,130,2.337
109,131,2.581
109,132,2.623
110,1,1.05
110,2,1.186
110,3,1.284
110,4,1.376
110,5,1.47
110,6,0.93
110,7,1.061
110,8,1.163
110,9,1.236
110,10,1.37
110,11,1.459
110,12,1.132
110,13,1.253
110,14,1.354
110,15,1.001
110,16,1.137
110,17,1.269
110,18,0.945
110,19,1.09
110,20,1.23
110,21,0.878
110,22,1.02
110,23,1.132
110,24,1.331
110,25,0.949
110,26,1.084
110,27,1.247
110,28,1.115
110,29,1.261
110,30,1.592
110,31,1.555
110,32,1.478
110,33,1.57
110,34,1.53
110,35,1.364
110,36,1.331
110,37,1.398
110,38,1.248
110,39,1.268
110,40,1.2
110,41,1.243
110,42,1.157
110,43,1.081
110,44,1.032
110,45,1.116
110,46,1.761
110,47,1.862
110,48,1.875
110,49,1.961
110,50,1.539
110,51,1.714
110,52,1.723
110,53,1.87
110,54,1.402
110,55,1.521
110,56,1.553
110,57,1.662
110,58,1.235
110,59,1.295
110,60,1.419
110,61,1.561
110,62,0.937
110,63,0.92
110,64,0.997
110,65,0.821
110,66,0.764
110,67,0.81
110,68,0.695
110,69,0.666
110,70,0.666
110,71,0.529
110,72,0.493
110,73,0.578
110,74,0.642
110,75,0.32
110,76,0.503
110,77,0.798
110,78,0.951
110,79,1.084
110,80,0.642
110,81,0.756
110,82,0.886
110,83,0.51
110,84,0.709
110,85,0.78
110,86,0.786
110,87,0.538
110,88,0.688
110,89,0.503
110,90,0.696
110,91,0.815
110,92,0.638
110,93,0.701
110,94,0.822
110,95,0.969
110,96,0.857
110,97,0.832
110,98,0.922
110,99,1.141
110,100,1.257
110,101,1.356
110,102,0.905
110,103,1.063
110,104,1.197
110,105,1.203
110,106,1.381
110,107,1.483
110,108,1.074
110,109,1.167
110,110,0.066
110,111,0.186
110,112,0.335
110,113,0.352
110,114,0.254
110,115,0.363
110,116,0.535
110,117,0.386
110,118,0.536
110,119,0.722
110,120,1.527
110,121,0.726
110,122,1.445
110,123,1.832
110,124,1.266
110,125,0.888
110,126,0.805
110,127,1.616
110,128,1.89
110,129,2.386
110,130,1.998
110,131,2.242
110,132,1.875
111,1,0.938
111,2,1.073
111,3,1.188
111,4,1.28
111,5,1.373
111,6,0.817
111,7,0.95
111,8,1.066
111,9,1.139
111,10,1.273
111,11,1.362
111,12,1.035
111,13,1.156
111,14,1.257
111,15,0.904
111,16,1.04
111,17,1.172
111,18,0.849
111,19,0.994
111,20,1.134
111,21,0.784
111,22,0.924
111,23,1.035
111,24,1.234
111,25,0.854
111,26,0.99
111,27,1.153
111,28,1.021
111,29,1.167
111,30,1.442
111,31,1.405
111,32,1.328
111,33,1.45
111,34,1.38
111,35,1.214
111,36,1.181
111,37,1.277
111,38,1.098
111,39,1.118
111,40,1.05
111,41,1.122
111,42,1.007
111,43,0.931
111,44,0.882
111,45,0.995
111,46,1.64
111,47,1.746
111,48,1.762
111,49,1.848
111,50,1.418
111,51,1.593
111,52,1.61
111,53,1.757
111,54,1.29
111,55,1.4
111,56,1.44
111,57,1.55
111,58,1.122
111,59,1.182
111,60,1.306
111,61,1.448
111,62,0.787
111,63,0.77
111,64,0.876
111,65,0.671
111,66,0.614
111,67,0.689
111,68,0.545
111,69,0.516
111,70,0.545
111,71,0.379
111,72,0.343
111,73,0.457
111,74,0.521
111,75,0.17
111,76,0.406
111,77,0.691
111,78,0.854
111,79,0.987
111,80,0.545
111,81,0.659
111,82,0.79
111,83,0.413
111,84,0.612
111,85,0.683
111,86,0.691
111,87,0.442
111,88,0.593
111,89,0.409
111,90,0.602
111,91,0.72
111,92,0.543
111,93,0.607
111,94,0.728
111,95,0.875
111,96,0.763
111,97,0.738
111,98,0.828
111,99,1.047
111,100,1.163
111,101,1.262
111,102,0.811
111,103,0.969
111,104,1.102
111,105,1.108
111,106,1.286
111,107,1.389
111,108,0.98
111,109,1.073
111,110,0.186
111,111,0.07
111,112,0.239
111,113,0.258
111,114,0.159
111,115,0.269
111,116,0.441
111,117,0.292
111,118,0.442
111,119,0.628
111,120,1.377
111,121,0.733
111,122,1.351
111,123,1.725
111,124,1.16
111,125,1.022
111,126,0.799
111,127,1.522
111,128,1.795
111,129,2.292
111,130,1.885
111,131,2.114
111,132,1.725
112,1,0.772
112,2,0.908
112,3,1.006
112,4,1.098
112,5,1.192
112,6,0.652
112,7,0.783
112,8,0.885
112,9,0.958
112,10,1.092
112,11,1.181
112,12,0.854
112,13,0.975
112,14,1.076
112,15,0.723
112,16,0.859
112,17,0.991
112,18,0.667
112,19,0.812
112,20,0.952
112,21,0.666
112,22,0.742
112,23,0.854
112,24,1.053
112,25,0.788
112,26,0.923
112,27,1.071
112,28,0.954
112,29,1.1
112,30,1.583
112,31,1.482
112,32,1.406
112,33,1.349
112,34,1.521
112,35,1.297
112,36,1.258
112,37,1.176
112,38,1.238
112,39,1.234
112,40,1.106
112,41,1.021
112,42,1.146
112,43,1.071
112,44,0.987
112,45,0.882
112,46,1.54
112,47,1.584
112,48,1.597
112,49,1.683
112,50,1.266
112,51,1.437
112,52,1.445
112,53,1.592
112,54,1.124
112,55,1.267
112,56,1.275
112,57,1.384
112,58,0.957
112,59,1.017
112,60,1.141
112,61,1.283
112,62,0.928
112,63,0.892
112,64,0.767
112,65,0.83
112,66,0.773
112,67,0.668
112,68,0.704
112,69,0.589
112,70,0.524
112,71,0.538
112,72,0.502
112,73,0.395
112,74,0.524
112,75,0.332
112,76,0.225
112,77,0.52
112,78,0.673
112,79,0.806
112,80,0.364
112,81,0.478
112,82,0.608
112,83,0.232
112,84,0.431
112,85,0.502
112,86,0.518
112,87,0.26
112,88,0.453
112,89,0.342
112,90,0.535
112,91,0.654
112,92,0.476
112,93,0.54
112,94,0.661
112,95,0.808
112,96,0.696
112,97,0.671
112,98,0.761
112,99,0.98
112,100,1.096
112,101,1.195
112,102,0.744
112,103,0.902
112,104,1.036
112,105,1.042
112,106,1.22
112,107,1.322
112,108,0.913
112,109,1.006
112,110,0.335
112,111,0.239
112,112,0.064
112,113,0.369
112,114,0.27
112,115,0.344
112,116,0.552
112,117,0.403
112,118,0.496
112,119,0.739
112,120,1.515
112,121,0.891
112,122,1.284
112,123,1.883
112,124,1.318
112,125,1.134
112,126,0.91
112,127,1.455
112,128,1.728
112,129,2.207
112,130,1.72
112,131,1.964
112,132,1.817
113,1,1.084
113,2,1.22
113,3,1.318
113,4,1.41
113,5,1.503
113,6,0.964
113,7,1.095
113,8,1.196
113,9,1.27
113,10,1.404
113,11,1.493
113,12,1.166
113,13,1.287
113,14,1.387
113,15,1.035
113,16,1.152
113,17,1.271
113,18,0.948
113,19,1.092
113,20,1.233
113,21,0.853
113,22,1.022
113,23,1.134
113,24,1.333
113,25,0.924
113,26,1.06
113,27,1.222
113,28,1.09
113,29,1.236
113,30,1.665
113,31,1.628
113,32,1.551
113,33,1.637
113,34,1.602
113,35,1.437
113,36,1.403
113,37,1.464
113,38,1.32
113,39,1.341
113,40,1.273
113,41,1.309
113,42,1.23
113,43,1.153
113,44,1.105
113,45,1.182
113,46,1.828
113,47,1.896
113,48,1.908
113,49,1.995
113,50,1.578
113,51,1.749
113,52,1.757
113,53,1.903
113,54,1.436
113,55,1.578
113,56,1.587
113,57,1.696
113,58,1.269
113,59,1.329
113,60,1.453
113,61,1.594
113,62,1.01
113,63,0.992
113,64,1.064
113,65,0.894
113,66,0.837
113,67,0.876
113,68,0.767
113,69,0.739
113,70,0.732
113,71,0.602
113,72,0.566
113,73,0.644
113,74,0.708
113,75,0.393
113,76,0.536
113,77,0.831
113,78,0.984
113,79,1.118
113,80,0.675
113,81,0.79
113,82,0.92
113,83,0.543
113,84,0.743
113,85,0.814
113,86,0.761
113,87,0.554
113,88,0.663
113,89,0.478
113,90,0.671
113,91,0.79
113,92,0.613
113,93,0.676
113,94,0.797
113,95,0.944
113,96,0.832
113,97,0.808
113,98,0.898
113,99,1.116
113,100,1.233
113,101,1.331
113,102,0.875
113,103,1.038
113,104,1.172
113,105,1.178
113,106,1.356
113,107,1.458
113,108,1.045
113,109,1.143
113,110,0.352
113,111,0.258
113,112,0.369
113,113,0.067
113,114,0.209
113,115,0.338
113,116,0.358
113,117,0.341
113,118,0.492
113,119,0.678
113,120,1.599
113,121,0.955
113,122,1.421
113,123,1.947
113,124,1.382
113,125,1.189
113,126,0.587
113,127,1.591
113,128,1.865
113,129,2.362
113,130,2.031
113,131,2.275
113,132,1.948
114,1,0.986
114,2,1.121
114,3,1.22
114,4,1.311
114,5,1.405
114,6,0.865
114,7,0.996
114,8,1.098
114,9,1.171
114,10,1.305
114,11,1.394
114,12,1.067
114,13,1.188
114,14,1.289
114,15,0.936
114,16,1.054
114,17,1.172
114,18,0.849
114,19,0.994
114,20,1.134
114,21,0.755
114,22,0.924
114,23,1.036
114,24,1.235
114,25,0.825
114,26,0.961
114,27,1.124
114,28,0.992
114,29,1.138
114,30,1.566
114,31,1.529
114,32,1.452
114,33,1.538
114,34,1.504
114,35,1.338
114,36,1.305
114,37,1.365
114,38,1.221
114,39,1.242
114,40,1.174
114,41,1.21
114,42,1.131
114,43,1.054
114,44,1.006
114,45,1.083
114,46,1.729
114,47,1.797
114,48,1.81
114,49,1.896
114,50,1.479
114,51,1.65
114,52,1.658
114,53,1.805
114,54,1.337
114,55,1.48
114,56,1.488
114,57,1.598
114,58,1.17
114,59,1.23
114,60,1.354
114,61,1.496
114,62,0.911
114,63,0.893
114,64,0.965
114,65,0.795
114,66,0.738
114,67,0.777
114,68,0.668
114,69,0.64
114,70,0.634
114,71,0.503
114,72,0.467
114,73,0.545
114,74,0.609
114,75,0.294
114,76,0.438
114,77,0.733
114,78,0.886
114,79,1.019
114,80,0.577
114,81,0.691
114,82,0.821
114,83,0.445
114,84,0.644
114,85,0.715
114,86,0.662
114,87,0.456
114,88,0.564
114,89,0.38
114,90,0.572
114,91,0.691
114,92,0.451
114,93,0.578
114,94,0.698
114,95,0.846
114,96,0.671
114,97,0.709
114,98,0.799
114,99,1.018
114,100,1.134
114,101,1.233
114,102,0.7
114,103,0.877
114,104,1.01
114,105,1.079
114,106,1.257
114,107,1.36
114,108,0.87
114,109,0.981
114,110,0.254
114,111,0.159
114,112,0.27
114,113,0.209
114,114,0.066
114,115,0.24
114,116,0.315
114,117,0.166
114,118,0.316
114,119,0.503
114,120,1.5
114,121,0.857
114,122,1.274
114,123,1.848
114,124,1.283
114,125,1.09
114,126,0.75
114,127,1.492
114,128,1.766
114,129,2.263
114,130,1.933
114,131,2.177
114,132,1.849
115,1,0.924
115,2,1.059
115,3,1.118
115,4,1.19
115,5,1.26
115,6,0.803
115,7,0.934
115,8,0.983
115,9,1.049
115,10,1.16
115,11,1.2
115,12,0.941
115,13,0.993
115,14,1.094
115,15,0.796
115,16,0.859
115,17,0.978
115,18,0.654
115,19,0.799
115,20,0.939
115,21,0.56
115,22,0.729
115,23,0.841
115,24,1.04
115,25,0.631
115,26,0.766
115,27,0.929
115,28,0.797
115,29,0.943
115,30,1.675
115,31,1.638
115,32,1.562
115,33,1.526
115,34,1.613
115,35,1.448
115,36,1.414
115,37,1.353
115,38,1.331
115,39,1.351
115,40,1.283
115,41,1.198
115,42,1.24
115,43,1.164
115,44,1.116
115,45,1.058
115,46,1.716
115,47,1.735
115,48,1.748
115,49,1.817
115,50,1.417
115,51,1.588
115,52,1.596
115,53,1.705
115,54,1.275
115,55,1.418
115,56,1.426
115,57,1.482
115,58,1.108
115,59,1.168
115,60,1.276
115,61,1.377
115,62,1.02
115,63,1.003
115,64,0.944
115,65,0.904
115,66,0.847
115,67,0.844
115,68,0.778
115,69,0.749
115,70,0.701
115,71,0.612
115,72,0.576
115,73,0.572
115,74,0.683
115,75,0.404
115,76,0.401
115,77,0.671
115,78,0.824
115,79,0.9
115,80,0.515
115,81,0.629
115,82,0.728
115,83,0.383
115,84,0.514
115,85,0.569
115,86,0.468
115,87,0.261
115,88,0.37
115,89,0.185
115,90,0.378
115,91,0.497
115,92,0.32
115,93,0.383
115,94,0.504
115,95,0.651
115,96,0.539
115,97,0.514
115,98,0.604
115,99,0.823
115,100,0.939
115,101,1.038
115,102,0.587
115,103,0.745
115,104,0.879
115,105,0.885
115,106,1.063
115,107,1.165
115,108,0.756
115,109,0.849
115,110,0.363
115,111,0.269
115,112,0.344
115,113,0.338
115,114,0.24
115,115,0.065
115,116,0.521
115,117,0.372
115,118,0.275
115,119,0.682
115,120,1.61
115,121,0.966
115,122,1.127
115,123,1.958
115,124,1.393
115,125,1.2
115,126,0.879
115,127,1.298
115,128,1.572
115,129,2.068
115,130,1.871
115,131,2.115
115,132,1.958
116,1,1.267
116,2,1.402
116,3,1.501
116,4,1.593
116,5,1.681
116,6,1.146
116,7,1.277
116,8,1.379
116,9,1.452
116,10,1.582
116,11,1.622
116,12,1.348
116,13,1.415
116,14,1.516
116,15,1.218
116,16,1.281
116,17,1.399
116,18,1.076
116,19,1.221
116,20,1.361
116,21,0.875
116,22,1.081
116,23,1.195
116,24,1.443
116,25,0.946
116,26,1.082
116,27,1.244
116,28,1.086
116,29,1.232
116,30,1.847
116,31,1.81
116,32,1.734
116,33,1.819
116,34,1.785
116,35,1.62
116,36,1.586
116,37,1.646
116,38,1.503
116,39,1.523
116,40,1.455
116,41,1.492
116,42,1.412
116,43,1.336
116,44,1.288
116,45,1.365
116,46,2.01
116,47,2.078
116,48,2.091
116,49,2.178
116,50,1.76
116,51,1.932
116,52,1.94
116,53,2.086
116,54,1.619
116,55,1.761
116,56,1.77
116,57,1.879
116,58,1.451
116,59,1.511
116,60,1.635
116,61,1.777
116,62,1.192
116,63,1.175
116,64,1.246
116,65,1.076
116,66,1.019
116,67,1.058
116,68,0.95
116,69,0.921
116,70,0.915
116,71,0.784
116,72,0.748
116,73,0.826
116,74,0.89
116,75,0.576
116,76,0.719
116,77,1.014
116,78,1.167
116,79,1.3
116,80,0.858
116,81,0.972
116,82,1.103
116,83,0.726
116,84,0.926
116,85,0.991
116,86,0.889
116,87,0.683
116,88,0.791
116,89,0.553
116,90,0.693
116,91,0.812
116,92,0.466
116,93,0.655
116,94,0.793
116,95,0.94
116,96,0.685
116,97,0.787
116,98,0.877
116,99,1.112
116,100,1.228
116,101,1.327
116,102,0.714
116,103,0.891
116,104,1.025
116,105,1.157
116,106,1.335
116,107,1.454
116,108,0.884
116,109,0.995
116,110,0.535
116,111,0.441
116,112,0.552
116,113,0.358
116,114,0.315
116,115,0.521
116,116,0.067
116,117,0.18
116,118,0.331
116,119,0.517
116,120,1.782
116,121,1.038
116,122,1.288
116,123,2.126
116,124,1.56
116,125,1.178
116,126,0.524
116,127,1.587
116,128,1.861
116,129,2.368
116,130,2.214
116,131,2.458
116,132,2.13
117,1,1.118
117,2,1.253
117,3,1.352
117,4,1.444
117,5,1.532
117,6,0.997
117,7,1.128
117,8,1.23
117,9,1.303
117,10,1.432
117,11,1.472
117,12,1.199
117,13,1.266
117,14,1.366
117,15,1.068
117,16,1.132
117,17,1.25
117,18,0.927
117,19,1.072
117,20,1.212
117,21,0.726
117,22,0.932
117,23,1.046
117,24,1.294
117,25,0.797
117,26,0.932
117,27,1.095
117,28,0.937
117,29,1.083
117,30,1.698
117,31,1.661
117,32,1.584
117,33,1.67
117,34,1.636
117,35,1.47
117,36,1.437
117,37,1.497
117,38,1.354
117,39,1.374
117,40,1.306
117,41,1.343
117,42,1.263
117,43,1.187
117,44,1.138
117,45,1.216
117,46,1.861
117,47,1.929
117,48,1.942
117,49,2.028
117,50,1.611
117,51,1.783
117,52,1.79
117,53,1.937
117,54,1.47
117,55,1.612
117,56,1.62
117,57,1.73
117,58,1.302
117,59,1.362
117,60,1.486
117,61,1.628
117,62,1.043
117,63,1.026
117,64,1.097
117,65,0.927
117,66,0.87
117,67,0.909
117,68,0.801
117,69,0.772
117,70,0.766
117,71,0.635
117,72,0.599
117,73,0.677
117,74,0.741
117,75,0.426
117,76,0.57
117,77,0.865
117,78,1.018
117,79,1.151
117,80,0.709
117,81,0.823
117,82,0.954
117,83,0.577
117,84,0.776
117,85,0.842
117,86,0.74
117,87,0.534
117,88,0.642
117,89,0.404
117,90,0.544
117,91,0.663
117,92,0.316
117,93,0.506
117,94,0.644
117,95,0.791
117,96,0.536
117,97,0.638
117,98,0.728
117,99,0.963
117,100,1.079
117,101,1.178
117,102,0.565
117,103,0.742
117,104,0.876
117,105,1.008
117,106,1.186
117,107,1.305
117,108,0.735
117,109,0.846
117,110,0.386
117,111,0.292
117,112,0.403
117,113,0.341
117,114,0.166
117,115,0.372
117,116,0.18
117,117,0.067
117,118,0.182
117,119,0.368
117,120,1.633
117,121,0.989
117,122,1.139
117,123,1.981
117,124,1.416
117,125,1.223
117,126,0.659
117,127,1.438
117,128,1.712
117,129,2.219
117,130,2.065
117,131,2.309
117,132,1.981
118,1,1.043
118,2,1.178
118,3,1.238
118,4,1.309
118,5,1.379
118,6,0.922
118,7,1.053
118,8,1.103
118,9,1.168
118,10,1.279
118,11,1.319
118,12,1.06
118,13,1.113
118,14,1.213
118,15,0.916
118,16,0.978
118,17,1.097
118,18,0.774
118,19,0.918
118,20,1.059
118,21,0.573
118,22,0.778
118,23,0.892
118,24,1.141
118,25,0.644
118,26,0.779
118,27,0.942
118,28,0.784
118,29,0.93
118,30,1.849
118,31,1.778
118,32,1.702
118,33,1.645
118,34,1.786
118,35,1.593
118,36,1.554
118,37,1.472
118,38,1.504
118,39,1.525
118,40,1.402
118,41,1.317
118,42,1.414
118,43,1.337
118,44,1.283
118,45,1.178
118,46,1.836
118,47,1.854
118,48,1.867
118,49,1.936
118,50,1.536
118,51,1.708
118,52,1.716
118,53,1.825
118,54,1.395
118,55,1.537
118,56,1.546
118,57,1.602
118,58,1.227
118,59,1.287
118,60,1.395
118,61,1.496
118,62,1.194
118,63,1.176
118,64,1.063
118,65,1.078
118,66,1.021
118,67,0.964
118,68,0.951
118,69,0.885
118,70,0.82
118,71,0.786
118,72,0.75
118,73,0.691
118,74,0.861
118,75,0.577
118,76,0.521
118,77,0.79
118,78,0.943
118,79,1.019
118,80,0.634
118,81,0.748
118,82,0.847
118,83,0.502
118,84,0.633
118,85,0.689
118,86,0.587
118,87,0.38
118,88,0.489
118,89,0.251
118,90,0.391
118,91,0.51
118,92,0.163
118,93,0.353
118,94,0.491
118,95,0.638
118,96,0.383
118,97,0.485
118,98,0.575
118,99,0.81
118,100,0.926
118,101,1.025
118,102,0.431
118,103,0.589
118,104,0.722
118,105,0.855
118,106,1.033
118,107,1.152
118,108,0.6
118,109,0.693
118,110,0.536
118,111,0.442
118,112,0.496
118,113,0.492
118,114,0.316
118,115,0.275
118,116,0.331
118,117,0.182
118,118,0.066
118,119,0.502
118,120,1.783
118,121,1.139
118,122,0.986
118,123,2.131
118,124,1.566
118,125,1.373
118,126,0.809
118,127,1.285
118,128,1.558
118,129,2.066
118,130,1.99
118,131,2.234
118,132,2.113
119,1,1.451
119,2,1.586
119,3,1.63
119,4,1.702
119,5,1.772
119,6,1.33
119,7,1.461
119,8,1.495
119,9,1.561
119,10,1.672
119,11,1.712
119,12,1.453
119,13,1.505
119,14,1.606
119,15,1.308
119,16,1.371
119,17,1.49
119,18,1.166
119,19,1.311
119,20,1.451
119,21,0.931
119,22,1.122
119,23,1.25
119,24,1.438
119,25,0.988
119,26,1.123
119,27,1.244
119,28,1.058
119,29,1.204
119,30,2.035
119,31,1.998
119,32,1.921
119,33,2.007
119,34,1.973
119,35,1.807
119,36,1.774
119,37,1.834
119,38,1.69
119,39,1.711
119,40,1.643
119,41,1.679
119,42,1.6
119,43,1.523
119,44,1.475
119,45,1.552
119,46,2.198
119,47,2.262
119,48,2.262
119,49,2.329
119,50,1.944
119,51,2.116
119,52,2.111
119,53,2.217
119,54,1.803
119,55,1.945
119,56,1.941
119,57,1.994
119,58,1.635
119,59,1.695
119,60,1.788
119,61,1.889
119,62,1.38
119,63,1.362
119,64,1.434
119,65,1.264
119,66,1.207
119,67,1.246
119,68,1.137
119,69,1.109
119,70,1.103
119,71,0.972
119,72,0.936
119,73,1.014
119,74,1.078
119,75,0.763
119,76,0.907
119,77,1.198
119,78,1.35
119,79,1.412
119,80,1.042
119,81,1.156
119,82,1.24
119,83,0.91
119,84,1.026
119,85,1.081
119,86,0.98
119,87,0.787
119,88,0.882
119,89,0.654
119,90,0.763
119,91,0.868
119,92,0.521
119,93,0.627
119,94,0.765
119,95,0.912
119,96,0.453
119,97,0.594
119,98,0.849
119,99,0.936
119,100,1.03
119,101,1.181
119,102,0.345
119,103,0.535
119,104,0.668
119,105,0.802
119,106,0.98
119,107,1.13
119,108,0.374
119,109,0.639
119,110,0.722
119,111,0.628
119,112,0.739
119,113,0.678
119,114,0.503
119,115,0.683
119,116,0.517
119,117,0.368
119,118,0.503
119,119,0.231
119,120,1.969
119,121,1.326
119,122,0.833
119,123,2.317
119,124,1.752
119,125,1.559
119,126,0.714
119,127,1.559
119,128,1.832
119,129,2.34
119,130,2.398
119,131,2.642
119,132,2.318
120,1,1.054
120,2,1.164
120,3,1.283
120,4,1.425
120,5,1.526
120,6,1.086
120,7,1.205
120,8,1.297
120,9,1.426
120,10,1.564
120,11,1.653
120,12,1.506
120,13,1.616
120,14,1.716
120,15,1.613
120,16,1.705
120,17,1.818
120,18,1.689
120,19,1.837
120,20,1.939
120,21,1.821
120,22,1.825
120,23,1.942
120,24,2.121
120,25,1.958
120,26,2.033
120,27,2.171
120,28,2.168
120,29,2.322
120,30,0.614
120,31,0.579
120,32,0.722
120,33,0.939
120,34,0.486
120,35,0.68
120,36,0.854
120,37,1.021
120,38,0.514
120,39,0.557
120,40,0.724
120,41,0.876
120,42,0.585
120,43,0.547
120,44,0.734
120,45,0.882
120,46,1.041
120,47,1.146
120,48,1.277
120,49,1.387
120,50,1.124
120,51,1.253
120,52,1.37
120,53,1.524
120,54,1.16
120,55,1.154
120,56,1.334
120,57,1.443
120,58,1
120,59,1.12
120,60,1.244
120,61,1.386
120,62,0.775
120,63,0.827
120,64,0.986
120,65,0.946
120,66,0.889
120,67,0.943
120,68,1.084
120,69,1.056
120,70,1.097
120,71,1.233
120,72,1.16
120,73,1.225
120,74,1.502
120,75,1.283
120,76,1.428
120,77,1.217
120,78,1.274
120,79,1.433
120,80,1.331
120,81,1.42
120,82,1.508
120,83,1.452
120,84,1.625
120,85,1.725
120,86,1.766
120,87,1.59
120,88,1.769
120,89,1.71
120,90,1.902
120,91,1.932
120,92,1.844
120,93,1.907
120,94,2.028
120,95,2.115
120,96,2.064
120,97,2.039
120,98,2.129
120,99,2.287
120,100,2.344
120,101,2.416
120,102,2.111
120,103,2.269
120,104,2.403
120,105,2.409
120,106,2.587
120,107,2.544
120,108,2.28
120,109,2.374
120,110,1.58
120,111,1.43
120,112,1.567
120,113,1.652
120,114,1.554
120,115,1.663
120,116,1.835
120,117,1.686
120,118,1.836
120,119,2.022
120,120,0.187
120,121,1.09
120,122,2.652
120,123,0.674
120,124,0.751
120,125,1.13
120,126,1.942
120,127,2.642
120,128,2.911
120,129,3.227
120,130,1.315
120,131,1.503
120,132,0.897
121,1,1.03
121,2,1.165
121,3,1.306
121,4,1.438
121,5,1.532
121,6,0.909
121,7,1.042
121,8,1.186
121,9,1.32
121,10,1.454
121,11,1.534
121,12,1.22
121,13,1.328
121,14,1.428
121,15,1.168
121,16,1.28
121,17,1.429
121,18,1.245
121,19,1.392
121,20,1.532
121,21,1.336
121,22,1.38
121,23,1.484
121,24,1.683
121,25,1.491
121,26,1.574
121,27,1.713
121,28,1.686
121,29,1.832
121,30,1.103
121,31,1.068
121,32,1.21
121,33,1.427
121,34,1.041
121,35,1.118
121,36,1.098
121,37,1.275
121,38,0.758
121,39,0.801
121,40,0.968
121,41,1.12
121,42,0.618
121,43,0.791
121,44,0.845
121,45,1.004
121,46,1.529
121,47,1.635
121,48,1.766
121,49,1.876
121,50,1.416
121,51,1.591
121,52,1.679
121,53,1.823
121,54,1.382
121,55,1.398
121,56,1.532
121,57,1.642
121,58,1.201
121,59,1.274
121,60,1.398
121,61,1.54
121,62,0.75
121,63,0.732
121,64,0.968
121,65,0.69
121,66,0.633
121,67,0.781
121,68,0.563
121,69,0.535
121,70,0.637
121,71,0.596
121,72,0.523
121,73,0.662
121,74,0.45
121,75,0.59
121,76,0.795
121,77,0.783
121,78,0.947
121,79,1.133
121,80,0.768
121,81,0.864
121,82,0.994
121,83,0.848
121,84,1.072
121,85,1.174
121,86,1.19
121,87,0.985
121,88,1.169
121,89,1.074
121,90,1.266
121,91,1.357
121,92,1.208
121,93,1.272
121,94,1.392
121,95,1.54
121,96,1.428
121,97,1.403
121,98,1.493
121,99,1.712
121,100,1.828
121,101,1.927
121,102,1.476
121,103,1.634
121,104,1.767
121,105,1.773
121,106,1.951
121,107,2.054
121,108,1.645
121,109,1.738
121,110,0.726
121,111,0.736
121,112,0.891
121,113,0.959
121,114,0.86
121,115,0.97
121,116,1.038
121,117,0.992
121,118,1.143
121,119,1.329
121,120,0.998
121,121,0.28
121,122,2.016
121,123,1.145
121,124,0.58
121,125,0.581
121,126,0.974
121,127,2.184
121,128,2.457
121,129,2.82
121,130,1.804
121,131,1.991
121,132,1.386
122,1,1.77
122,2,1.702
122,3,1.591
122,4,1.6
122,5,1.651
122,6,1.649
122,7,1.576
122,8,1.495
122,9,1.459
122,10,1.552
122,11,1.588
122,12,1.328
122,13,1.381
122,14,1.457
122,15,1.183
122,16,1.247
122,17,1.331
122,18,1.041
122,19,1.111
122,20,1.209
122,21,1.022
122,22,0.884
122,23,0.978
122,24,1.172
122,25,0.75
122,26,0.845
122,27,0.978
122,28,0.715
122,29,0.862
122,30,2.681
122,31,2.58
122,32,2.503
122,33,2.318
122,34,2.619
122,35,2.395
122,36,2.35
122,37,2.22
122,38,2.336
122,39,2.332
122,40,2.204
122,41,2.111
122,42,2.244
122,43,2.169
122,44,2.085
122,45,1.98
122,46,2.329
122,47,2.227
122,48,2.166
122,49,2.227
122,50,2.113
122,51,2.083
122,52,2.014
122,53,2.116
122,54,1.972
122,55,1.91
122,56,1.844
122,57,1.893
122,58,1.87
122,59,1.786
122,60,1.724
122,61,1.787
122,62,2.026
122,63,1.99
122,64,1.865
122,65,1.961
122,66,1.904
122,67,1.766
122,68,1.835
122,69,1.687
122,70,1.622
122,71,1.676
122,72,1.64
122,73,1.493
122,74,1.663
122,75,1.47
122,76,1.323
122,77,1.517
122,78,1.489
122,79,1.411
122,80,1.361
122,81,1.372
122,82,1.278
122,83,1.229
122,84,1.199
122,85,1.145
122,86,1.144
122,87,1.092
122,88,1.055
122,89,0.959
122,90,0.896
122,91,0.905
122,92,0.826
122,93,0.746
122,94,0.745
122,95,0.615
122,96,0.696
122,97,0.676
122,98,0.576
122,99,0.51
122,100,0.604
122,101,0.755
122,102,0.626
122,103,0.555
122,104,0.421
122,105,0.376
122,106,0.554
122,107,0.703
122,108,0.51
122,109,0.329
122,110,1.459
122,111,1.364
122,112,1.298
122,113,1.434
122,114,1.272
122,115,1.141
122,116,1.287
122,117,1.138
122,118,0.984
122,119,0.833
122,120,2.613
122,121,2.029
122,122,0.29
122,123,3.001
122,124,2.456
122,125,2.272
122,126,1.497
122,127,1.213
122,128,1.49
122,129,1.998
122,130,2.363
122,131,2.607
122,132,2.86
123,1,1.425
123,2,1.548
123,3,1.667
123,4,1.808
123,5,1.91
123,6,1.409
123,7,1.528
123,8,1.62
123,9,1.764
123,10,1.901
123,11,1.99
123,12,1.83
123,13,1.939
123,14,2.04
123,15,1.952
123,16,2.044
123,17,2.142
123,18,2.028
123,19,2.176
123,20,2.262
123,21,2.16
123,22,2.164
123,23,2.281
123,24,2.444
123,25,2.297
123,26,2.372
123,27,2.51
123,28,2.507
123,29,2.66
123,30,1.131
123,31,1.096
123,32,1.239
123,33,1.456
123,34,1.003
123,35,1.197
123,36,1.238
123,37,1.414
123,38,0.898
123,39,0.941
123,40,1.107
123,41,1.26
123,42,0.9
123,43,0.93
123,44,1.118
123,45,1.265
123,46,1.558
123,47,1.664
123,48,1.794
123,49,1.904
123,50,1.556
123,51,1.731
123,52,1.818
123,53,1.962
123,54,1.543
123,55,1.538
123,56,1.717
123,57,1.827
123,58,1.383
123,59,1.504
123,60,1.628
123,61,1.77
123,62,1.12
123,63,1.172
123,64,1.315
123,65,1.291
123,66,1.234
123,67,1.28
123,68,1.429
123,69,1.401
123,70,1.434
123,71,1.578
123,72,1.505
123,73,1.562
123,74,1.556
123,75,1.581
123,76,1.766
123,77,1.541
123,78,1.612
123,79,1.757
123,80,1.668
123,81,1.759
123,82,1.847
123,83,1.79
123,84,1.964
123,85,2.064
123,86,2.104
123,87,1.927
123,88,2.108
123,89,2.047
123,90,2.24
123,91,2.271
123,92,2.181
123,93,2.245
123,94,2.366
123,95,2.454
123,96,2.401
123,97,2.376
123,98,2.466
123,99,2.626
123,100,2.683
123,101,2.755
123,102,2.449
123,103,2.607
123,104,2.74
123,105,2.746
123,106,2.924
123,107,2.882
123,108,2.618
123,109,2.711
123,110,1.832
123,111,1.728
123,112,1.883
123,113,1.951
123,114,1.852
123,115,1.961
123,116,2.126
123,117,1.984
123,118,2.135
123,119,2.321
123,120,0.607
123,121,1.145
123,122,2.989
123,123,0.253
123,124,0.615
123,125,1.012
123,126,1.904
123,127,2.975
123,128,3.235
123,129,3.55
123,130,1.731
123,131,1.779
123,132,1.129
124,1,1.352
124,2,1.495
124,3,1.635
124,4,1.777
124,5,1.878
124,6,1.336
124,7,1.455
124,8,1.547
124,9,1.691
124,10,1.828
124,11,1.917
124,12,1.647
124,13,1.754
124,14,1.855
124,15,1.595
124,16,1.706
124,17,1.855
124,18,1.671
124,19,1.819
124,20,1.959
124,21,1.763
124,22,1.807
124,23,1.911
124,24,2.11
124,25,1.918
124,26,2.001
124,27,2.14
124,28,2.112
124,29,2.258
124,30,1.289
124,31,1.254
124,32,1.397
124,33,1.614
124,34,1.161
124,35,1.348
124,36,1.328
124,37,1.505
124,38,0.988
124,39,1.031
124,40,1.198
124,41,1.35
124,42,0.889
124,43,1.021
124,44,1.116
124,45,1.275
124,46,1.716
124,47,1.822
124,48,1.952
124,49,2.062
124,50,1.646
124,51,1.821
124,52,1.909
124,53,2.053
124,54,1.634
124,55,1.628
124,56,1.808
124,57,1.917
124,58,1.472
124,59,1.592
124,60,1.716
124,61,1.858
124,62,1.021
124,63,1.003
124,64,1.242
124,65,1.101
124,66,1.044
124,67,1.098
124,68,0.99
124,69,0.961
124,70,1.064
124,71,1.022
124,72,0.949
124,73,1.089
124,74,0.991
124,75,1.016
124,76,1.222
124,77,1.21
124,78,1.374
124,79,1.56
124,80,1.194
124,81,1.291
124,82,1.421
124,83,1.274
124,84,1.499
124,85,1.601
124,86,1.617
124,87,1.412
124,88,1.596
124,89,1.5
124,90,1.693
124,91,1.784
124,92,1.635
124,93,1.698
124,94,1.819
124,95,1.966
124,96,1.854
124,97,1.83
124,98,1.92
124,99,2.138
124,100,2.255
124,101,2.353
124,102,1.902
124,103,2.06
124,104,2.194
124,105,2.2
124,106,2.378
124,107,2.48
124,108,2.071
124,109,2.165
124,110,1.266
124,111,1.163
124,112,1.318
124,113,1.386
124,114,1.287
124,115,1.396
124,116,1.56
124,117,1.419
124,118,1.57
124,119,1.756
124,120,0.763
124,121,0.58
124,122,2.443
124,123,0.615
124,124,0.162
124,125,0.447
124,126,1.339
124,127,2.61
124,128,2.884
124,129,3.247
124,130,1.99
124,131,2.152
124,132,1.502
125,1,1.503
125,2,1.639
125,3,1.759
125,4,1.851
125,5,1.944
125,6,1.383
125,7,1.515
125,8,1.638
125,9,1.711
125,10,1.845
125,11,1.934
125,12,1.607
125,13,1.728
125,14,1.828
125,15,1.476
125,16,1.612
125,17,1.772
125,18,1.552
125,19,1.7
125,20,1.84
125,21,1.572
125,22,1.639
125,23,1.737
125,24,1.936
125,25,1.727
125,26,1.827
125,27,1.966
125,28,1.922
125,29,2.068
125,30,1.645
125,31,1.61
125,32,1.752
125,33,1.969
125,34,1.526
125,35,1.66
125,36,1.64
125,37,1.817
125,38,1.3
125,39,1.343
125,40,1.51
125,41,1.662
125,42,1.16
125,43,1.333
125,44,1.387
125,45,1.546
125,46,2.071
125,47,2.177
125,48,2.308
125,49,2.414
125,50,1.958
125,51,2.133
125,52,2.176
125,53,2.322
125,54,1.855
125,55,1.94
125,56,2.006
125,57,2.115
125,58,1.688
125,59,1.748
125,60,1.872
125,61,2.014
125,62,1.292
125,63,1.274
125,64,1.442
125,65,1.232
125,66,1.175
125,67,1.254
125,68,1.105
125,69,1.077
125,70,1.111
125,71,1.1
125,72,1.064
125,73,1.022
125,74,0.613
125,75,1.08
125,76,1.031
125,77,1.257
125,78,1.421
125,79,1.559
125,80,1.116
125,81,1.231
125,82,1.361
125,83,1.084
125,84,1.308
125,85,1.41
125,86,1.426
125,87,1.221
125,88,1.405
125,89,1.31
125,90,1.502
125,91,1.593
125,92,1.444
125,93,1.508
125,94,1.628
125,95,1.776
125,96,1.664
125,97,1.639
125,98,1.729
125,99,1.948
125,100,2.064
125,101,2.163
125,102,1.712
125,103,1.87
125,104,2.003
125,105,2.009
125,106,2.187
125,107,2.29
125,108,1.881
125,109,1.974
125,110,0.888
125,111,1.022
125,112,1.127
125,113,1.189
125,114,1.09
125,115,1.2
125,116,1.178
125,117,1.223
125,118,1.373
125,119,1.559
125,120,1.129
125,121,0.581
125,122,2.252
125,123,1.012
125,124,0.447
125,125,0.162
125,126,0.957
125,127,2.422
125,128,2.696
125,129,3.091
125,130,2.346
125,131,2.533
125,132,1.897
126,1,1.625
126,2,1.76
126,3,1.859
126,4,1.951
126,5,2.044
126,6,1.504
126,7,1.635
126,8,1.737
126,9,1.81
126,10,1.944
126,11,2.033
126,12,1.706
126,13,1.827
126,14,1.928
126,15,1.576
126,16,1.693
126,17,1.812
126,18,1.488
126,19,1.633
126,20,1.773
126,21,1.333
126,22,1.524
126,23,1.652
126,24,1.84
126,25,1.39
126,26,1.525
126,27,1.646
126,28,1.46
126,29,1.606
126,30,2.038
126,31,2.002
126,32,2.092
126,33,2.177
126,34,1.976
126,35,1.978
126,36,1.944
126,37,2.004
126,38,1.693
126,39,1.736
126,40,1.813
126,41,1.85
126,42,1.553
126,43,1.694
126,44,1.646
126,45,1.723
126,46,2.368
126,47,2.436
126,48,2.449
126,49,2.536
126,50,2.118
126,51,2.29
126,52,2.298
126,53,2.444
126,54,1.977
126,55,2.119
126,56,2.128
126,57,2.237
126,58,1.809
126,59,1.869
126,60,1.993
126,61,2.135
126,62,1.55
126,63,1.533
126,64,1.604
126,65,1.434
126,66,1.377
126,67,1.416
126,68,1.308
126,69,1.279
126,70,1.273
126,71,1.142
126,72,1.106
126,73,1.184
126,74,1.006
126,75,0.934
126,76,1.077
126,77,1.372
126,78,1.525
126,79,1.658
126,80,1.216
126,81,1.33
126,82,1.461
126,83,1.084
126,84,1.284
126,85,1.354
126,86,1.302
126,87,1.095
126,88,1.204
126,89,1.019
126,90,1.165
126,91,1.27
126,92,0.923
126,93,1.029
126,94,1.167
126,95,1.314
126,96,1.012
126,97,1.154
126,98,1.251
126,99,1.486
126,100,1.59
126,101,1.701
126,102,0.904
126,103,1.094
126,104,1.228
126,105,1.362
126,106,1.54
126,107,1.689
126,108,1.074
126,109,1.198
126,110,0.805
126,111,0.799
126,112,0.91
126,113,0.587
126,114,0.75
126,115,0.879
126,116,0.524
126,117,0.659
126,118,0.809
126,119,0.707
126,120,1.93
126,121,0.974
126,122,1.491
126,123,1.904
126,124,1.339
126,125,0.956
126,126,0.364
126,127,1.961
126,128,2.234
126,129,2.742
126,130,2.572
126,131,2.816
126,132,2.321
127,1,1.691
127,2,1.62
127,3,1.496
127,4,1.402
127,5,1.383
127,6,1.668
127,7,1.527
127,8,1.438
127,9,1.341
127,10,1.27
127,11,1.229
127,12,1.25
127,13,1.103
127,14,1.089
127,15,1.123
127,16,0.99
127,17,0.884
127,18,1
127,19,0.889
127,20,0.762
127,21,1.004
127,22,0.922
127,23,0.755
127,24,0.677
127,25,0.787
127,26,0.656
127,27,0.496
127,28,0.545
127,29,0.379
127,30,2.602
127,31,2.498
127,32,2.421
127,33,2.223
127,34,2.54
127,35,2.313
127,36,2.255
127,37,2.125
127,38,2.329
127,39,2.266
127,40,2.122
127,41,2.019
127,42,2.239
127,43,2.162
127,44,2.052
127,45,1.898
127,46,2.188
127,47,2.086
127,48,1.978
127,49,1.996
127,50,2.018
127,51,1.942
127,52,1.859
127,53,1.885
127,54,1.877
127,55,1.769
127,56,1.703
127,57,1.676
127,58,1.775
127,59,1.691
127,60,1.583
127,61,1.525
127,62,2.019
127,63,1.988
127,64,1.847
127,65,2.059
127,66,2.002
127,67,1.777
127,68,1.932
127,69,1.784
127,70,1.72
127,71,1.858
127,72,1.822
127,73,1.623
127,74,1.845
127,75,1.666
127,76,1.519
127,77,1.582
127,78,1.44
127,79,1.362
127,80,1.489
127,81,1.34
127,82,1.208
127,83,1.385
127,84,1.252
127,85,1.116
127,86,1.166
127,87,1.288
127,88,1.214
127,89,1.19
127,90,1.056
127,91,0.943
127,92,1.117
127,93,0.951
127,94,0.8
127,95,0.67
127,96,1.207
127,97,1.082
127,98,1.13
127,99,0.766
127,100,0.673
127,101,0.575
127,102,1.314
127,103,1.162
127,104,1.028
127,105,0.894
127,106,0.802
127,107,0.662
127,108,1.483
127,109,1.4
127,110,1.655
127,111,1.56
127,112,1.494
127,113,1.63
127,114,1.531
127,115,1.337
127,116,1.578
127,117,1.428
127,118,1.275
127,119,1.564
127,120,2.608
127,121,2.199
127,122,1.223
127,123,2.996
127,124,2.626
127,125,2.454
127,126,1.967
127,127,0.252
127,128,0.464
127,129,0.972
127,130,2.222
127,131,2.466
127,132,2.766
128,1,1.892
128,2,1.82
128,3,1.697
128,4,1.602
128,5,1.584
128,6,1.893
128,7,1.752
128,8,1.639
128,9,1.541
128,10,1.47
128,11,1.43
128,12,1.451
128,13,1.303
128,14,1.29
128,15,1.323
128,16,1.19
128,17,1.084
128,18,1.264
128,19,1.1
128,20,0.963
128,21,1.278
128,22,1.196
128,23,1.029
128,24,0.877
128,25,1.061
128,26,0.929
128,27,0.77
128,28,0.819
128,29,0.652
128,30,2.803
128,31,2.698
128,32,2.622
128,33,2.423
128,34,2.74
128,35,2.513
128,36,2.456
128,37,2.325
128,38,2.555
128,39,2.466
128,40,2.322
128,41,2.22
128,42,2.457
128,43,2.388
128,44,2.253
128,45,2.098
128,46,2.389
128,47,2.286
128,48,2.178
128,49,2.197
128,50,2.219
128,51,2.143
128,52,2.059
128,53,2.085
128,54,2.077
128,55,1.969
128,56,1.904
128,57,1.877
128,58,1.976
128,59,1.891
128,60,1.784
128,61,1.726
128,62,2.244
128,63,2.203
128,64,2.048
128,65,2.313
128,66,2.256
128,67,2.002
128,68,2.187
128,69,2.039
128,70,1.974
128,71,2.124
128,72,2.088
128,73,1.878
128,74,2.11
128,75,1.94
128,76,1.792
128,77,1.816
128,78,1.666
128,79,1.584
128,80,1.744
128,81,1.595
128,82,1.463
128,83,1.659
128,84,1.525
128,85,1.39
128,86,1.44
128,87,1.561
128,88,1.488
128,89,1.464
128,90,1.33
128,91,1.217
128,92,1.391
128,93,1.225
128,94,1.074
128,95,0.944
128,96,1.481
128,97,1.356
128,98,1.403
128,99,1.04
128,100,0.947
128,101,0.849
128,102,1.588
128,103,1.435
128,104,1.302
128,105,1.168
128,106,1.076
128,107,0.936
128,108,1.757
128,109,1.674
128,110,1.928
128,111,1.834
128,112,1.767
128,113,1.904
128,114,1.805
128,115,1.61
128,116,1.851
128,117,1.702
128,118,1.549
128,119,1.838
128,120,2.826
128,121,2.454
128,122,1.499
128,123,3.214
128,124,2.88
128,125,2.719
128,126,2.241
128,127,0.462
128,128,0.228
128,129,0.517
128,130,2.422
128,131,2.666
128,132,2.966
129,1,2.261
129,2,2.19
129,3,2.066
129,4,1.972
129,5,1.953
129,6,2.262
129,7,2.122
129,8,2.008
129,9,1.911
129,10,1.84
129,11,1.799
129,12,1.82
129,13,1.672
129,14,1.659
129,15,1.693
129,16,1.559
129,17,1.454
129,18,1.633
129,19,1.47
129,20,1.332
129,21,1.669
129,22,1.568
129,23,1.421
129,24,1.247
129,25,1.454
129,26,1.322
129,27,1.164
129,28,1.326
129,29,1.16
129,30,3.172
129,31,3.068
129,32,2.991
129,33,2.792
129,34,3.11
129,35,2.883
129,36,2.825
129,37,2.694
129,38,2.924
129,39,2.836
129,40,2.692
129,41,2.589
129,42,2.826
129,43,2.757
129,44,2.622
129,45,2.467
129,46,2.758
129,47,2.656
129,48,2.547
129,49,2.566
129,50,2.588
129,51,2.512
129,52,2.429
129,53,2.454
129,54,2.447
129,55,2.339
129,56,2.273
129,57,2.246
129,58,2.345
129,59,2.261
129,60,2.153
129,61,2.095
129,62,2.614
129,63,2.572
129,64,2.417
129,65,2.682
129,66,2.626
129,67,2.372
129,68,2.556
129,69,2.408
129,70,2.344
129,71,2.493
129,72,2.457
129,73,2.247
129,74,2.479
129,75,2.369
129,76,2.204
129,77,2.185
129,78,2.035
129,79,1.953
129,80,2.113
129,81,1.964
129,82,1.832
129,83,2.031
129,84,1.898
129,85,1.762
129,86,1.809
129,87,2.034
129,88,1.874
129,89,1.937
129,90,1.729
129,91,1.609
129,92,1.898
129,93,1.732
129,94,1.581
129,95,1.451
129,96,1.989
129,97,1.864
129,98,1.911
129,99,1.548
129,100,1.455
129,101,1.357
129,102,2.096
129,103,1.943
129,104,1.809
129,105,1.676
129,106,1.584
129,107,1.444
129,108,2.265
129,109,2.182
129,110,2.401
129,111,2.307
129,112,2.197
129,113,2.377
129,114,2.278
129,115,2.083
129,116,2.359
129,117,2.21
129,118,2.057
129,119,2.345
129,120,3.195
129,121,2.823
129,122,2.007
129,123,3.583
129,124,3.25
129,125,3.088
129,126,2.748
129,127,0.97
129,128,0.517
129,129,0.273
129,130,2.792
129,131,3.036
129,132,3.335
130,1,0.948
130,2,0.843
130,3,0.808
130,4,0.905
130,5,0.961
130,6,1.082
130,7,0.995
130,8,0.982
130,9,0.95
130,10,1.032
130,11,1.121
130,12,1.076
130,13,1.147
130,14,1.224
130,15,1.271
130,16,1.276
130,17,1.348
130,18,1.347
130,19,1.41
130,20,1.469
130,21,1.54
130,22,1.483
130,23,1.545
130,24,1.651
130,25,1.616
130,26,1.67
130,27,1.788
130,28,1.806
130,29,1.948
130,30,1.01
130,31,0.745
130,32,0.63
130,33,0.539
130,34,0.988
130,35,1.099
130,36,0.853
130,37,0.665
130,38,1.136
130,39,1.135
130,40,0.929
130,41,0.816
130,42,1.298
130,43,1.26
130,44,1.067
130,45,0.96
130,46,0.335
130,47,0.275
130,48,0.303
130,49,0.413
130,50,0.649
130,51,0.386
130,52,0.419
130,53,0.55
130,54,0.665
130,55,0.672
130,56,0.555
130,57,0.753
130,58,0.845
130,59,0.713
130,60,0.68
130,61,0.742
130,62,1.342
130,63,1.209
130,64,1.09
130,65,1.443
130,66,1.386
130,67,1.269
130,68,1.581
130,69,1.529
130,70,1.423
130,71,1.73
130,72,1.657
130,73,1.463
130,74,1.837
130,75,1.78
130,76,1.606
130,77,1.213
130,78,1.12
130,79,1.077
130,80,1.37
130,81,1.328
130,82,1.227
130,83,1.491
130,84,1.45
130,85,1.443
130,86,1.518
130,87,1.629
130,88,1.583
130,89,1.762
130,90,1.709
130,91,1.683
130,92,1.896
130,93,1.836
130,94,1.862
130,95,1.773
130,96,2.092
130,97,1.967
130,98,2.057
130,99,1.945
130,100,1.982
130,101,2.051
130,102,2.163
130,103,2.235
130,104,2.167
130,105,2.122
130,106,2.252
130,107,2.178
130,108,2.332
130,109,2.34
130,110,1.998
130,111,1.885
130,112,1.72
130,113,2.031
130,114,1.933
130,115,1.871
130,116,2.214
130,117,2.065
130,118,1.99
130,119,2.397
130,120,1.315
130,121,1.804
130,122,2.365
130,123,1.735
130,124,1.986
130,125,2.346
130,126,2.572
130,127,2.181
130,128,2.441
130,129,2.757
130,130,0.186
130,131,0.271
130,132,0.709
131,1,1.192
131,2,1.087
131,3,1.052
131,4,1.149
131,5,1.205
131,6,1.326
131,7,1.239
131,8,1.226
131,9,1.194
131,10,1.276
131,11,1.365
131,12,1.32
131,13,1.391
131,14,1.468
131,15,1.515
131,16,1.52
131,17,1.592
131,18,1.591
131,19,1.654
131,20,1.713
131,21,1.784
131,22,1.727
131,23,1.789
131,24,1.895
131,25,1.86
131,26,1.914
131,27,2.032
131,28,2.05
131,29,2.192
131,30,1.132
131,31,0.933
131,32,0.861
131,33,0.783
131,34,1.176
131,35,1.286
131,36,1.04
131,37,0.909
131,38,1.324
131,39,1.323
131,40,1.116
131,41,1.06
131,42,1.486
131,43,1.448
131,44,1.254
131,45,1.204
131,46,0.579
131,47,0.519
131,48,0.545
131,49,0.655
131,50,0.893
131,51,0.63
131,52,0.663
131,53,0.792
131,54,0.909
131,55,0.916
131,56,0.799
131,57,0.997
131,58,1.089
131,59,0.957
131,60,0.924
131,61,0.986
131,62,1.529
131,63,1.396
131,64,1.334
131,65,1.63
131,66,1.574
131,67,1.513
131,68,1.769
131,69,1.74
131,70,1.667
131,71,1.917
131,72,1.844
131,73,1.707
131,74,2.081
131,75,1.968
131,76,1.85
131,77,1.457
131,78,1.364
131,79,1.321
131,80,1.614
131,81,1.572
131,82,1.471
131,83,1.735
131,84,1.694
131,85,1.687
131,86,1.762
131,87,1.873
131,88,1.827
131,89,2.006
131,90,1.953
131,91,1.927
131,92,2.14
131,93,2.08
131,94,2.106
131,95,2.017
131,96,2.336
131,97,2.211
131,98,2.301
131,99,2.189
131,100,2.226
131,101,2.295
131,102,2.407
131,103,2.479
131,104,2.411
131,105,2.366
131,106,2.496
131,107,2.422
131,108,2.576
131,109,2.584
131,110,2.242
131,111,2.114
131,112,1.964
131,113,2.275
131,114,2.177
131,115,2.115
131,116,2.458
131,117,2.309
131,118,2.234
131,119,2.641
131,120,1.503
131,121,1.991
131,122,2.609
131,123,1.785
131,124,2.159
131,125,2.533
131,126,2.816
131,127,2.425
131,128,2.685
131,129,3.001
131,130,0.271
131,131,0.205
131,132,0.674
132,1,1.151
132,2,1.211
132,3,1.292
132,4,1.433
132,5,1.535
132,6,1.281
132,7,1.362
132,8,1.454
132,9,1.443
132,10,1.58
132,11,1.669
132,12,1.569
132,13,1.679
132,14,1.764
132,15,1.764
132,16,1.808
132,17,1.882
132,18,1.841
132,19,1.942
132,20,2.002
132,21,2.009
132,22,1.976
132,23,2.077
132,24,2.184
132,25,2.11
132,26,2.202
132,27,2.321
132,28,2.338
132,29,2.481
132,30,0.493
132,31,0.563
132,32,0.492
132,33,0.582
132,34,0.57
132,35,0.698
132,36,0.671
132,37,0.664
132,38,0.718
132,39,0.832
132,40,0.747
132,41,0.815
132,42,0.88
132,43,0.842
132,44,0.885
132,45,0.959
132,46,0.684
132,47,0.79
132,48,0.92
132,49,1.03
132,50,0.767
132,51,0.896
132,52,1.013
132,53,1.167
132,54,0.894
132,55,1.203
132,56,1.145
132,57,1.347
132,58,1.067
132,59,1.128
132,60,1.252
132,61,1.336
132,62,1.071
132,63,1.027
132,64,1.088
132,65,1.241
132,66,1.184
132,67,1.231
132,68,1.38
132,69,1.351
132,70,1.385
132,71,1.528
132,72,1.455
132,73,1.513
132,74,1.797
132,75,1.578
132,76,1.677
132,77,1.412
132,78,1.48
132,79,1.557
132,80,1.569
132,81,1.626
132,82,1.696
132,83,1.69
132,84,1.831
132,85,1.913
132,86,1.972
132,87,1.828
132,88,1.975
132,89,1.958
132,90,2.111
132,91,2.139
132,92,2.092
132,93,2.156
132,94,2.277
132,95,2.267
132,96,2.312
132,97,2.287
132,98,2.377
132,99,2.439
132,100,2.514
132,101,2.584
132,102,2.36
132,103,2.518
132,104,2.652
132,105,2.616
132,106,2.784
132,107,2.712
132,108,2.529
132,109,2.622
132,110,1.875
132,111,1.725
132,112,1.816
132,113,1.948
132,114,1.849
132,115,1.958
132,116,2.13
132,117,1.981
132,118,2.112
132,119,2.318
132,120,0.897
132,121,1.386
132,122,2.858
132,123,1.132
132,124,1.506
132,125,1.9
132,126,2.321
132,127,2.714
132,128,2.974
132,129,3.29
132,130,0.709
132,131,0.674
132,132,0.267
